"cycle_id","measure_time","measurement_row_n","prefix24_estimate_n","distinct_target_ip_estimate_n","structured_path_nonempty_row_n","reached_target_row_n","responded_hop_sum","star_hop_sum","target_hash_xor","target_hash_sum","measurement_hash_xor","measurement_hash_sum"
202406221628,"2024-06-22 08:28:49.000000",169008,42802,169098,169008,21388,1018745,417401,80804988253462665,13961024049443134877,7592597064392204217,2292091255707536949
202406221728,"2024-06-22 09:28:49.000000",168634,42802,168757,168634,20829,989025,432236,4029296450629456010,133889578106112944,10461884952384228330,17429874197009234348
202406221828,"2024-06-22 10:28:49.000000",168460,42802,168663,168460,21004,1000300,430310,15710333957073277275,7626639229719689119,8539825491048497814,18408930325327183414
202406221928,"2024-06-22 11:28:49.000000",168255,42802,168529,168255,21554,979061,446240,9480931514507581077,14017722528379109955,571120390392692484,17204097573197230586
202406222028,"2024-06-22 12:28:49.000000",168530,42802,168725,168530,23034,982286,454249,15139795834404139599,3827855954806899253,4114806451382096969,16605595438953382007
202406222128,"2024-06-22 13:28:49.000000",168557,42802,167538,168557,23833,1000076,442798,3221099692853418666,14406396816086422544,112205804857882587,12913968074550190991
202406222228,"2024-06-22 14:28:49.000000",168354,42802,168794,168354,23780,986339,454810,5462299035662209689,12955455320461544413,17224881416086429334,12332278273740399480
202406222328,"2024-06-22 15:28:49.000000",168683,42802,169106,168683,23489,1010355,436731,8157828075315752903,11949840119672397581,4622109907519646769,9457054754948365607
202406230028,"2024-06-22 16:28:49.000000",168022,42802,167977,168022,23565,980615,455489,8281730242928046498,14851754528149325518,14272263038574469076,17461025833230312520
202406230128,"2024-06-22 17:28:49.000000",168140,42802,168309,168140,23616,986996,454760,955297863380301447,17087206314916980891,18355893918538661917,1471553334169466547
202406230228,"2024-06-22 18:28:49.000000",168134,42802,168081,168134,23072,980553,452798,7816001217817238117,7497908816550488185,5321334363126042728,16420503131397563760
202406230328,"2024-06-22 19:28:49.000000",168093,42802,167653,168093,23455,973702,459640,11815956616034799260,14062354349890558718,7774854964665709084,323764799231814454
202406230428,"2024-06-22 20:28:49.000000",168382,42802,167783,168382,23882,1005856,438740,6149024115048083071,7141504133290582475,9507369684694055495,4564217781646925809
202406230528,"2024-06-22 21:28:49.000000",170778,42802,170072,170778,23911,1233353,278492,13900063787858243446,2382177126213804512,2655029437120430069,6152747458015589567
202406230628,"2024-06-22 22:28:49.000000",170868,42802,170553,170868,24217,1259742,262632,12471543981012185081,8366600552290262097,15989759546263601568,6249734211020715712
202406230728,"2024-06-22 23:28:49.000000",170859,42802,170457,170859,24407,1263134,259626,13788196292701767213,6517590160087880393,8713071191225179634,5869352009455178748
202406230828,"2024-06-23 00:28:49.000000",170897,42802,171493,170897,23032,1268665,245772,12102102401120479272,13348033698935106386,13143597935462058809,16984419526176167569
202406230928,"2024-06-23 01:28:49.000000",170945,42802,171286,170945,22704,1267000,247496,13186616477286772549,16380398712424835561,10539516195603176770,5850272960233229080
202406231028,"2024-06-23 02:28:49.000000",170887,42802,170167,170887,22868,1263399,253422,17501494867738214017,9517737671899319949,17427372843377736057,5925250431709436661
202406231128,"2024-06-23 03:28:49.000000",170865,42802,170497,170865,23075,1265394,250713,10458351925055650393,7316941268872813383,12338217292314391752,17292164225805343450
202406231228,"2024-06-23 04:28:49.000000",170820,42802,170230,170820,22376,1262790,248597,13274598465424071928,9578200856645706012,14650502328118659413,6380772260820284085
202406231328,"2024-06-23 05:28:49.000000",170935,42802,170795,170935,22650,1269391,246779,5346607852223634087,16631503867372382621,9607232586505244384,16115230671160192484
202406231428,"2024-06-23 06:28:49.000000",170904,42802,170677,170904,23158,1263558,253022,6591504884331891106,13223788408296576724,3538369515239268281,11374923593012721765
202406231528,"2024-06-23 07:28:49.000000",170839,42802,170766,170839,23120,1261463,255019,393123984503662677,4712838328931620165,15828960790285668372,8244792239985641124
202406231628,"2024-06-23 08:28:49.000000",170852,42802,170523,170852,23156,1261583,254904,8244532282254880133,17739189223456625597,5448064545377646522,8080166247218633842
202406231728,"2024-06-23 09:28:49.000000",170893,42802,171619,170893,23047,1264574,253418,6068181079408036008,16000520143021156590,1270722534303267110,8735149187961323110
202406231828,"2024-06-23 10:28:49.000000",170885,42802,171282,170885,22730,1262794,250378,14131294035756740399,6344622579764375577,14613469358241653389,15642244538612813275
202406231928,"2024-06-23 11:28:49.000000",170950,42802,170891,170950,22828,1262371,248149,17452566996620895947,13442364823601092453,2005859466522717165,10665301571316581059
202406232028,"2024-06-23 12:28:49.000000",170900,42802,171182,170900,24451,1261620,255222,14600648839655206432,6176708967599726672,3780669597646990819,6371018867208875779
202406232128,"2024-06-23 13:28:49.000000",170923,42802,171108,170923,21054,1267495,244734,4743331007185238022,13310580435957801384,13944912691383011280,1691465578560259372
202406232228,"2024-06-23 14:28:49.000000",170895,42802,170281,170895,20933,1266059,244269,8944873474381976905,1208573985094647951,16238792371909026725,3576984554682539561
202406232328,"2024-06-23 15:28:49.000000",170966,42802,170292,170966,20631,1269983,239182,10027416279233626219,13928737091892961229,11210987472924120510,2984649446657676400
202406240028,"2024-06-23 16:28:49.000000",170831,42802,170505,170831,20390,1259297,244404,14176366241044165565,10999813432864162435,13584550200858395801,2150651976230250565
202406240128,"2024-06-23 17:28:49.000000",170902,42802,171545,170902,20654,1265367,241087,1666358816435663900,18326408101728914310,10147795234622986486,12367124113911190750
202406240228,"2024-06-23 18:28:49.000000",170876,42802,170913,170876,20653,1261292,242957,3674351923527568763,13495451591489613865,14413618161497183338,14931756240157019454
202406240328,"2024-06-23 19:28:49.000000",170867,42802,171278,170867,20516,1259559,244083,8357415954362859106,9480446920726576968,16968793779416499825,14466167713602671691
202406240428,"2024-06-23 20:28:49.000000",170870,42802,170626,170870,20669,1262472,242098,4741914831118485872,9637517622692779964,12467206503850858189,12726920898821091339
202406240528,"2024-06-23 21:28:49.000000",170867,42802,171105,170867,21015,1262159,244950,2472282093619491514,11499867495996346204,7136446805209249419,2733006099896726193
202406240628,"2024-06-23 22:28:49.000000",170986,42802,170928,170986,21268,1264560,248199,15520219871171662899,5107888924789964123,17371552869223510859,3368245728174378041
202406240728,"2024-06-23 23:28:49.000000",171044,42802,171700,171044,21425,1261094,253048,7569610435130750200,2110412333812206334,15752546705986404772,2983631146994565296
202406240828,"2024-06-24 00:28:49.000000",170999,42802,170917,170999,21501,1255287,260481,10956927069197520062,13584675604333555278,4047709413354371016,13790536311615539630
202406240928,"2024-06-24 01:28:49.000000",171070,42802,170644,171070,21437,1249199,265607,2255438163753683980,13091488022733207688,9916729134615347744,11536690459845401812
202406241028,"2024-06-24 02:28:49.000000",170995,42802,170354,170995,21124,1261869,249425,16168611911604214800,2025697789826802528,16330738264820851979,6493454400225260323
202406241128,"2024-06-24 03:28:49.000000",171004,42802,170733,171004,20630,1257029,253842,7926615579898652902,7280920698762638124,2836393694621975881,15580457142420189589
202406241228,"2024-06-24 04:28:49.000000",170990,42802,170696,170990,20848,1249388,258844,3402936035612365841,16643072725898781579,17693547805863657828,18321878159925126476
202406241328,"2024-06-24 05:28:49.000000",171004,42802,171622,171004,21059,1245460,258030,14037284561807450072,5664457262986451648,8300810852366968951,4670585898169695021
202406241428,"2024-06-24 06:28:49.000000",170943,42802,171234,170943,20817,1249946,259348,15063373496720142336,12034151927372385108,2647042355350811599,13715375333683186683
202406241528,"2024-06-24 07:28:49.000000",170941,42802,172041,170941,20989,1254726,253279,4007408862888477017,12076319510084708289,17106192927778661677,14763281947565701901
202406241628,"2024-06-24 08:28:49.000000",170939,42802,171142,170939,20099,1259918,242707,4464003570344856427,16277211839402410115,7884293705205681292,5256349046236553546
202406241728,"2024-06-24 09:28:49.000000",170752,42802,170508,170752,20074,1257141,244613,11909174967573463121,814981114809463011,4365878150176831876,15754637534615154024
202406241828,"2024-06-24 10:28:49.000000",170904,42802,170681,170904,19982,1259201,243460,17644101947132948615,7374316670346429679,9427523894680396843,3088282298575835043
202406241928,"2024-06-24 11:28:49.000000",170947,42802,170424,170947,20118,1256829,242462,11080431256011194411,7374594320638896339,5997845133569162017,16014602527897683619
202406242028,"2024-06-24 12:28:49.000000",171012,42802,171127,171012,21330,1250323,256371,1977301751368907824,487061199686500918,14391162102458398847,3307599122425238339
202406242128,"2024-06-24 13:28:49.000000",170891,42802,171083,170891,20695,1258898,234216,18258240009713846215,7978182471753638999,16893112093861682170,8116301487816508810
202406242228,"2024-06-24 14:28:49.000000",170850,42802,170461,170850,20522,1249156,238325,1347013925980246140,13769432386407525358,9363200214064187410,2374921103932947004
202406242328,"2024-06-24 15:28:49.000000",170930,42802,171027,170930,19205,1256716,222325,835752676235580736,8151063792640872954,9142278597296788795,10896292135479427147
202406250028,"2024-06-24 16:28:49.000000",170903,42802,170670,170903,19067,1249852,221592,14304864920606852879,1863068445896158673,2880024930922176512,4348779416805477872
202406250128,"2024-06-24 17:28:49.000000",170877,42802,170906,170877,19371,1250258,223041,9839139728056215498,2525458665715596994,9552220324908779358,9692994647747257140
202406250228,"2024-06-24 18:28:49.000000",170958,42802,171020,170958,20485,1256944,235041,8046399955461888761,14658680007944426627,17781466491884615710,936556987568290890
202406250528,"2024-06-24 21:28:49.000000",170903,42802,171153,170903,21029,1251603,240503,9974281424065861092,1749494219099113418,9888311779933347383,11529698419910790839
202406250628,"2024-06-24 22:28:49.000000",171008,42802,170961,171008,21151,1250731,244205,4900128743577952061,16678748660715406139,9752042857572181602,5218360710822411048
202406250728,"2024-06-24 23:28:49.000000",171064,42802,171046,171064,21330,1246394,246992,1185332486258507732,2395511220160583200,15786612114821542136,11354192322818372212
202406250828,"2024-06-25 00:28:49.000000",170996,42802,171326,170996,21545,1231901,261245,3296926787506508635,13550418749576635393,3788729206250422021,10160286784812712129
202406250928,"2024-06-25 01:28:49.000000",171013,42802,171533,171013,20366,1239650,251706,10590923813953861785,6043777818658385043,17142313954889201480,14680923578540107466
202406251028,"2024-06-25 02:28:49.000000",170908,42802,169984,170908,20541,1231996,255266,12378871660823747799,15721291646788093085,11741579070082687309,11941395162954732967
202406251128,"2024-06-25 03:28:49.000000",171035,42802,171430,171035,20250,1242145,250236,4321716121805229496,2093690742466777832,16247032105700925267,17680995396347557775
202406251228,"2024-06-25 04:28:49.000000",171022,42802,171397,171022,20297,1240210,252203,10127896890120485752,15318923574225269450,18271538416299196870,12255492886464517760
202406251328,"2024-06-25 05:28:49.000000",171050,42802,171075,171050,20082,1240372,247287,17289728267793585857,7683420385012931383,5183043327811035513,15355538217589904711
202406251428,"2024-06-25 06:28:49.000000",171007,42802,171434,171007,20140,1244222,248419,12961643945513386260,2531420404465260130,4251403950575566903,9148964483759911863
202406251528,"2024-06-25 07:28:49.000000",171019,42802,170369,171019,20488,1246085,245537,5520351569623464182,1636905184112385516,13384286399154531982,1750223724768097594
202406251628,"2024-06-25 08:28:49.000000",170872,42802,170972,170872,20306,1236606,248961,13926866303215049230,18132104588718094290,2793006186542985640,17283193540569986306
202406251728,"2024-06-25 09:28:49.000000",171025,42802,170990,171025,20312,1241154,244119,2373284343383718206,11843155341894367164,17645720416742523198,2073825963340345986
202406251828,"2024-06-25 10:28:49.000000",170882,42802,170832,170882,20166,1248036,235909,603085688873976627,4841018730722462825,17375346540810296866,8723336981070140308
202406251928,"2024-06-25 11:28:49.000000",170863,42802,170641,170863,20050,1241560,239628,12165961294764584867,17475337780522647159,6198166415709733038,12418810839574650276
202406252028,"2024-06-25 12:28:49.000000",170907,42802,170641,170907,21137,1240345,243569,12428359554134666121,4574487720802618921,15467749635107471731,2481604620636088673
202406252128,"2024-06-25 13:28:49.000000",170881,42802,170527,170881,20708,1239927,254888,12416394528418821959,4215879251912019087,3871546389379797599,12761763054747635613
202406252228,"2024-06-25 14:28:49.000000",170968,42802,171389,170968,20972,1241728,261667,7734172523558979467,15228061815815919265,16372136596526898004,8363724189159925736
202406252328,"2024-06-25 15:28:49.000000",170956,42802,171533,170956,20779,1243500,260269,16058185199500667583,2453643736171329567,3429311830359351447,11564215018969260541
202406260028,"2024-06-25 16:28:49.000000",170984,42802,171408,170984,20698,1246777,250588,8147973073858812546,8535247225159482358,16604434510528395006,6735725049007120924
202406260128,"2024-06-25 17:28:49.000000",170955,42802,171042,170955,20682,1248576,239197,5858155168890029944,12828189338939121872,16032760572254244187,5355728115711534069
202406260228,"2024-06-25 18:28:49.000000",170939,42802,170424,170939,20682,1255679,233459,8230294524161259920,8992116661376769584,15539807682233957830,16908400508118059448
202406260328,"2024-06-25 19:28:49.000000",170858,42802,170453,170858,20776,1254963,237447,389252342430899355,12708556556894233171,13820941477831899916,13961250533177475614
202406260428,"2024-06-25 20:28:49.000000",170933,42802,169995,170933,21030,1247423,236255,13010392304043868740,17358648149142943032,8061929980111478662,9502223090362416722
202406260528,"2024-06-25 21:28:49.000000",170862,42802,171031,170862,21241,1245236,238600,13983508507104408193,15595860302299585239,8378110028593103461,3256319222339636199
202406260628,"2024-06-25 22:28:49.000000",170963,42802,170861,170963,21179,1245732,245657,7664684324732103720,13201867632787929516,6416379160818692879,8139197914966111357
202406260728,"2024-06-25 23:28:49.000000",171015,42802,170880,171015,21602,1240620,252501,5027671195789463592,2505408305534579242,9320773859684408300,14759210588316648316
202406260828,"2024-06-26 00:28:49.000000",171054,42802,171389,171054,21427,1239523,255213,16695224693272281549,15252761732047128129,4197532833746425343,4300091389200666415
202406260928,"2024-06-26 01:28:49.000000",171054,42802,171522,171054,21398,1235233,256875,13050916678134631079,12098501634039417337,9013172531016355009,18247652058572617139
202406261028,"2024-06-26 02:28:49.000000",171046,42802,171238,171046,21440,1251850,248460,6897673363736955089,3828108322630347985,12977098590835803312,7320848956958835062
202406261128,"2024-06-26 03:28:49.000000",171005,42802,170733,171005,21861,1245539,250964,365487318294939810,8647895681003740650,16542291314941558506,8216496588277870894
202406261228,"2024-06-26 04:28:49.000000",171027,42802,171049,171027,21507,1245564,250918,3769832164059109042,3235966377897083962,7800421162365702032,6368130840423543396
202406261328,"2024-06-26 05:28:49.000000",171032,42802,171445,171032,21809,1238907,254866,11386939638195963887,18113448975557130171,14087397622661372418,3682769848114769300
202406261428,"2024-06-26 06:28:49.000000",171051,42802,171696,171051,20447,1245372,246944,10607036239129950995,17315492533257487413,6396100429242039908,7662901638613225488
202406261528,"2024-06-26 07:28:49.000000",170995,42802,170906,170995,20178,1253063,238853,3792009332011755959,1173734253623468387,5761217538583787726,15731969242240061352
202406261628,"2024-06-26 08:28:49.000000",170967,42802,170652,170967,20331,1257342,235180,8224496239162087157,17604112615301290369,6247753630344924529,11703912308063234945
202406261728,"2024-06-26 09:28:49.000000",170988,42802,171293,170988,20192,1254014,233698,12132706237440894715,7583121473560677451,10309281155428146374,8597230835184284646
202406261828,"2024-06-26 10:28:49.000000",170922,42802,170387,170922,19910,1254142,229939,2602750799166118644,6332176659064059540,12851918351027397152,16939652080338248900
202406261928,"2024-06-26 11:28:49.000000",170919,42802,170611,170919,19800,1250769,229477,2357568173889929104,377607826838125210,15844476471701297779,13906488024766975945
202406262028,"2024-06-26 12:28:49.000000",170876,42802,170241,170876,20996,1246028,238408,2665177593123083174,9769860098785393174,11831741515247579361,10786678165942349823
202406262128,"2024-06-26 13:28:49.000000",170887,42802,170637,170887,20933,1251201,237574,17799159189050490375,12643188336431997215,16887322090112106803,16341555480040120741
202406262228,"2024-06-26 14:28:49.000000",170904,42802,170843,170904,20903,1254587,233688,6047317813958924687,15267681870087635917,11868156712425070253,14400954767065196507
202406262328,"2024-06-26 15:28:49.000000",170910,42802,170979,170910,20653,1253320,231025,3182959498438444196,6004142909059975476,11920513914095011964,11527895486820840610
202406270028,"2024-06-26 16:28:49.000000",170854,42802,171267,170854,20788,1247082,238479,14087057409837824790,5398552893173243496,14091290664610847064,2728563806189248548
202406270128,"2024-06-26 17:28:49.000000",170817,42802,170215,170817,20628,1262052,244239,13590128285261180074,13376730117311878830,5749888445120409679,4621413458615482647
202406270228,"2024-06-26 18:28:49.000000",170857,42802,170501,170857,20698,1276981,245289,5507670811627165896,10668201470098214420,13075927442275034337,6077453625566887137
202406270328,"2024-06-26 19:28:49.000000",170907,42802,170987,170907,20577,1278247,244417,1561990205105864577,4828549352312174001,4812385620589910328,15568382976971609824
202406270428,"2024-06-26 20:28:49.000000",170812,42802,171227,170812,20675,1271274,247100,7553757850509480848,263583731464570014,9606966814339549290,12114678141765996500
202406270528,"2024-06-26 21:28:49.000000",170895,42802,171330,170895,21175,1270321,249707,18380086727633003632,13718339893164745814,16413500769206156053,11946084607545617579
202406270628,"2024-06-26 22:28:49.000000",170970,42802,171201,170970,21543,1275456,253621,7919089429423444970,7388137779728665664,18020465328862036742,16181988643918895726
202406270728,"2024-06-26 23:28:49.000000",171019,42802,171094,171019,21561,1260889,259327,16040667585662814733,7001195166235751131,18179272706466047843,3989839163464435829
202406270828,"2024-06-27 00:28:49.000000",171051,42802,171541,171051,21814,1241444,263229,6296685917211275192,12303412426575953656,4022634967930417225,2470186813835552437
202406270928,"2024-06-27 01:28:49.000000",171039,42802,170990,171039,21142,1241043,255678,8100753963008438808,13516913033028330968,8938977056083493299,15775723824379143753
202406271028,"2024-06-27 02:28:49.000000",170983,42802,170924,170983,21112,1238542,256525,14413929174255649424,15023440425915396476,2903861043691786615,8028925235433221223
202406271128,"2024-06-27 03:28:49.000000",171015,42802,170924,171015,21493,1239301,256751,4228147922057762027,893305655549525395,1506125104986285149,14877456771362916073
202406271228,"2024-06-27 04:28:49.000000",171034,42802,170898,171034,21383,1240167,251330,12362155698212314916,318796290299272752,16106968234669101007,2939605153233837085
202406271328,"2024-06-27 05:28:49.000000",170974,42802,170689,170974,21621,1239541,248382,10150880375851309897,3316662272462301519,6416832026264910834,11593119231922228822
202406271428,"2024-06-27 06:28:49.000000",170966,42802,171630,170966,20776,1244150,244239,5269734054848654738,15299785035546384694,6389241050728192242,13429729554943274172
202406271528,"2024-06-27 07:28:49.000000",170988,42802,170468,170988,20362,1248972,235786,17294772263592831232,16732919184736483464,14640720809149491665,7349616775586953577
202406271628,"2024-06-27 08:28:49.000000",170932,42802,171404,170932,20001,1251362,232737,11767384471374990999,17979094778418775725,1893808047278414351,14107380171233302259
202406272028,"2024-06-27 12:28:49.000000",171005,42802,170655,171005,21145,1236072,259717,9417273253472432850,14009222908893497210,953634140813904014,5526567321040317918
202406272128,"2024-06-27 13:28:49.000000",170964,42802,171526,170964,20812,1242772,250652,7144264782085234606,10699309220146254762,7446957541142305496,15378962377683375158
202406272228,"2024-06-27 14:28:49.000000",170828,42802,171456,170828,20679,1249417,240687,6040020954919094827,3985794537898633289,17132731011472381446,3251605463122500180
202406280228,"2024-06-27 18:28:49.000000",170887,42802,171005,170887,20883,1252287,239902,12325499660003519828,13698050696390173358,10792743495101636895,4454279437614427181
202406280328,"2024-06-27 19:28:49.000000",170938,42802,171337,170938,20810,1254829,238614,7272490956702739866,11140754824009543564,10991004402250478275,14163046246176115451
202406280428,"2024-06-27 20:28:49.000000",170885,42802,170957,170885,20993,1249996,244640,5457789207706495808,6060096503110877112,9857038092078260523,6514427772027846193
202406280828,"2024-06-28 00:28:49.000000",171048,42802,171256,171048,21633,1234101,265301,593251907640183932,9998421185968235936,6318971292052601350,8414552109354520876
202406280928,"2024-06-28 01:28:49.000000",171025,42802,170325,171025,21738,1229480,273623,11828929920716421141,9183033743070602889,15931235189943047864,13449362538228272198
202406281028,"2024-06-28 02:28:49.000000",170988,42802,171667,170988,21677,1249671,253628,16739221238227480308,14143069203233206830,3857276495136163345,6095392747628411027
202406281128,"2024-06-28 03:28:49.000000",170990,42802,170954,170990,21653,1245932,256018,4742189374039131767,6216383068642840113,7099616371997003434,7897417059829134650
202406281228,"2024-06-28 04:28:49.000000",170979,42802,171186,170979,21586,1240804,260874,12067270229019853839,10487151564416215921,31524176152257681,7884854871146880895
202406281328,"2024-06-28 05:28:49.000000",171039,42802,171360,171039,21614,1219329,283400,17920411142552327053,8616353136400539237,11861789455653102192,1613610498807262840
202406281428,"2024-06-28 06:28:49.000000",171044,42802,170281,171044,21887,1221825,280442,17699334884274518885,11820454881106881379,338696671328518223,5171741843345086041
202406281528,"2024-06-28 07:28:49.000000",171071,42802,171382,171071,21604,1232989,266763,14925690766233992997,1276885015623232175,12015534793331340390,7772157991778988756
202406281628,"2024-06-28 08:28:49.000000",170911,42802,170332,170911,21616,1247240,249584,16337068662904951601,15064842754761409561,11202609692102756781,4218416261393717189
202406281728,"2024-06-28 09:28:49.000000",170841,42802,170685,170841,21671,1243660,249729,8258150411182516067,12709357247391707133,2958283715845817325,281575851964058931
202406281828,"2024-06-28 10:28:49.000000",170911,42802,171726,170911,21551,1255094,239537,6610863196192064490,5850698815789781572,15678788737673453681,6465204947693574333
202406281928,"2024-06-28 11:28:49.000000",170911,42802,171234,170911,21157,1257016,234023,13912579146255594424,3305844176874913014,10479637433755277169,7783575140320720019
202406282328,"2024-06-28 15:28:49.000000",170855,42802,170968,170855,20990,1256468,238687,2899458358134996875,17363423459098253137,11987454576763671555,16096469796509012319
202406290028,"2024-06-28 16:28:49.000000",170811,42802,171504,170811,20410,1253687,235406,14283837359956965031,3705578718982599437,7613386371287878740,15188380470791351888
202406290128,"2024-06-28 17:28:49.000000",170883,42802,170876,170883,20674,1251880,236637,11962955213956398263,5999489196309346179,18148269405664127514,3309809630431735286
202406290228,"2024-06-28 18:28:49.000000",170828,42802,170395,170828,20651,1251973,235860,17971653539277816803,4119823135351383723,11321863579313952882,6784517977408105624
202406290328,"2024-06-28 19:28:49.000000",170944,42802,171267,170944,20467,1260022,229376,8094092311425774223,14658490560556802261,16853910483681530548,5131837220106644072
202406290428,"2024-06-28 20:28:49.000000",170846,42802,170010,170846,20626,1249378,238597,17792720781154898010,12848462857713119336,16522679303592561447,7157909492330803887
202406290528,"2024-06-28 21:28:49.000000",170858,42802,170189,170858,21216,1251833,240271,12458736971283951973,18157898884956428727,14609805966273804687,16815493274277934897
202406290628,"2024-06-28 22:28:49.000000",170822,42802,170534,170822,21239,1251089,244385,3166398375558971535,10265137363370478505,15678148526554810488,1491802649325444722
202406290728,"2024-06-28 23:28:49.000000",170851,42802,170164,170851,21153,1256318,239287,15236913461084705178,11688028662212110130,2732023424411916742,6001755430560378634
202406291128,"2024-06-29 03:28:49.000000",170806,42802,171138,170806,22649,1252883,250216,8033991614550204224,7632558456216716970,5306459070326571983,8182357705311819893
202406291228,"2024-06-29 04:28:49.000000",170751,42802,171245,170751,22742,1250855,255536,7775493695245922363,10230559395172961611,10958828475581314003,8426738288288793775
202406291328,"2024-06-29 05:28:49.000000",170857,42802,170435,170857,21636,1256352,244468,1129064121791542526,6352557338494858984,11898725642470936834,1307519179264017420
202406291428,"2024-06-29 06:28:49.000000",170869,42802,171097,170869,21494,1254434,246329,4051804766635275479,2719684533192471827,14131832596336718501,3115049387834736693
202406291528,"2024-06-29 07:28:49.000000",170722,42802,170803,170722,21137,1254053,245591,14715193947374485437,236031876980330971,10944532730306675085,11168644213341903763
202406291628,"2024-06-29 08:28:49.000000",170873,42802,170902,170873,21149,1246923,249728,11949738078449162047,16976415184718739597,6591008308091500186,14248482402707550676
202406291728,"2024-06-29 09:28:49.000000",170875,42802,170505,170875,21416,1250657,247227,13631489950077313945,4004739994795003565,12483049736371765922,11687100337059591464
202406291828,"2024-06-29 10:28:49.000000",170837,42802,170850,170837,21274,1249599,242054,2342451586029899491,10402642468276609233,9609523112389908994,4180687681057692002
202406291928,"2024-06-29 11:28:49.000000",170879,42802,170832,170879,20999,1254314,238427,3986896931486442074,10221504041598520036,17870368293343236902,5834339573075310994
202406292028,"2024-06-29 12:28:49.000000",170858,42802,170589,170858,20976,1246784,242045,4420114923342783157,12795933632258759361,15449364652921624801,13988043463971578171
202406292128,"2024-06-29 13:28:49.000000",170842,42802,171304,170842,20990,1251144,245707,9407871544316220246,16680837630831339040,3310504649644734321,5395865160444853287
202406292228,"2024-06-29 14:28:49.000000",170829,42802,170149,170829,20805,1248278,243813,4166837575572611073,2197791405058041017,14244698529571705345,16111700625591872083
202406292328,"2024-06-29 15:28:49.000000",170864,42802,170939,170864,20680,1257576,233503,17643213920311534476,13260562348929849340,1913687101883849532,7636202748036960948
202406300028,"2024-06-29 16:28:49.000000",170875,42802,170622,170875,20276,1252644,237292,4460310881393084923,17852536160218640029,16039590801016045475,6309067364570921983
202406300128,"2024-06-29 17:28:49.000000",170866,42802,170692,170866,20600,1259881,233821,16004677840472026800,1622003325181561226,12802218402439253569,12238798737053514411
202406300228,"2024-06-29 18:28:49.000000",170742,42802,170303,170742,20592,1250835,239944,1347576080062527976,12418862038650365984,2896649288478379967,16927983030864275251
202406300328,"2024-06-29 19:28:49.000000",170897,42802,170972,170897,20586,1256232,233180,1535648419603720711,1592837990529753003,9651233899172997654,2608195567355694592
202406300428,"2024-06-29 20:28:49.000000",170907,42802,171013,170907,20716,1255614,235470,3088746726506815918,5202057262944780024,8781137592776559255,3403979588496492663
202406300528,"2024-06-29 21:28:49.000000",170854,42802,170854,170854,20765,1248593,244666,18263321963072358110,1814012079926226192,1234978258303838062,14830590283594292998
202406300628,"2024-06-29 22:28:49.000000",170851,42802,171094,170851,20879,1247071,247151,11860476155869770516,15087452318515306014,12924530269456605638,9772447655003267932
202406300728,"2024-06-29 23:28:49.000000",170811,42802,170274,170811,21358,1247235,247685,11217987029212725022,9414454646761902706,2814273101152787443,13955765355972630589
202406300828,"2024-06-30 00:28:49.000000",170852,42802,171689,170852,21098,1249338,252346,6917158098905045384,16459265422119696028,14268883904772639137,1006594752469529633
202406300928,"2024-06-30 01:28:49.000000",170865,42802,171001,170865,22570,1256203,238902,10790998440818472184,4182181641788068324,1757639883212416731,2511679149443060353
202406301028,"2024-06-30 02:28:49.000000",170744,42802,170556,170744,22506,1253656,240778,14282788097763538714,1116638849848095316,8136231757133071837,7493155377278605525
202406301128,"2024-06-30 03:28:49.000000",170877,42802,171533,170877,22464,1254984,239659,2478050854672345989,15307779140156535607,10060895936128759006,3749132070451760700
202406301228,"2024-06-30 04:28:49.000000",170872,42802,171930,170872,22680,1249317,251993,7095413004189808869,8199580840521818249,3430216335350842822,7456894353337783666
202406301328,"2024-06-30 05:28:49.000000",170884,42802,171097,170884,21160,1252607,242934,12156122175283819890,4159081351848680034,13251384641202231559,9962876752187660273
202406301428,"2024-06-30 06:28:49.000000",170909,42802,170777,170909,19864,1248578,236921,13996352283389369174,3608378220928714478,10227303110524087475,17861581855332407689
202406301528,"2024-06-30 07:28:49.000000",170858,42802,171020,170858,20019,1248190,235943,7287248446225431980,14965838195302927198,2386451288570912568,16591706550629033734
202406301628,"2024-06-30 08:28:49.000000",170794,42802,170722,170794,20064,1253861,237816,1858094496089928058,4839820898874881102,1346063203249278369,14501525531599867205
202406301728,"2024-06-30 09:28:49.000000",170893,42802,171615,170893,19822,1251767,236592,6598676952301030466,15254671296895176504,6982878242361223106,3384551386543563374
202406301828,"2024-06-30 10:28:49.000000",170798,42802,171057,170798,19946,1253034,232995,7386017397665776546,786653712085200970,9614988419512346203,5234918874877417843
202406301928,"2024-06-30 11:28:49.000000",170880,42802,170472,170880,19846,1251684,232633,3115646976845220856,14290902676409524050,4239202985007167375,14027352532807746823
202406302028,"2024-06-30 12:28:49.000000",170890,42802,170622,170890,20987,1254639,239045,18209484441583448911,14535242300052781971,10620090905043675475,13794352576172595133
202406302128,"2024-06-30 13:28:49.000000",170915,42802,170972,170915,19467,1259120,234698,9454050328019855774,2881785094805548390,9281775242083265964,12773402102085074668
202406302228,"2024-06-30 14:28:49.000000",170875,42802,170913,170875,18756,1247020,234896,10733130911491083121,1677001836448731523,13758802370900661423,10522021540315790033
202406302328,"2024-06-30 15:28:49.000000",170919,42802,171260,170919,18431,1256164,221322,17375581216455981769,5209120149126132161,12253150081195687517,4269312701453818683
202407010028,"2024-06-30 16:28:49.000000",170887,42802,171752,170887,18432,1257579,221190,3203079918394902615,14678356468814312507,12487352418004898837,16202639814464067443
202407010128,"2024-06-30 17:28:49.000000",170879,42802,170398,170879,18083,1256926,220820,2871283535452044926,14003079608025788826,10725845300396280776,12104315500712975348
202407010228,"2024-06-30 18:28:49.000000",170892,42802,170567,170892,18399,1254769,224174,8094258189544021336,16548951607503875946,8590288073885076528,2059910210865609736
202407010328,"2024-06-30 19:28:49.000000",170914,42802,170946,170914,18324,1259391,223198,2257973326320249397,13619172812985218001,2893036019489247595,9689760341081637501
202407010428,"2024-06-30 20:28:49.000000",170837,42802,170387,170837,20062,1253455,236950,13747180868698848632,16371159142378394542,830953888448958048,16171153353929338186
202407010528,"2024-06-30 21:28:49.000000",170995,42802,171522,170995,20230,1246267,246081,17175082403929081881,11474889700150087251,17303476644029478939,4488082584652550203
202407010628,"2024-06-30 22:28:49.000000",170842,42802,171300,170842,20666,1254191,240002,609342250570235212,8648170938841672630,8629219303895261997,18170610165346943937
202407010728,"2024-06-30 23:28:49.000000",171001,42802,171179,171001,20917,1237961,256879,2819179536952832086,8810923772851214930,18209127094484264685,3598839159752256023
202407010828,"2024-07-01 00:28:49.000000",171005,42802,170954,171005,21182,1236408,257172,6984464759503442661,7909900359729732835,2218022318697018000,1720243342670947406
202407010928,"2024-07-01 01:28:49.000000",171068,42802,170968,171068,20994,1241676,255781,1378811230105385931,473912848813358121,11156334042450006428,10659121397317188186
202407011028,"2024-07-01 02:28:49.000000",171056,42802,171068,171056,20037,1221238,275910,15062871434398858989,12804057558596263645,17640887730955341874,4605185332907846996
202407011128,"2024-07-01 03:28:49.000000",171041,42802,170523,171041,19979,1239398,254540,7657442938150536886,9365731926446744470,12753330282511869359,1326135641630755397
202407011228,"2024-07-01 04:28:49.000000",171067,42802,171337,171067,19812,1214649,275519,10192786489151858978,9721008974137315818,17678030036463226180,1916048615906046462
202407011328,"2024-07-01 05:28:49.000000",171048,42802,171478,171048,19721,1215184,277995,2844195095401166090,7768149776027413116,4012590337479090706,11555162267987636928
202407011628,"2024-07-01 08:28:49.000000",170874,42802,170784,170874,20067,1245310,246535,9290539494796668288,16318706200141538066,15792540650725817953,11098603839638790687
202407011728,"2024-07-01 09:28:49.000000",170886,42802,170501,170886,19765,1247924,239474,14149695470009718270,15525199407396862954,6449653295764650953,16504189010903286015
202407011828,"2024-07-01 10:28:49.000000",170858,42802,171278,170858,19764,1254359,238833,723932600972242188,15838613205434508274,14401389381120544356,3336960173612892378
202407011928,"2024-07-01 11:28:49.000000",170795,42802,171297,170795,19573,1249035,241852,1595291186298986246,8167769071298420408,10892295552078143514,15805259992973248148
202407012028,"2024-07-01 12:28:49.000000",170938,42802,170758,170938,19498,1257537,235444,16116863308740591560,4310707758153650928,15592597312665844757,3487582234754174781
202407012128,"2024-07-01 13:28:49.000000",170958,42802,171053,170958,19332,1259497,229159,14731592914530429568,4618401646906648580,1661799787143111394,7382073011033625200
202407012228,"2024-07-01 14:28:49.000000",170890,42802,170906,170890,19079,1270006,223997,8884262690145537999,15395614044489560433,2910640186947997233,9192707824944636083
202407012328,"2024-07-01 15:28:49.000000",170898,42802,170769,170898,18960,1264972,223093,6424388603787202353,14863230916065675515,14324852656750122993,17449748093164489611
202407020028,"2024-07-01 16:28:49.000000",170972,42802,170762,170972,18718,1266040,222447,18081216400060885758,76062909185566408,6923962594511780874,17167886424435377734
202407020128,"2024-07-01 17:28:49.000000",170908,42802,171005,170908,18373,1266983,217176,17963824633728330607,7663487040499672291,1119287592731100016,1494584240597359388
202407020228,"2024-07-01 18:28:49.000000",170928,42802,171367,170928,18741,1261621,225038,17292367139124485818,3833332887090036426,883031690951691629,7537399920813582601
202407020328,"2024-07-01 19:28:49.000000",170958,42802,170384,170958,18771,1264493,223411,4705576144236294030,12497576394199643338,10475197871290794508,13878097380802534254
202407020428,"2024-07-01 20:28:49.000000",170947,42802,170799,170947,18981,1258983,229918,15957896809970881965,3278608798629621685,1462073887593768280,10388742075333510034
202407020528,"2024-07-01 21:28:49.000000",170942,42802,170230,170942,19265,1263729,227358,12854040374305496177,18095451036865289069,10958286976249537067,1761268384977350719
202407020628,"2024-07-01 22:28:49.000000",170983,42802,171389,170983,19650,1249203,241431,6783465484946428656,11928652402640258560,10126383541756846952,16395538966015453254
202407020728,"2024-07-01 23:28:49.000000",171012,42802,170413,171012,20871,1255767,244402,17267161101653221320,15830052911116788136,10844829143961867219,8617748605857873885
202407020828,"2024-07-02 00:28:49.000000",171005,42802,171548,171005,21244,1251642,251516,6884515078681797407,13118754785888270125,113524248441513302,7399756144537044712
202407020928,"2024-07-02 01:28:49.000000",171044,42802,171926,171044,21173,1239897,261603,16405123124316441191,3407853101720207647,18086885789466308494,17210601754204741194
202407021028,"2024-07-02 02:28:49.000000",171042,42802,170204,171042,20305,1259314,241086,18417507998549117755,3068618871483853041,11243625335202621439,10775382918787526155
202407021128,"2024-07-02 03:28:49.000000",171013,42802,169827,171013,20428,1257295,242190,12918951367506953042,18377964150579275462,1809303108758913812,8192906692349770016
202407021228,"2024-07-02 04:28:49.000000",171003,42802,170928,171003,20016,1254310,244281,16383453788515335607,15057658573233330491,11609248776709849805,4780904082911557095
202407021328,"2024-07-02 05:28:49.000000",170972,42802,170722,170972,20094,1251633,244236,5633829353009067605,11760108599346076167,149406564294689969,8825273377386685067
202407021428,"2024-07-02 06:28:49.000000",170870,42802,170762,170870,20177,1249234,245065,5372066616237788564,3275497470467687116,4513215191432648647,16912674216219622013
202407021528,"2024-07-02 07:28:49.000000",170949,42802,171400,170949,20069,1254211,241013,10532110877219987147,15822873445008638043,11692044636648467853,1656044767784172673
202407021628,"2024-07-02 08:28:49.000000",170859,42802,170542,170859,20251,1254402,241005,10652442505918659314,9128283185845404698,17977962820224620828,1199771454143509940
202407021728,"2024-07-02 09:28:49.000000",170903,42802,170582,170903,20319,1256980,239143,8208972365412538345,3032871499321924253,10396724848623501405,3937474787950256887
202407021828,"2024-07-02 10:28:49.000000",170900,42802,171112,170900,20164,1251079,239730,3831602108846554539,9795901261704807533,6003484842018034120,7780625814628230674
202407021928,"2024-07-02 11:28:49.000000",170905,42802,170464,170905,19746,1246339,243247,11173958258876265819,12698220593138787067,11018037071121886460,6006284979132583774
202407022028,"2024-07-02 12:28:49.000000",170977,42802,171541,170977,19337,1249883,241015,12527558551934382849,14359207113529608869,2005547082065792370,6264542255559102428
202407022128,"2024-07-02 13:28:49.000000",170936,42802,170707,170936,19038,1250878,242798,11232182533597706623,6652708885729689125,16247082778985281445,11702761659707649857
202407022228,"2024-07-02 14:28:49.000000",170873,42802,170112,170873,18975,1259570,230619,11131523413364066341,777162458623817001,15890911816131939371,151854231071034879
202407022328,"2024-07-02 15:28:49.000000",170862,42802,170740,170862,19065,1257590,228014,13160926207758994503,8555704170244017953,15754265694597726946,5839458297430686140
202407030028,"2024-07-02 16:28:49.000000",170874,42802,170917,170874,18936,1264240,223568,12668940364327821912,14855075909358838288,16406452683235386376,1384579583990943100
202407030128,"2024-07-02 17:28:49.000000",170892,42802,170861,170892,18721,1264177,222961,12159084173759150385,16869884414647837751,8680766395258574603,13937283997012979169
202407030228,"2024-07-02 18:28:49.000000",170911,42802,171385,170911,18947,1258280,221871,10360979455969600471,585655006150928199,2361108749641781356,6712340293709300598
202407030328,"2024-07-02 19:28:49.000000",170875,42802,170707,170875,18957,1252459,229133,6919941022383309845,5298165479406930253,2519746101785313001,2656670334614143421
202407030428,"2024-07-02 20:28:49.000000",171001,42802,171278,171001,19024,1258687,225643,16837015444393822206,96549435751043752,11481024876227692790,15352604059794977786
202407030528,"2024-07-02 21:28:49.000000",170906,42802,171252,170906,20308,1260346,233008,10153921708355999043,6407816521011810929,2146447258439695262,18172215024935221814
202407030628,"2024-07-02 22:28:49.000000",171010,42802,171149,171010,21131,1248510,245856,3533297947712501408,2573907865932158674,17868395092101296539,8277401359405419273
202407030728,"2024-07-02 23:28:49.000000",171066,42802,170946,171066,21034,1235797,260762,6076709749632922318,14407680834188959586,8995233757565839154,8819714747352428510
202407030828,"2024-07-03 00:28:49.000000",171053,42802,170891,171053,21405,1227484,271416,9536368644994678212,2753896226232943860,14443220865850723803,953531060566955927
202407030928,"2024-07-03 01:28:49.000000",171052,42802,170483,171052,20777,1227864,268942,9689168161256150650,8413507726602584480,11422691585312543279,9004176624625448511
202407031028,"2024-07-03 02:28:49.000000",171061,42802,171230,171061,19569,1236005,256509,16523605876939844799,12599364043906734355,3109724119303940626,8739908267906239098
202407031128,"2024-07-03 03:28:49.000000",171039,42802,170898,171039,19940,1232460,259728,10013899590996391580,4320557492920897216,14051197842592169701,12297810458808460547
202407031228,"2024-07-03 04:28:49.000000",171043,42802,171745,171043,19562,1229604,261462,13607218007140637169,17344639612468663047,8896123848411102978,2647507258545282538
202407031328,"2024-07-03 05:28:49.000000",171049,42802,170839,171049,19771,1230973,262234,16505085939856380983,15056877308733407123,5095581010055012348,11663370104497593792
202407031428,"2024-07-03 06:28:49.000000",171051,42802,170755,171051,19815,1236437,258909,16099128172215727456,11066622245639796198,4446801639581843773,342587749814482975
202407031528,"2024-07-03 07:28:49.000000",171048,42802,170972,171048,19778,1244436,251665,5214894068086946312,9629238223869578014,1509222468985055203,8132706691507304399
202407031628,"2024-07-03 08:28:49.000000",170934,42802,170703,170934,19742,1246466,247331,17493608383533774868,11275943444475849970,4004209317963828007,8882329107509380539
202407031728,"2024-07-03 09:28:49.000000",170981,42802,171600,170981,19936,1252569,243930,1384265469411594027,14128236933021443769,17984192202606723088,12758183841660782294
202407032028,"2024-07-03 12:28:49.000000",170979,42802,171774,170979,19699,1258728,226404,8354665271279966906,14472547087980530664,426174321237076735,328385164520087107
202407032128,"2024-07-03 13:28:49.000000",170916,42802,170446,170916,19174,1261168,230021,9454955813741396579,1264837958540441855,9651057617291176626,17537211039751550382
202407032228,"2024-07-03 14:28:49.000000",170980,42802,171079,170980,19128,1264252,226673,17835084084843999363,10471038683886512679,12974563629716103262,967733983200076720
202407032328,"2024-07-03 15:28:49.000000",170938,42802,170285,170938,18842,1257696,223851,6546260708650892047,15897421415796287943,10775175945601472949,13983813716136834841
202407040028,"2024-07-03 16:28:49.000000",170903,42802,170740,170903,18862,1259718,222764,16160772808750759320,15512575799380473600,15933540565276460349,4132648207503704149
202407040128,"2024-07-03 17:28:49.000000",170936,42802,171271,170936,18784,1261895,221085,10576624072017921015,2136095511211439733,11819178080330270650,16880132090280871170
202407040528,"2024-07-03 21:28:49.000000",171080,42802,171367,171080,20592,1242875,252466,13920853303456788801,17188087035991330309,15415977837986078174,15095747764388060480
202407040628,"2024-07-03 22:28:49.000000",170978,42802,172257,170978,21534,1234008,264168,2638548078211264261,14616522258140120725,1205811581397916520,10031119547921603588
202407040728,"2024-07-03 23:28:49.000000",171053,42802,170450,171053,21357,1233124,263850,4197333311433599097,2792607620451337545,16480384639150754564,5465480727090664970
202407040828,"2024-07-04 00:28:49.000000",171088,42802,170803,171088,21655,1240490,259128,11125759202325728583,12740991948574981613,14005300477348105915,2732001510142613105
202407040928,"2024-07-04 01:28:49.000000",171041,42802,170744,171041,21253,1222128,277001,4143320806059293753,15344715902632126731,17032739329668028018,15163755923455075516
202407041028,"2024-07-04 02:28:49.000000",171064,42802,171031,171064,19792,1236028,257154,96290932179043735,14292984870019597343,4882711860700671090,10112890721234130056
202407041128,"2024-07-04 03:28:49.000000",171108,42802,171582,171108,19945,1237384,258565,3640066165398805851,16771782491070914161,17028591816244714251,12687594930733447909
202407041228,"2024-07-04 04:28:49.000000",171098,42802,170839,171098,19904,1240071,259361,4281806297470931129,17104667000786669087,1202703439623142278,8797306901553520020
202407041328,"2024-07-04 05:28:49.000000",171096,42802,171463,171096,20011,1234953,256615,14366716719599494283,5054984541963924693,14634477526674371403,6361691630358608821
202407041428,"2024-07-04 06:28:49.000000",171035,42802,171589,171035,20394,1233373,255245,5344533127955033692,5367754183300310282,18218899056425564706,12975875349691702880
202407041528,"2024-07-04 07:28:49.000000",171033,42802,170898,171033,20100,1247680,250363,12841258704114166392,17586246307107920016,2612209893053379034,16126306343116564742
202407041628,"2024-07-04 08:28:49.000000",170948,42802,171123,170948,20087,1252753,243692,683686980556805283,17102121759959618693,2639426998833543787,15911884139570401881
202407041728,"2024-07-04 09:28:49.000000",170930,42802,171131,170930,20313,1249383,243467,4032167543928906672,8843936792127922818,16612966040943305120,17311201666806788308
202407041828,"2024-07-04 10:28:49.000000",170979,42802,171127,170979,20077,1257632,239286,10542606248813465507,1025981712905121747,8656418078612436203,2909453462928124295
202407041928,"2024-07-04 11:28:49.000000",170934,42802,171674,170934,19686,1253051,234931,6954639381787319078,545933903572348362,6691003381853228349,12212875868948170389
202407042028,"2024-07-04 12:28:49.000000",170854,42802,171326,170854,21127,1248725,242636,17775311770068587852,2802827324433737072,8594611950832067570,7326785458695180154
202407042128,"2024-07-04 13:28:49.000000",170869,42802,171105,170869,20782,1255635,243342,8022140796268954981,9630801986771347569,3843185298541156704,663609920487853512
202407042228,"2024-07-04 14:28:49.000000",170891,42802,171330,170891,20572,1255087,245908,11384919892016531920,4133565499881147250,11655822268989904137,4748532059408810803
202407042328,"2024-07-04 15:28:49.000000",170857,42802,170979,170857,20594,1254721,235058,6224037380191723663,74155710694237399,18393489312672687644,7149805743010035910
202407050028,"2024-07-04 16:28:49.000000",170886,42802,171083,170886,18900,1251660,230873,10107221343807139373,12760406462692897887,16824604867835398708,5183493836965451854
202407050128,"2024-07-04 17:28:49.000000",170886,42802,170475,170886,18967,1260478,224469,1647665677947640562,16650613025350150018,12382457289429252084,2909385852422204768
202407050228,"2024-07-04 18:28:49.000000",170864,42802,170861,170864,19021,1257156,226303,4607794373851019203,15407851548904862509,2725068348114521920,6566884794218409056
202407050328,"2024-07-04 19:28:49.000000",170945,42802,170983,170945,18882,1259549,225420,324312984161496810,18340785803202852936,5290418943323624476,8011954142552237738
202407050428,"2024-07-04 20:28:49.000000",170986,42802,171530,170986,19123,1256323,227978,10342221094584413429,6010088777479604243,8679103871684621795,2619368521239283895
202407050528,"2024-07-04 21:28:49.000000",170949,42802,171138,170949,19451,1256687,230274,16152558104670424135,10042768265265733629,16190129470487333592,1677402360951572400
202407050628,"2024-07-04 22:28:49.000000",171052,42802,171508,171052,19768,1252645,238201,6987921626216225484,14939574036261261708,14284336756519851400,16672423862731601270
202407050728,"2024-07-04 23:28:49.000000",171050,42802,170769,171050,19544,1235210,254019,1993146968659581072,9725736467905215490,3482081090744319239,10784546039426584645
202407050828,"2024-07-05 00:28:49.000000",171054,42802,171201,171054,21173,1226400,267742,608050346454145471,1568664388606593437,16283673103545796824,1406291093889983924
202407050928,"2024-07-05 01:28:49.000000",171041,42802,170321,171041,21176,1220042,277544,16972335766313728482,939920855384656384,799843992067556448,4567180545282165216
202407051028,"2024-07-05 02:28:49.000000",171079,42802,171312,171079,21015,1242806,259809,10770071382446958599,1811127130224100935,4547338203147633949,12070332212991287167
202407051128,"2024-07-05 03:28:49.000000",171029,42802,171345,171029,21179,1232466,263818,13873531999667254608,18001255453993117122,861332999382627692,16153258160730784276
202407051228,"2024-07-05 04:28:49.000000",171083,42802,170769,171083,20070,1238280,257120,2614471219733019818,8974845236435738346,17329193703519901078,1930915390372687010
202407051328,"2024-07-05 05:28:49.000000",171028,42802,170604,171028,20001,1229716,259539,15501851208971825136,2434890319137732120,13120616800688964064,5302587130866766808
202407051428,"2024-07-05 06:28:49.000000",171056,42802,170777,171056,19802,1244342,246490,14857704883009020542,1421286410993918782,14601014576323002001,10057576502452230221
202407051528,"2024-07-05 07:28:49.000000",170985,42802,171374,170985,19405,1251834,235944,2824939278989261167,10043295666227634551,736407419544997324,15674062087917762730
202407051628,"2024-07-05 08:28:49.000000",170996,42802,171068,170996,19797,1256794,236630,14282532669922334342,14736849976242018968,17061947133038921109,15350302012442926629
202407051728,"2024-07-05 09:28:49.000000",170968,42802,170347,170968,19956,1257749,235168,6689956076647914450,17875570058398312820,2543389821785179776,1073230609296369322
202407051828,"2024-07-05 10:28:49.000000",170935,42802,171031,170935,19815,1255957,235459,10706368979210580102,17504731517928556132,6216657411689632523,7306222150603894955
202407051928,"2024-07-05 11:28:49.000000",170994,42802,171496,170994,19805,1261104,231085,18419301555448191287,7679468930246699155,9368969401403040474,9886678098953906948
202407052028,"2024-07-05 12:28:49.000000",170942,42802,171493,170942,21040,1258176,236193,13428062034553604473,10347241116938621285,17962424803762482646,18274744664554213074
202407052128,"2024-07-05 13:28:49.000000",170978,42802,171685,170978,20717,1262997,238188,10822174870763014736,13338026845827795742,8361816947884742207,16157788723974164755
202407052228,"2024-07-05 14:28:49.000000",170916,42802,170659,170916,20251,1260422,234826,4287980908350562644,1846843555170328986,6067865232445637828,5308943469287858426
202407052328,"2024-07-05 15:28:49.000000",170916,42802,169750,170916,20323,1253812,237297,621591773835991843,9072040279492109533,12031057039913237179,1193698456409020005
202407060028,"2024-07-05 16:28:49.000000",170974,42802,170200,170974,20493,1261516,236301,10217103633898583881,13953210661475607255,4787309155288367765,805735100375507039
202407060128,"2024-07-05 17:28:49.000000",170827,42802,171094,170827,20536,1251046,240621,235760371808184910,4320568979057947354,11270937189722287884,6799468467288531406
202407060228,"2024-07-05 18:28:49.000000",170859,42802,171005,170859,20365,1252294,235540,16903753500294225629,1987042595805607397,3266002040752133493,3899437552928914309
202407060328,"2024-07-05 19:28:49.000000",170896,42802,171811,170896,20350,1255612,232554,6342219674297533540,9997796712410265636,10874540622238334308,15471599305147059920
202407060428,"2024-07-05 20:28:49.000000",170875,42802,170821,170875,20516,1241802,246190,12870666346626650119,15287489187670707265,9327748791132563447,8382278069105112819
202407060528,"2024-07-05 21:28:49.000000",170835,42802,170854,170835,20789,1242342,247157,7266181993306066676,6917530529451869178,17054022142302090927,11491398442868526909
202407060628,"2024-07-05 22:28:49.000000",170932,42802,170288,170932,21632,1255650,244071,3707186074574373363,8158928212614162233,3781290809279828067,16008798601931798813
202407060728,"2024-07-05 23:28:49.000000",170795,42802,170788,170795,23611,1249869,254763,16566222461367126764,10629583607644546308,16612228181213898757,4908196937219974293
202407060828,"2024-07-06 00:28:49.000000",170798,42802,171393,170798,24060,1248998,256051,11364048709010067971,589569980634218351,7252507516999362789,745541672087173689
202407060928,"2024-07-06 01:28:49.000000",170807,42802,170803,170807,24011,1246529,257623,5588938726983921003,17137047172319760639,5325989600402370135,13340602439646830903
202407061028,"2024-07-06 02:28:49.000000",170864,42802,170497,170864,24024,1249527,257058,16267464545773102465,6221130690851490199,1481922012089953951,4935018582849440285
202407061128,"2024-07-06 03:28:49.000000",170860,42802,170575,170860,24022,1252572,256518,953637363579026510,4703270486979133454,17304273109072445486,15752715520085178102
202407061228,"2024-07-06 04:28:49.000000",170830,42802,170733,170830,24120,1245433,261929,6429705238984200085,4975503979335619025,5168525450628351565,6691922955724044511
202407061328,"2024-07-06 05:28:49.000000",170834,42802,170021,170834,23998,1245420,261932,5884545377622466665,13696650698851837967,15094174556411649573,10226476132944240335
202407061428,"2024-07-06 06:28:49.000000",170890,42802,171326,170890,23395,1250323,255599,12588367669189295001,11894289086141961147,8843056537369424180,5093864035531737128
202407061528,"2024-07-06 07:28:49.000000",170881,42802,170413,170881,22772,1249060,252481,18385115921589822044,6987278159847447934,15731926305253836940,256910129054140528
202407061628,"2024-07-06 08:28:49.000000",170878,42802,170248,170878,22844,1251913,252653,11935804695818314087,11227888860160913295,11336853380563642813,1245907540129083675
202407062028,"2024-07-06 12:28:49.000000",170927,42802,171053,170927,22460,1244586,253107,375971461374782127,15819975307218013081,8604727442108005979,9306496508955947577
202407062128,"2024-07-06 13:28:49.000000",170919,42802,171097,170919,20759,1255696,239135,1863762461889308147,11603717968452625955,6914947285013568435,9036166229811007931
202407062228,"2024-07-06 14:28:49.000000",170938,42802,170545,170938,20452,1258997,232752,6970330384711606767,3835654348255287301,17076696630124107814,15018575509794234802
202407062328,"2024-07-06 15:28:49.000000",170874,42802,170200,170874,20444,1260560,227838,10015883048645451388,6857420192074613670,4336679965125373255,2347735019619350321
202407070028,"2024-07-06 16:28:49.000000",170873,42802,170633,170873,20385,1255909,236601,7421091630297791910,6300957171751566778,15948050324216419087,2838813850443394617
202407070128,"2024-07-06 17:28:49.000000",170826,42802,171282,170826,20476,1254148,236172,4028531296251327669,12382551663826649239,11753533157219827827,18156042062441991325
202407070528,"2024-07-06 21:28:49.000000",170838,42802,170769,170838,23670,1253600,254106,7115488057388927425,7730630500317641595,769909392384516051,13401306739965909677
202407070628,"2024-07-06 22:28:49.000000",170798,42802,171752,170798,23860,1250213,255971,429727156919820542,13653151451194130510,15621841642790604023,13455753535962187877
202407070728,"2024-07-06 23:28:49.000000",170849,42802,170519,170849,23973,1252791,255463,12207175042042178801,7515103004405917577,12094489604236114467,5431258066100499305
202407070828,"2024-07-07 00:28:49.000000",170885,42802,170058,170885,24161,1252286,257580,16394775194153956484,9571216038026491798,8155250759337907354,12056742972881520074
202407070928,"2024-07-07 01:28:49.000000",170818,42802,170270,170818,23902,1247024,262284,11133748734899909839,14018954999131035401,476570764804677449,12073404075846178697
202407071028,"2024-07-07 02:28:49.000000",170696,42802,171227,170696,24000,1243623,262392,15498368101937485739,5659420628788754589,8878219749595145589,847145907680358479
202407071128,"2024-07-07 03:28:49.000000",170900,42802,170990,170900,24156,1249959,261043,230931494495245715,11847479777689060229,11062319981269545240,16275015198142825722
202407071228,"2024-07-07 04:28:49.000000",170879,42802,170677,170879,24199,1250586,261725,14941781706634453846,5343875406145483036,11196601093792913372,13376825195680514344
202407071328,"2024-07-07 05:28:49.000000",170835,42802,171127,170835,24027,1247217,264349,2850395914020588056,5236172778212659458,16915946683126940584,15990409817676901464
202407071728,"2024-07-07 09:28:49.000000",170833,42802,170792,170833,21438,1249008,247811,17377181234645321149,10821809975521225931,15413644706234188507,4439120042724213219
202407071828,"2024-07-07 10:28:49.000000",170865,42802,170494,170865,21157,1255706,246086,765549095717877989,13131239864389901341,525986054106075311,14572247376291158659
202407071928,"2024-07-07 11:28:49.000000",170851,42802,171153,170851,21158,1246384,249923,12118675425604014569,7392350421676940685,16125315647096921653,15886616735086585501
202407072028,"2024-07-07 12:28:49.000000",170907,42802,171212,170907,21216,1248852,246887,1208214779257671162,3098138497112799932,12433037634456108376,17425859570303169930
202407072128,"2024-07-07 13:28:49.000000",170909,42802,170307,170909,20677,1257765,238635,4508207161235590588,9387725202296368094,1064401729352457453,6427002487933010377
202407072228,"2024-07-07 14:28:49.000000",170861,42802,171245,170861,20527,1251513,238357,13769331492832234015,14690058906502442335,16787236167006524117,5714625851654043903
202407072328,"2024-07-07 15:28:49.000000",170851,42802,171256,170851,20435,1247953,239982,3191751765954807796,15716688624060496488,3803946122691200360,17555027605780117192
202407080028,"2024-07-07 16:28:49.000000",170951,42802,170230,170951,20198,1256111,234410,4126478447802705677,84049631856328221,2191537124877236130,18047793877726363626
202407080128,"2024-07-07 17:28:49.000000",170922,42802,170439,170922,20464,1255425,234018,4271217635764673313,3713077126326738759,842584557361992080,781281222832784750
202407080228,"2024-07-07 18:28:49.000000",170906,42802,170314,170906,20427,1249718,235585,9911280609613327422,11142413400516696698,11357422554712592390,8719674253706777568
202407080328,"2024-07-07 19:28:49.000000",170944,42802,170990,170944,20436,1252704,232972,17693327517198519053,16950681113433297577,4787301377523776818,8640843216682920734
202407080428,"2024-07-07 20:28:49.000000",170900,42802,170354,170900,20327,1252506,234748,9757739621364789279,11655241387409266383,14276189585974278861,6830981676483102567
202407080528,"2024-07-07 21:28:49.000000",170876,42802,171437,170876,22019,1252320,241543,9051869878257883051,4864916601974967801,10938960257829679860,18170417946900357522
202407080628,"2024-07-07 22:28:49.000000",170844,42802,170641,170844,22394,1250274,248041,3124580152579412836,10063835605838325012,7893812705612082341,5985979009023108057
202407080728,"2024-07-07 23:28:49.000000",170994,42802,171171,170994,23527,1247233,260074,11990569213871887555,17887796690940573257,15732530988667532363,6213101227269581257
202407080828,"2024-07-08 00:28:49.000000",171018,42802,171352,171018,23850,1240913,269362,5460618825943259677,15513488530909425595,18052055598435643645,13849748951499539217
202407080928,"2024-07-08 01:28:49.000000",171012,42802,170233,171012,23907,1237173,273700,15999524547161589861,5056991806899804133,4940811904774368322,16908065214676819796
202407081028,"2024-07-08 02:28:49.000000",171007,42802,170666,171007,23934,1236513,273802,6476347752284192398,7241014536289497292,628586587514707038,18052821987428894084
202407081128,"2024-07-08 03:28:49.000000",171041,42802,171138,171041,22819,1239680,259511,15278423982773317569,11038124354503928269,15541637874141787882,1410160861526034130
202407081228,"2024-07-08 04:28:49.000000",170961,42802,170758,170961,22790,1227648,270063,7671788783425966680,14676891044454590890,12712014490042723280,16930152371597091146
202407081328,"2024-07-08 05:28:49.000000",171055,42802,170861,171055,21316,1232342,259205,16194674440135074094,6384017369205312264,8920664995840200008,625193517440531344
202407081428,"2024-07-08 06:28:49.000000",171054,42802,171312,171054,20239,1238167,253402,9372375110138819387,16107254660913337589,5008036617318644930,14896386142854829076
202407081528,"2024-07-08 07:28:49.000000",170968,42802,170369,170968,19774,1242373,246147,9670910982528948864,2327222411613201122,5313448529540063187,4868735098727239189
202407081628,"2024-07-08 08:28:49.000000",170950,42802,170145,170950,19791,1247700,245412,4943115913181012739,10692256540979513213,2575787797436981729,14793338737951406877
202407081728,"2024-07-08 09:28:49.000000",170981,42802,170762,170981,18177,1248995,237203,14902303552598893853,3657125988786753243,1503843704880987877,15675008431324120451
202407081828,"2024-07-08 10:28:49.000000",170899,42802,170211,170899,19662,1248008,243284,9301165380122608410,2488284941076265706,1294832272819724357,17701537337358747359
202407081928,"2024-07-08 11:28:49.000000",170935,42802,170810,170935,19586,1250538,239973,3997922377302265497,11744134271932362357,17834585588621553234,12564032727546620378
202407082028,"2024-07-08 12:28:49.000000",170866,42802,170769,170866,19723,1250252,237716,555091781391712113,1843149232618974891,3313563875573520184,8292324830251207632
202407082128,"2024-07-08 13:28:49.000000",170861,42802,171238,170861,19292,1249415,234214,13921079310885908274,2273710893790253396,826561117571279968,10539609854341412092
202407082228,"2024-07-08 14:28:49.000000",170858,42802,170582,170858,18985,1248791,231401,5309049879352024822,13441660977589192800,5965976114594531371,2299420928682764379
202407082328,"2024-07-08 15:28:49.000000",170840,42802,170641,170840,18910,1249514,231270,14867853727574229208,12895478169022298946,11120993031037192001,9498767751645187315
202407090028,"2024-07-08 16:28:49.000000",170844,42802,170792,170844,18846,1245528,233182,17932979657184453686,17424318400128257616,14197471216596859096,1447435690567128950
202407090128,"2024-07-08 17:28:49.000000",170872,42802,170431,170872,18776,1249492,229750,11231828052016050493,11760968984282119007,16567217105979179144,4211089498879324002
202407090228,"2024-07-08 18:28:49.000000",170761,42802,170902,170761,20211,1243177,241308,2994217428154683595,16470610009225612491,3461046273482807353,1752854779711557783
202407090328,"2024-07-08 19:28:49.000000",170858,42802,170747,170858,20525,1255149,238696,1793841333692372720,17554271310328243908,2543030752551959265,12573065227565053065
202407090428,"2024-07-08 20:28:49.000000",170767,42802,170766,170767,20582,1248742,241829,5725347845303503240,490168960794051206,3901354623698924613,1809716011134480751
202407090528,"2024-07-08 21:28:49.000000",170903,42802,170343,170903,20944,1250914,241855,502578528067523354,9135778631055617264,15773901599979692798,15167718739393911506
202407090628,"2024-07-08 22:28:49.000000",170838,42802,171504,170838,20952,1244271,248635,11327131075587081755,2971822348694593679,2770882001304695750,10264744332820738840
202407090728,"2024-07-08 23:28:49.000000",170952,42802,171112,170952,20898,1242046,248071,11412410139755320498,11124427183467714458,393105943442836675,11179707101730433615
202407090828,"2024-07-09 00:28:49.000000",171040,42802,171471,171040,20948,1233477,257725,11502019898735762341,13324772168963284877,8724776537951805113,13596143314683512885
202407090928,"2024-07-09 01:28:49.000000",171050,42802,171511,171050,21126,1223868,273297,2866916091828011064,12546036060411885644,2748505336766940670,3439958423739813966
202407091028,"2024-07-09 02:28:49.000000",170972,42802,170828,170972,21054,1236821,261097,9956357220998842506,17612997564437714156,9034415008627913731,16688304297308704129
202407091128,"2024-07-09 03:28:49.000000",170963,42802,169393,170963,20937,1237524,260400,17299649382950605870,1051257937044508202,13679846588522003961,9718015486432495731
202407091228,"2024-07-09 04:28:49.000000",171034,42802,171315,171034,21227,1237931,262340,15827074031060299225,16583796795393291371,3184646810135989286,12468066475207301776
202407091328,"2024-07-09 05:28:49.000000",171043,42802,171611,171043,21186,1239712,263353,15426155862026375493,936310756166204259,1797470097857445854,2302463326306367056
202407091428,"2024-07-09 06:28:49.000000",170986,42802,170909,170986,21501,1239961,265517,13064119834605480334,16228561300271674862,17216591235549088033,7112830700635220197
202407091528,"2024-07-09 07:28:49.000000",170971,42802,170902,170971,21398,1243166,261947,9358914076295502501,5228003854218145895,16398483372425018223,12270760458004152121
202407091628,"2024-07-09 08:28:49.000000",170914,42802,170773,170914,19719,1243775,250209,13741112137986965382,13901578274664991098,1575300175117063020,14825755581002842980
202407091728,"2024-07-09 09:28:49.000000",170906,42802,171474,170906,19676,1252936,242799,13868887262149616680,13305384275146100166,3925995473519847569,6910061171919509009
202407091828,"2024-07-09 10:28:49.000000",170905,42802,171005,170905,19794,1243626,246157,18276589697285157185,16722922827317037233,1647193485103944790,15921050065506925190
202407091928,"2024-07-09 11:28:49.000000",170890,42802,170589,170890,19740,1245600,245523,15241734362564545987,10071941708592311269,10691834465180980687,10571740028031794843
202407092028,"2024-07-09 12:28:49.000000",170864,42802,171145,170864,19757,1250839,243074,13785886825710775111,16585881656631729375,10416273679295811729,6599598262084616301
202407092128,"2024-07-09 13:28:49.000000",170875,42802,170961,170875,19648,1249640,238653,4850097273182024777,9845837218190349921,13590132511069837028,5909566066809351866
202407092228,"2024-07-09 14:28:49.000000",170976,42802,171774,170976,20687,1241356,248940,3024226312077529825,3138711772149392685,7696835789223727203,18273078208684498175
202407092328,"2024-07-09 15:28:49.000000",170968,42802,171337,170968,20335,1246684,242310,1385558728772407914,11069897654419643692,379247598896543111,8568344198952204217
202407100028,"2024-07-09 16:28:49.000000",170930,42802,170659,170930,20168,1247046,244364,298055584367372610,9330459569942021480,1081762071180120090,3541770028850356858
202407100128,"2024-07-09 17:28:49.000000",171023,42802,171312,171023,20033,1243326,252325,13064264097096433173,8628600437769471655,11446845458907935517,9192496236484042691
202407100528,"2024-07-09 21:28:49.000000",170921,42802,170611,170921,19525,1249495,234079,16021808974804690654,17641674468266246514,6365588806533814357,11738149730097358547
202407100628,"2024-07-09 22:28:49.000000",170870,42802,170666,170870,19780,1242817,242517,10709587649388504722,549335837901000250,13048342180424248666,9710022060622724380
202407100728,"2024-07-09 23:28:49.000000",171039,42802,170435,171039,21200,1214262,278541,9608155383084188912,909828737360989294,894092247272361415,6594547328457065299
202407100828,"2024-07-10 00:28:49.000000",170977,42802,171378,170977,21265,1206413,288212,153303832390811506,328622751844053684,4514546617793241720,2621243074421796836
202407100928,"2024-07-10 01:28:49.000000",171007,42802,171748,171007,21511,1215666,286428,17396757216204106035,5799722196636046289,14688150853977332549,17323227720501172023
202407101028,"2024-07-10 02:28:49.000000",171050,42802,171024,171050,20190,1226482,270075,17244133135117818833,2508707841517123071,5916736843426599318,11540092580674644006
202407101428,"2024-07-10 06:28:49.000000",170980,42802,170880,170980,19851,1234683,255142,6650546419674633515,11245750472671430093,534331543831936408,1318009690538366314
202407101528,"2024-07-10 07:28:49.000000",171032,42802,170939,171032,19597,1231134,258481,2623418841433183594,11377124962466154342,6184259699391344663,5166841015616140239
202407101628,"2024-07-10 08:28:49.000000",170939,42802,171223,170939,19659,1249648,242485,324509122556270517,15346326331313836359,199477440513583712,6959580992427530546
202407101728,"2024-07-10 09:28:49.000000",170863,42802,170615,170863,19826,1242387,243897,2798547554375855252,6613940086620039420,11542431851482234959,5606947081930613941
202407101828,"2024-07-10 10:28:49.000000",170897,42802,170880,170897,19580,1247883,239944,6694139076113729794,2618040912239866768,501440931981652065,15962335497405855993
202407101928,"2024-07-10 11:28:49.000000",170880,42802,170784,170880,19652,1248610,239415,4656399958455638301,16092971534879974805,9028253353992596451,3842855934321403303
202407102328,"2024-07-10 15:28:49.000000",170902,42802,171334,170902,19258,1252562,232723,13167217580505205806,17013404957776610478,6242814717315092510,4386883090647179496
202407110028,"2024-07-10 16:28:49.000000",170837,42802,170277,170837,19083,1249295,232806,6467171777946942876,17558489478282098836,10653381060011642064,18319622255999795314
202407110128,"2024-07-10 17:28:49.000000",170893,42802,170542,170893,18925,1250159,229017,9184467966804993525,3530247720325969487,6806040630270856996,4704858154772118548
202407110228,"2024-07-10 18:28:49.000000",170860,42802,170622,170860,19262,1245312,233987,11506338212326437170,3873459639184966468,16265238674486638476,947982844974728570
202407110328,"2024-07-10 19:28:49.000000",170864,42802,170858,170864,19191,1249158,228794,4567169308799768408,9738234115118019772,10288061547934789739,12432455074169465377
202407110428,"2024-07-10 20:28:49.000000",170897,42802,170909,170897,19145,1250781,228858,7526322456493957099,18230167645226449431,1594969361912450967,13996151966985715875
202407110528,"2024-07-10 21:28:49.000000",170877,42802,169696,170877,19440,1250549,231010,10854733087111697089,6502441049028465599,6367181085335583332,13006559551558551568
202407110628,"2024-07-10 22:28:49.000000",170921,42802,171138,170921,19748,1249760,240817,15014497417548389287,8477117536367172161,7103844166707714856,5459849102816409760
202407110728,"2024-07-10 23:28:49.000000",171005,42802,171345,171005,19577,1228464,259960,13761116396458435109,17266716458344678431,9923591533176442940,3461606402859097098
202407110828,"2024-07-11 00:28:49.000000",171047,42802,171208,171047,20077,1234680,260529,16281802138308970121,8634759830889121139,4717838386800243615,17150560596045862711
202407110928,"2024-07-11 01:28:49.000000",171015,42802,170758,171015,20046,1232243,263440,1366490267027173097,5693502176640072961,12838417246061533449,17655654107637796857
202407111028,"2024-07-11 02:28:49.000000",170997,42802,171408,170997,19969,1237606,260216,13294317908804287312,10900659428948189186,1813776585285259000,18203759129314976134
202407111128,"2024-07-11 03:28:49.000000",171038,42802,171663,171038,20007,1238135,257413,1341838431489095112,8212473530029777312,7327702524089243722,12352820508652908166
202407111228,"2024-07-11 04:28:49.000000",171020,42802,170497,171020,19741,1232712,263081,12745650812516987133,16295653324284047021,13849741522290511613,11070694608052648839
202407111328,"2024-07-11 05:28:49.000000",171016,42802,170902,171016,18728,1239288,253230,4835737038518322713,436558247595019735,13580028120828578683,10863614251971120737
202407111428,"2024-07-11 06:28:49.000000",171046,42802,170644,171046,18777,1222807,261189,11549174398440265245,5060286062164608853,993258701819665951,1032256399922453119
202407111528,"2024-07-11 07:28:49.000000",170980,42802,171563,170980,18397,1229080,252905,5748114632777695604,2365932790201280462,14144678148880048489,9191287452400569801
202407111628,"2024-07-11 08:28:49.000000",170950,42802,171127,170950,18283,1234249,246287,589558161542015393,12336692540700736353,12818501239191539559,1782505804070799377
202407111728,"2024-07-11 09:28:49.000000",171016,42802,171260,171016,18600,1233937,247767,1690536551728483443,2769228038399107349,4563149959378186744,448407037035524740
202407111828,"2024-07-11 10:28:49.000000",170865,42802,170850,170865,18392,1250544,232121,5923696476229309596,5704749432638747664,5519714631154730964,14181138965841439114
202407111928,"2024-07-11 11:28:49.000000",170885,42802,171094,170885,18537,1252780,233739,12710825369882074628,14508322444687700646,4367072119245637330,8252834156586024064
202407112028,"2024-07-11 12:28:49.000000",170851,42802,170792,170851,19779,1250043,239339,12703317581736430769,1442894961596196553,1821775264341213984,1132425938343257030
202407112128,"2024-07-11 13:28:49.000000",170947,42802,170821,170947,19091,1250599,229754,14115600913031313003,6447700386826474731,17342435691848302137,3606341072760434345
202407112228,"2024-07-11 14:28:49.000000",170864,42802,171559,170864,19065,1248957,228927,9636374658037638934,755051988692475262,12643387207626462377,7703590834997411721
202407112328,"2024-07-11 15:28:49.000000",170920,42802,171615,170920,18734,1251484,225845,5527872015154542906,2929234711303660898,16915832476446754827,3394197104856596181
202407120028,"2024-07-11 16:28:49.000000",170797,42802,170714,170797,19042,1243158,233211,13075832344312899412,17661990574176841024,9798976371328904823,11721897339179219135
202407120128,"2024-07-11 17:28:49.000000",170841,42802,171348,170841,18874,1245320,232200,14004838561560787635,16208516312627091599,11795151807976589106,5366427765886314104
202407120228,"2024-07-11 18:28:49.000000",170927,42802,171260,170927,18899,1243715,234462,14081050263930112262,9522698811940747172,4436730376077588682,11891121147142847828
202407120328,"2024-07-11 19:28:49.000000",170887,42802,170972,170887,18697,1241693,235140,10398035542266182748,1805110569860859834,15344409240691089465,4693741817769534417
202407120428,"2024-07-11 20:28:49.000000",170942,42802,171622,170942,18992,1246130,233758,4243392543721155789,14479842899188401043,10288234419902047359,2451639268865683139
202407120528,"2024-07-11 21:28:49.000000",170802,42802,171038,170802,19484,1240186,238328,3402960469325918194,9248357020299649894,15211859873269849138,13818579107529217004
202407120628,"2024-07-11 22:28:49.000000",171060,42802,171215,171060,20036,1232961,252320,12784113465444067421,8187660691108172123,11680683609280359391,10317499811530914213
202407120728,"2024-07-11 23:28:49.000000",171015,42802,170869,171015,19876,1210222,275305,5554616131069029907,15810694617499650895,15473057036681346126,3211972654467310542
202407120828,"2024-07-12 00:28:49.000000",171021,42802,171759,171021,19930,1227941,261478,11954943934660063260,9665874295698436944,17392367579473453497,17400962597745616971
202407120928,"2024-07-12 01:28:49.000000",171071,42802,171075,171071,20113,1221632,265428,4772024202268199854,1129023696604326580,14129464301308615798,12165518216363163332
202407121028,"2024-07-12 02:28:49.000000",171062,42802,170674,171062,19926,1219198,268546,13498882711723549034,935339666426752060,17639335051683469416,2151954270987081498
202407121128,"2024-07-12 03:28:49.000000",171046,42802,170681,171046,18973,1225713,258255,14074356558181921633,5073625800506770303,5974605232452446269,11904137390661545431
202407121228,"2024-07-12 04:28:49.000000",171080,42802,171256,171080,18793,1220628,262781,8314649942286555356,5621686481851786600,8495269176592953207,9683561703734927619
202407121328,"2024-07-12 05:28:49.000000",171095,42802,170567,171095,18950,1222068,262265,17986255606531375612,15221330712097300560,1908843160882180283,1024294759018498483
202407121428,"2024-07-12 06:28:49.000000",171074,42802,171923,171074,18816,1222833,258203,8876213553832728632,11727121533463149560,16265620574400748594,9652823155315609430
202407121528,"2024-07-12 07:28:49.000000",171082,42802,170384,171082,18632,1236789,244405,10038745546410399579,14258777691540477055,12226275175482277308,406230702028077210
202407121628,"2024-07-12 08:28:49.000000",170982,42802,171508,170982,18569,1248549,232177,16020298609489842433,13795881843959546125,15513253755687703572,6625606521535895742
202407121728,"2024-07-12 09:28:49.000000",170959,42802,171748,170959,18213,1250127,229922,8598278560411427085,5217955285154119971,1217336477791570930,11641914773860639654
202407121828,"2024-07-12 10:28:49.000000",170889,42802,171064,170889,18398,1247488,231256,5452446721837760675,7703340680949894045,13821698950426816183,13253371364478276089
202407121928,"2024-07-12 11:28:49.000000",170878,42802,170906,170878,18458,1247528,233236,10856156649974850167,6449446105294576335,10417050110313196921,14667296338483878239
202407122028,"2024-07-12 12:28:49.000000",170825,42802,170582,170825,18407,1249278,230953,5255615806039690311,17095175149207662645,4819195707462782604,1718579476430061302
202407122128,"2024-07-12 13:28:49.000000",170846,42802,171064,170846,19244,1246949,234613,8704212849244733566,651656788109730114,10993196457907877981,13244055154551387201
202407122228,"2024-07-12 14:28:49.000000",170855,42802,170380,170855,19170,1246901,233209,5308021310985541900,14401616422639434298,1040463672094755640,3813137665904581186
202407130228,"2024-07-12 18:28:49.000000",170882,42802,172023,170882,19059,1247257,232664,8764375917614496500,17482603967043281236,1048530841767978200,8929540865102848010
202407130328,"2024-07-12 19:28:49.000000",170895,42802,170744,170895,20407,1251238,239363,2874296973714596226,602800397294523012,4142260512895711043,3492011302535074857
202407130428,"2024-07-12 20:28:49.000000",170795,42802,171127,170795,20722,1244289,244697,5287173925860738604,1142083487036622490,950932504886740666,15583024106950715804
202407130528,"2024-07-12 21:28:49.000000",170867,42802,172149,170867,20770,1246707,240426,4064674342152148824,17249964123043143436,6237179309444863417,5496302468543463419
202407130628,"2024-07-12 22:28:49.000000",170819,42802,169981,170819,20844,1246908,244354,13418300019799322286,288317562434723886,11072297992737343540,7556596266829087934
202407130728,"2024-07-12 23:28:49.000000",170855,42802,170843,170855,20948,1248951,244550,11226821776225671368,10308439650999278868,6533383400252091830,7321709828097381204
202407130828,"2024-07-13 00:28:49.000000",170877,42802,170803,170877,21044,1246451,244529,18408264646064179218,10002208252956501532,2154289211419764001,8325837161128579185
202407130928,"2024-07-13 01:28:49.000000",171022,42802,171519,171022,21110,1234905,256188,12871622675667404062,11271007607227668774,3810361261116722088,14275187393103744218
202407131028,"2024-07-13 02:28:49.000000",170979,42802,171619,170979,20772,1251518,244564,11817901797733608328,10192557032543879156,8107312924391259081,10755522375993212637
202407131128,"2024-07-13 03:28:49.000000",170860,42802,170751,170860,20406,1246911,245425,12779139632306774123,8049154415640818439,9218846981031592268,6791176159655439900
202407131228,"2024-07-13 04:28:49.000000",170895,42802,170615,170895,21266,1244849,252058,9841609882705119996,17309976241514683446,12042042859052884385,12269803183775584561
202407131328,"2024-07-13 05:28:49.000000",171057,42802,171049,171057,20024,1241655,248607,10156046447336796364,16141092183855873700,3057112327035675692,13281174392911964428
202407131428,"2024-07-13 06:28:49.000000",171027,42802,171001,171027,20112,1244674,249890,12383127076867463284,14003919239664665084,12696406707889621108,17789992023178499478
202407131528,"2024-07-13 07:28:49.000000",171055,42802,170714,171055,19606,1246921,241316,7608409440253207835,5341485067336292069,3574624264528345064,10442172218457654158
202407131628,"2024-07-13 08:28:49.000000",170929,42802,171094,170929,19764,1247081,241041,847799919114419903,447728414272481551,8554764977383904723,17361041142800487901
202407131728,"2024-07-13 09:28:49.000000",170927,42802,170836,170927,19593,1244337,244034,12799992138376871618,13482196158092992608,16413488294517009222,790558854713362698
202407131828,"2024-07-13 10:28:49.000000",170860,42802,171545,170860,19687,1250687,237848,15052388672878066039,7651543060228331337,10062281583496360702,1359989906718021502
202407131928,"2024-07-13 11:28:49.000000",170841,42802,170722,170841,19514,1245508,240065,14907365849681595185,17004111889748732671,7050578325332747274,12792151391895217350
202407132028,"2024-07-13 12:28:49.000000",170866,42802,170230,170866,19846,1247580,239601,1943992338548719914,9376187212013333450,12159130311971115959,8351179004808000657
202407132128,"2024-07-13 13:28:49.000000",170863,42802,171149,170863,19431,1243920,241307,850824597114721452,17594465195840779514,14098666253710045121,3931273508583403969
202407132228,"2024-07-13 14:28:49.000000",170932,42802,170968,170932,19431,1247960,235547,7592574649705266505,5695132333405346423,14176345102857731792,17848272516883389516
202407132328,"2024-07-13 15:28:49.000000",170932,42802,171197,170932,18968,1246789,233344,9734058787261589346,8554966009644348194,7981284735137673323,6711311953279681071
202407140028,"2024-07-13 16:28:49.000000",170950,42802,171016,170950,18917,1250142,230513,5494690738705405699,11901122141877486973,17393325087933322624,5690551137177896506
202407140128,"2024-07-13 17:28:49.000000",170909,42802,171016,170909,18973,1252148,229968,997972759226550987,6204605624481561029,7535306660425569666,17918232054111365278
202407140228,"2024-07-13 18:28:49.000000",170817,42802,170553,170817,18639,1242748,233755,11398972576412182004,5707930190290266390,15282233917370279959,10771201838963313073
202407140328,"2024-07-13 19:28:49.000000",170855,42802,169604,170855,19020,1243333,236067,13316258199483955675,15442086411497837269,5738060059099640272,6432552580584340596
202407140428,"2024-07-13 20:28:49.000000",170924,42802,170976,170924,20342,1246859,239009,16228988376711219047,5689856346910990117,7765407798012767082,7822130122168252712
202407140528,"2024-07-13 21:28:49.000000",170893,42802,171020,170893,20553,1248588,240796,8458457060734872964,13528180687378220150,17311842665956820429,14409817042462124669
202407140628,"2024-07-13 22:28:49.000000",170843,42802,171079,170843,20657,1246050,249790,17958587993194883653,99948131356748213,14624220269046804170,12976119709060385514
202407140728,"2024-07-13 23:28:49.000000",170813,42802,170825,170813,21130,1239088,252217,12613970306746590137,4278703086999155615,6653152179499095066,11811839036025851792
202407140828,"2024-07-14 00:28:49.000000",170698,42802,170979,170698,21145,1236300,247894,1855448460529558174,12428339647702273942,5414971813537100752,9025342910729314990
202407140928,"2024-07-14 01:28:49.000000",170814,42802,170417,170814,22397,1239617,256845,6430267904619540475,10498327562725628417,12237256493055422895,2225212515138062983
202407141028,"2024-07-14 02:28:49.000000",170814,42802,170939,170814,22596,1235009,259345,11310861276157239612,567039017133817412,4822136553035311360,13140088677829686972
202407141128,"2024-07-14 03:28:49.000000",170808,42802,170689,170808,22394,1237497,253283,7748585674438273375,12389684368191213063,5905688058865078123,7330791270950889743
202407141228,"2024-07-14 04:28:49.000000",170847,42802,170398,170847,22621,1243070,255876,18417012602591896697,13598015019649134813,5153071262570813853,16581074903689600145
202407141328,"2024-07-14 05:28:49.000000",170791,42802,171308,170791,22539,1234950,255284,12922419581003609611,3831495633485437801,3532688308348972173,8585615877320851645
202407141428,"2024-07-14 06:28:49.000000",170799,42802,170527,170799,21174,1243145,248266,13225442038803700120,2555895552121198954,15490509247039224294,17769643303232071214
202407141528,"2024-07-14 07:28:49.000000",170862,42802,170365,170862,19785,1242447,241571,48191589976183758,2270564362685027204,17345877270021107550,7980374071479758810
202407141628,"2024-07-14 08:28:49.000000",170820,42802,171208,170820,19606,1238916,244109,13106969973556858527,17425022805125371015,11034511566887979560,9550550542491666802
202407141728,"2024-07-14 09:28:49.000000",170797,42802,170858,170797,19808,1238470,246560,11204483786898912498,13414750877274774198,13429419081145466281,6562827831427007823
202407141828,"2024-07-14 10:28:49.000000",170919,42802,171245,170919,20149,1244816,245440,7158496099539877599,15905034978067233979,14799233610735470194,12423821216075339966
202407141928,"2024-07-14 11:28:49.000000",170830,42802,171046,170830,19911,1239004,249957,15855686738018534171,1614416636232377615,9230773709601688519,18130537059087661733
202407142028,"2024-07-14 12:28:49.000000",170836,42802,171245,170836,19899,1238881,245702,7802476999724807782,1642149537627941826,9609695549602442179,12617507897480989403
202407142128,"2024-07-14 13:28:49.000000",170886,42802,171763,170886,19228,1241062,238783,1076467976696272189,10411388473311209981,806681199167820569,13260717593827899761
202407142228,"2024-07-14 14:28:49.000000",170826,42802,171016,170826,18690,1242272,236512,6461901208749236314,13366292674187130066,10601781015022420205,10020921820942528725
202407142328,"2024-07-14 15:28:49.000000",170827,42802,170755,170827,18954,1244478,235713,4547966218525322469,11533873073115127683,3831525714441588287,10559001092018526363
202407150028,"2024-07-14 16:28:49.000000",170847,42802,170087,170847,19191,1241713,237681,9320637067864592400,10703643005523490322,13550665247569812953,4433234221947333481
202407150128,"2024-07-14 17:28:49.000000",170888,42802,171120,170888,18913,1247065,232056,10480235134534749054,14477898603887709630,2577126901532492982,6392701146634938096
202407150228,"2024-07-14 18:28:49.000000",170745,42802,169831,170745,19125,1240297,238280,9940971005565624613,18427046177871110401,12006439886047104853,10581075159442724905
202407150328,"2024-07-14 19:28:49.000000",170855,42802,171153,170855,18946,1243506,235046,3718075506420641985,15469101874047434177,17620884989326760788,16086329440182928002
202407150428,"2024-07-14 20:28:49.000000",170864,42802,170050,170864,19081,1240705,234710,16823417285526850217,6210409035588306933,15045338337084186735,5701538220156746255
202407150528,"2024-07-14 21:28:49.000000",170871,42802,170450,170871,19462,1241950,235712,10264549536418172691,5625391968294500913,8871368162731880482,15193469441063728940
202407150628,"2024-07-14 22:28:49.000000",170929,42802,171156,170929,19453,1232158,244522,10751057678133508744,930447442872467434,12327132898203392147,1195605914365628953
202407150728,"2024-07-14 23:28:49.000000",171097,42802,170998,171097,19957,1228696,251035,11342748370806047225,13182913197428564817,10221903742201254055,5951149768191454045
202407150828,"2024-07-15 00:28:49.000000",171069,42802,171485,171069,20066,1216792,263469,12828395542987433201,12440730177735874729,8244105150977886217,8746274061016066169
202407150928,"2024-07-15 01:28:49.000000",171039,42802,171348,171039,19931,1203530,277589,11128020989935098554,1242055627720768564,3653579516848001448,10363996472898104030
202407151028,"2024-07-15 02:28:49.000000",171064,42802,170409,171064,20041,1215085,267738,12276910690491317302,13641697707899006432,11688241414303828181,17097112038005370089
202407151128,"2024-07-15 03:28:49.000000",171052,42802,171611,171052,19911,1219397,263060,6872050329824852570,7121509266226465510,14007214046499345429,16133111630544381989
202407151228,"2024-07-15 04:28:49.000000",171047,42802,171400,171047,19948,1217304,266773,8528519933871921911,15189478316066663703,584680769892969537,12241394975774430145
202407151328,"2024-07-15 05:28:49.000000",171079,42802,170898,171079,18606,1222231,256153,16867448633236320346,11173536557491935994,15479032280975775916,8816108420056902488
202407151428,"2024-07-15 06:28:49.000000",171062,42802,170957,171062,18661,1223943,254346,3761193897323123083,11067081499252462249,1947148464952110903,7294287029739359931
202407151528,"2024-07-15 07:28:49.000000",171058,42802,171175,171058,18551,1231061,249341,3052659059202185137,11296646858904063651,13603428912773291988,17560543258459768098
202407151628,"2024-07-15 08:28:49.000000",170945,42802,170935,170945,18301,1233464,252886,13704933375373101770,884557595304428132,10443570797700162997,15475054655981737713
202407151728,"2024-07-15 09:28:49.000000",170939,42802,170722,170939,18475,1238008,249325,1315843010533821515,13344641231677845031,14140493260006688126,11125042923392390652
202407151828,"2024-07-15 10:28:49.000000",170939,42802,171223,170939,18356,1242113,237758,13022774983182816041,664496840241690447,11371714663865166629,14895605168698168549
202407151928,"2024-07-15 11:28:49.000000",170902,42802,170644,170902,18414,1237535,239467,17317483042602524939,15579096409398075553,2664644918248370861,14156461591731343989
202407152028,"2024-07-15 12:28:49.000000",170882,42802,171323,170882,18461,1239217,239031,83710905830079759,17885480988252546107,17384931569827996908,1945809028131820052
202407152128,"2024-07-15 13:28:49.000000",170791,42802,170718,170791,18166,1240316,233207,16674290115452244684,8209992323078243220,11081082415005526848,11180340225566500338
202407152228,"2024-07-15 14:28:49.000000",170906,42802,170413,170906,17883,1244907,231201,16020833066745100534,11522211400320126830,3430895353192990715,6794793501826873803
202407152328,"2024-07-15 15:28:49.000000",170873,42802,170689,170873,17993,1244859,227059,5418709602022578237,11898567434644131357,1711922030803888903,12881700522850313037
202407160028,"2024-07-15 16:28:49.000000",170903,42802,171090,170903,17892,1240243,229938,14010055487835493221,11752843341368806569,7131367785044852985,17591283898145151513
202407160128,"2024-07-15 17:28:49.000000",170847,42802,170501,170847,17717,1243520,230001,12051192753671148683,10950845629475809189,7936476190273924875,14410271946208037067
202407160228,"2024-07-15 18:28:49.000000",170857,42802,171160,170857,17464,1242800,229263,14390773098787274120,8517968581728476860,2021048857754092806,9998399209978521012
202407160328,"2024-07-15 19:28:49.000000",170915,42802,170895,170915,17630,1247974,227034,17668894209600336655,17863487477313941035,10708821210117103552,8483398418506498608
202407160428,"2024-07-15 20:28:49.000000",170924,42802,170189,170924,17575,1242518,228007,4169345177437908981,7707424999140306421,11111361469410656948,10114564333769163592
202407160528,"2024-07-15 21:28:49.000000",170867,42802,170979,170867,17839,1243236,226580,6275331325559767586,4617198731968713934,11147214352405600224,17171701758073364036
202407160628,"2024-07-15 22:28:49.000000",171052,42802,171227,171052,18107,1208531,267048,14149946336152294708,7030525670441884542,5158281965929753293,17885784435259260515
202407160728,"2024-07-15 23:28:49.000000",171044,42802,171622,171044,18292,1226205,248969,3194559142501398270,9100582800253458902,6404153166293160145,14595607606623485615
202407160828,"2024-07-16 00:28:49.000000",171021,42802,170784,171021,18683,1221200,255766,10312787647709059459,14710979349206109943,11520724613530410189,12001730061652940271
202407160928,"2024-07-16 01:28:49.000000",171118,42802,171437,171118,18527,1223923,257688,11689742047575593479,5954434805332684349,4611415117803656290,17021233158347167452
202407161028,"2024-07-16 02:28:49.000000",171076,42802,171337,171076,18761,1219527,254985,1556814457049206427,12370150428393239223,3246675717244405228,14369594346252549040
202407161128,"2024-07-16 03:28:49.000000",171048,42802,171035,171048,18742,1217799,256334,6330615847225774642,12496559721109983572,9929832554166889226,12917689077507114480
202407161228,"2024-07-16 04:28:49.000000",171068,42802,171252,171068,18639,1216779,256858,3551452913405622336,2232181984892468494,5170125412404127012,3225601709317463508
202407161328,"2024-07-16 05:28:49.000000",171014,42802,170954,171014,18536,1217222,255481,2792682224108401036,13254279727535784552,11301319887948539017,1764303355239020629
202407161428,"2024-07-16 06:28:49.000000",171080,42802,170692,171080,18838,1225047,249272,13272131641881211547,17097288347845481343,5664667483355946928,12743693695573945138
202407161528,"2024-07-16 07:28:49.000000",171044,42802,170747,171044,18270,1227858,246274,13791631965102934325,2704553659488335389,5510863170435345994,2838292106692159828
202407161628,"2024-07-16 08:28:49.000000",170979,42802,170637,170979,18178,1238712,235655,8459557184562578776,6415334340888667458,11213723832954971544,2862786119264853890
202407161728,"2024-07-16 09:28:49.000000",170993,42802,171053,170993,18189,1244649,228906,2928616181250406144,3495215334969635254,3954964963122216970,6300816682401983848
202407161828,"2024-07-16 10:28:49.000000",170937,42802,170880,170937,18436,1240126,235966,14616448339515761886,7915449086480218522,17068713933577381518,6392474216371194812
202407161928,"2024-07-16 11:28:49.000000",170957,42802,170957,170957,18176,1246912,229705,3370837373869734741,2770521603004652743,5883396255603408719,15507089670527349691
202407162028,"2024-07-16 12:28:49.000000",170900,42802,171060,170900,18244,1245644,230447,5582241531705204951,18105862600158786569,7620920671958047741,9032723047003932265
202407162128,"2024-07-16 13:28:49.000000",170877,42802,171131,170877,19505,1239488,238919,5363713772328245399,3324713357444358227,12127378255963314821,13832201351171105685
202407162228,"2024-07-16 14:28:49.000000",171064,42802,170442,171064,19629,1227353,252379,13107451163879432360,14800311158718243696,4671304019472222816,1223085400012428128
202407162328,"2024-07-16 15:28:49.000000",171063,42802,171193,171063,19963,1233797,256573,9990882809678852046,6751698607180685884,4976600843687330284,1557545804971979974
202407170028,"2024-07-16 16:28:49.000000",170999,42802,170998,170999,20372,1233140,261392,854781551357984931,2225692551846897817,16904482709074205554,15476851859192459952
202407170128,"2024-07-16 17:28:49.000000",171002,42802,171670,171002,20034,1233569,257232,5213289609461685791,15516036970765751321,3933164252123933944,10136796720601859844
202407170228,"2024-07-16 18:28:49.000000",170886,42802,170869,170886,20265,1235333,245749,7765354484993892756,3242340465376287486,14093657940075346669,10128557306497577857
202407170328,"2024-07-16 19:28:49.000000",170821,42802,170788,170821,18930,1236236,238235,17697266410134386106,5943168392217838204,17312121412390255957,6212706225296825997
202407170428,"2024-07-16 20:28:49.000000",170891,42802,170597,170891,19160,1240623,237058,17435974062892089935,1952016612342413933,9257363974823767821,5254817124345870529
202407170528,"2024-07-16 21:28:49.000000",170876,42802,170707,170876,19768,1241831,238658,9578795010130523470,12267355385643231236,2977597100155352502,6078152189540638872
202407170628,"2024-07-16 22:28:49.000000",170957,42802,171526,170957,19667,1237526,243970,987585431110716220,3635281591038408044,7536754794143929767,2149192056644931429
202407170728,"2024-07-16 23:28:49.000000",171042,42802,170054,171042,19488,1222259,255991,294664821289680093,5592872478499774595,16347943718640674305,2041519737355017043
202407170828,"2024-07-17 00:28:49.000000",171040,42802,170722,171040,18788,1219663,257699,7080843680193358804,3794903762496376356,7511924780486133350,4241217256360038988
202407170928,"2024-07-17 01:28:49.000000",171084,42802,171031,171084,18476,1212376,267825,3390147963056627806,5097485255679007636,14095015297465352076,5674927237583784266
202407171028,"2024-07-17 02:28:49.000000",171073,42802,171367,171073,18615,1224893,255073,1679749945612627470,4247060266467972724,768640003320647264,17426567809368368596
202407171128,"2024-07-17 03:28:49.000000",171060,42802,170685,171060,18540,1227814,253937,17135122490480720583,6374888546090081351,16901273195569511681,13917462572695698943
202407171228,"2024-07-17 04:28:49.000000",171061,42802,171526,171061,18783,1224428,259180,1157588857665897285,7219009424584008817,10264594949656362186,10546018739593142218
202407171328,"2024-07-17 05:28:49.000000",171046,42802,172056,171046,18829,1221065,260491,7444063519962148156,5359317120837624112,11178254010971630495,8420300372515967549
202407171428,"2024-07-17 06:28:49.000000",171045,42802,170876,171045,18798,1223179,258375,4729893862348436876,5350648494561782026,13636654901028136829,16504968690226447975
202407171528,"2024-07-17 07:28:49.000000",171008,42802,170586,171008,18426,1232643,250284,3412696326025052439,18071755353201269743,156060049225863189,5087258390390011263
202407171628,"2024-07-17 08:28:49.000000",170962,42802,170762,170962,18572,1231289,250619,749950543384055313,13676299841600236745,11844234073199436844,2820778240270255890
202407171728,"2024-07-17 09:28:49.000000",170953,42802,171079,170953,18512,1232820,248202,13994602318310715236,5132922807715566080,11844756192279446700,13407060861774407022
202407171828,"2024-07-17 10:28:49.000000",171025,42802,170987,171025,18485,1226059,259056,13723487251817055556,4899816162457000478,4065760577762604937,10997572929494959365
202407171928,"2024-07-17 11:28:49.000000",170964,42802,170913,170964,19407,1241431,243173,1023288635410013335,9977412967909442583,8747260675013607214,2650793106582542202
202407172028,"2024-07-17 12:28:49.000000",170901,42802,170050,170901,19382,1247612,238939,18117084839500652815,15657312714999794757,1134182181849996306,7411714798361720912
202407172128,"2024-07-17 13:28:49.000000",170864,42802,171215,170864,19968,1243419,240422,10202141731156050152,6068969397981629904,16804369126010929494,11608291883392544944
202407172228,"2024-07-17 14:28:49.000000",170851,42802,171171,170851,19816,1246886,237480,7697891860527371384,12521135252991451744,9425492528540196773,1645207187064831197
202407172328,"2024-07-17 15:28:49.000000",170915,42802,170630,170915,19881,1248183,237181,4319369094148126523,18263829248740424883,4264382302362042506,12673713680697572800
202407180028,"2024-07-17 16:28:49.000000",170909,42802,170803,170909,19867,1249914,237125,4880812758653421366,17995434385301476502,4088968752037550154,2478843921868528686
202407180128,"2024-07-17 17:28:49.000000",170812,42802,170703,170812,19637,1239544,245418,12042078826641453020,11410793670301395068,6048379608763460390,12852263966737420500
202407180228,"2024-07-17 18:28:49.000000",170895,42802,170553,170895,18795,1247139,234445,17832996287290410062,6614474999676622948,1582938410243545814,11782006994668258218
202407180328,"2024-07-17 19:28:49.000000",170892,42802,170076,170892,18395,1240689,234301,3717236357698088053,13888139318152441203,2825374528143947687,8382364239951069639
202407180428,"2024-07-17 20:28:49.000000",170833,42802,170839,170833,18638,1235501,238620,3816174005135023126,13627025707532098138,10184151357747063558,3729825616059209212
202407180528,"2024-07-17 21:28:49.000000",170842,42802,170347,170842,18536,1245090,230683,18143559183409982014,16823550363720557060,1012283740034045391,13663753142788190091
202407180628,"2024-07-17 22:28:49.000000",170889,42802,170505,170889,18708,1238330,236144,18019283977327396516,11909830400302318256,3945147640395017460,16173289798298706466
202407180728,"2024-07-17 23:28:49.000000",171006,42802,170987,171006,19123,1233238,243294,10319255758248436647,4752481020822632521,14619935367885178549,3427075797879908919
202407180828,"2024-07-18 00:28:49.000000",170999,42802,171493,170999,19725,1230699,248427,2294195324008308920,5186708134737469564,3153372354478829565,8600510786325809085
202407180928,"2024-07-18 01:28:49.000000",171037,42802,170362,171037,20241,1225894,254156,16292481246670121340,15291753691018186902,7402470257510336329,16863494512449339337
202407181028,"2024-07-18 02:28:49.000000",171037,42802,170895,171037,20063,1225978,261372,16891543074578983737,13456916169764414239,5233283894780721478,11251875688366905952
202407181128,"2024-07-18 03:28:49.000000",171035,42802,171249,171035,20105,1231165,261775,9790076686064913948,15273683185857316300,13053477168905737745,13004864043258428503
202407181228,"2024-07-18 04:28:49.000000",170922,42802,171493,170922,20049,1226985,253365,17235652392578972561,17236695390570345069,7564232923602885715,365539468791132773
202407181328,"2024-07-18 05:28:49.000000",170957,42802,170998,170957,20350,1231701,252713,6892828207528761685,17736211189691252001,6656147705796404606,8197438604229542382
202407181428,"2024-07-18 06:28:49.000000",170906,42802,171230,170906,20301,1226863,254083,14170864216154647191,10968637201102369887,3536984433550982009,14023823855622160691
202407181528,"2024-07-18 07:28:49.000000",170961,42802,171312,170961,19369,1241559,242853,9726398224590024154,4945970156685712218,17075818731005473260,12926336943677044284
202407181628,"2024-07-18 08:28:49.000000",170889,42802,170803,170889,18994,1246457,236614,1880781589821509215,1945430018980927851,3316739071838505323,17792018734228902657
202407181728,"2024-07-18 09:28:49.000000",170826,42802,171197,170826,19013,1240148,239850,16403404848159102245,2667429144950874423,10978256109673017078,3153566444367894036
202407181828,"2024-07-18 10:28:49.000000",170908,42802,170736,170908,19043,1241522,239155,4711791682108917512,6077353161614893360,12364252493822268867,1919416311218604907
202407181928,"2024-07-18 11:28:49.000000",170915,42802,171963,170915,19979,1236558,246089,13263587349374488142,16626862285084954264,13827888375985484802,804812164786713764
202407182028,"2024-07-18 12:28:49.000000",170910,42802,171079,170910,19666,1244055,241240,7834651884983781589,3042556759494119403,3095229633435720685,3049158354939590419
202407182128,"2024-07-18 13:28:49.000000",170855,42802,171400,170855,20234,1236426,245108,5713491399068507736,4986899000985813958,11892619663599192295,3222502513739404077
202407182228,"2024-07-18 14:28:49.000000",170876,42802,170395,170876,20185,1238617,241441,4798329574809258003,4247745618266606515,11242508020504215369,18286720779152679501
202407182328,"2024-07-18 15:28:49.000000",170833,42802,171238,170833,20404,1237743,245374,7157503766051044942,12828429769621510804,13460904589196947857,14412645057783434791
202407190028,"2024-07-18 16:28:49.000000",170922,42802,170795,170922,20544,1244339,240137,9045238182427190433,2136938650882746193,11413507228751075408,3061048882770297244
202407190128,"2024-07-18 17:28:49.000000",170840,42802,170439,170840,20196,1242855,242867,16543671144578037509,7251139282450218985,9323164984324341085,2979744036453909051
202407190228,"2024-07-18 18:28:49.000000",170849,42802,171704,170849,20510,1241359,245374,18158937762379670136,10982887332269376874,5133056258724579462,16562660231567194872
202407190328,"2024-07-18 19:28:49.000000",170919,42802,170431,170919,20389,1245580,242039,13470528227959570935,11554537825308609797,13846130350462362888,16156877994293541670
202407190428,"2024-07-18 20:28:49.000000",170761,42802,170626,170761,20505,1237457,247973,17423972433452252057,17780219549126976039,18296543996665755413,8181983927631300593
202407190528,"2024-07-18 21:28:49.000000",170854,42802,170913,170854,20851,1238649,247736,4929623875000843748,6417823779549780158,15772095589046441734,6853847081619553256
202407190628,"2024-07-18 22:28:49.000000",170814,42802,170428,170814,19657,1241848,241437,14805524561018808252,4382780335250854312,5314427124918032484,4119916322035809678
202407190728,"2024-07-18 23:28:49.000000",170974,42802,171267,170974,20393,1237458,252067,17201569989474018165,1825957422342058397,6837033530936549127,12990927734145772893
202407190828,"2024-07-19 00:28:49.000000",170996,42802,170891,170996,21316,1232915,257084,12318554436505769414,9322974960360211346,16855343738218292574,5736566791492066950
202407190928,"2024-07-19 01:28:49.000000",171059,42802,172399,171059,21414,1225906,268692,13853217501690239882,7202859520042181068,11711602430860870371,6310133923829093459
202407191028,"2024-07-19 02:28:49.000000",170998,42802,170288,170998,21597,1233712,256772,3254849099752135931,16013514112654904051,5471738838273355885,9867529340960655181
202407191128,"2024-07-19 03:28:49.000000",170993,42802,171060,170993,21228,1234262,255114,18294025369273742786,3079249617554472076,15215485395540782477,2374936590770630983
202407191228,"2024-07-19 04:28:49.000000",170959,42802,170766,170959,21766,1236684,259961,6666661142665042608,10011553011336552084,12186866451504634466,22514415829014808
202407191328,"2024-07-19 05:28:49.000000",170936,42802,171489,170936,21797,1238162,254886,11526409238253867139,14007678708071381037,15832671290066678052,13138964025566116254
202407191428,"2024-07-19 06:28:49.000000",170905,42802,171263,170905,21096,1243433,249909,6200632578709720566,6445216593715376726,14028356030133431091,11725583381645548473
202407191528,"2024-07-19 07:28:49.000000",170896,42802,170655,170896,19588,1251179,247058,826479438749294581,4511251636171249843,3234171369057319826,1842614855610625582
202407191628,"2024-07-19 08:28:49.000000",170903,42802,170758,170903,19789,1250014,249432,9504437418615528663,16320850334399211763,18273334770599575603,10953167022180094159
202407191728,"2024-07-19 09:28:49.000000",170869,42802,170788,170869,19752,1250800,244996,16190921363755443833,393357609310444259,4574668467953666627,1813320903579541835
202407191828,"2024-07-19 10:28:49.000000",170839,42802,171120,170839,19827,1245260,249272,11658068704046218022,2676639816743197536,7621980371404115222,18151432337994598446
202407191928,"2024-07-19 11:28:49.000000",170876,42802,171094,170876,19569,1250254,245888,13395175442035023272,12435143682338455218,6371580886596480272,17703057122728235388
202407192028,"2024-07-19 12:28:49.000000",170844,42802,170931,170844,20918,1246836,254342,18160349995519958153,625606399586935833,16571643567011976565,11245785703674011375
202407192128,"2024-07-19 13:28:49.000000",170795,42802,170777,170795,22267,1246535,262424,9935477027444914609,12359246415734949211,1382640862194167151,8843559079368095575
202407192228,"2024-07-19 14:28:49.000000",170886,42802,170876,170886,21909,1248976,258541,289985268677445807,2313110960090925059,17645224702987015221,18317987451959355885
202407192328,"2024-07-19 15:28:49.000000",170798,42802,171060,170798,23773,1247757,265057,15691194026945440123,6828515484013675281,14078463331734434997,10151148019096477409
202407200028,"2024-07-19 16:28:49.000000",170780,42802,170575,170780,23267,1244108,266974,6264817935086227019,16515556444998230751,11975458873766210057,11461363707824722165
202407200128,"2024-07-19 17:28:49.000000",170801,42802,171149,170801,23393,1244818,263899,12826409074967748518,8344598279470535414,17219859819996505892,904869321576062310
202407200228,"2024-07-19 18:28:49.000000",170812,42802,171138,170812,22127,1247102,255919,13052491761565511012,15502040406211514400,8107083945668992912,11168560573409356508
202407200328,"2024-07-19 19:28:49.000000",170891,42802,171212,170891,21842,1251435,254689,1305447486596072136,4768271652581330644,14686337124750417750,16886533357682497850
202407200428,"2024-07-19 20:28:49.000000",170867,42802,171315,170867,21918,1249237,254774,16217582366181184446,3769126351165624398,9799137703539394484,15399916474278382278
202407200528,"2024-07-19 21:28:49.000000",170840,42802,170806,170840,21950,1248167,254823,11446501244590512754,15961814574362104118,16706227476008416765,1929580205780745809
202407200628,"2024-07-19 22:28:49.000000",170899,42802,170549,170899,22524,1250852,255782,2166518716678989592,2925454565606883144,6449904078452717170,18065946771147604224
202407200728,"2024-07-19 23:28:49.000000",170846,42802,171035,170846,22281,1250873,254783,10680182295203672805,7690874971345334697,1541818421955980950,2695996660731740686
202407200828,"2024-07-20 00:28:49.000000",170846,42802,170681,170846,22495,1250587,258531,15125897788750063284,13514469959735361702,14846245454955651049,16870413819850868463
202407200928,"2024-07-20 01:28:49.000000",170843,42802,170895,170843,22283,1250300,259239,13825221522509706896,15284721112406720594,202288612097350029,7876541481766864337
202407201028,"2024-07-20 02:28:49.000000",170837,42802,170281,170837,21778,1242321,264399,17305896108285530841,8041527241908483499,5138239795383450850,17363477278358342984
202407201128,"2024-07-20 03:28:49.000000",170863,42802,170043,170863,21794,1248988,258093,10244478701877985159,4114811094978870359,16908401688338322320,2956198834753065654
202407201228,"2024-07-20 04:28:49.000000",170867,42802,170913,170867,21594,1249305,259320,9670571354393821306,5654656428524262450,17430408412111422536,14772262758660443682
202407201328,"2024-07-20 05:28:49.000000",170835,42802,171068,170835,21139,1246655,255015,14981083855656441559,12364585851512862009,10834561759407119395,16282905786653710693
202407201428,"2024-07-20 06:28:49.000000",170808,42802,170773,170808,20851,1245205,256790,1808474370517844293,16385441000598180331,12666036075047041755,17407602853207374697
202407201528,"2024-07-20 07:28:49.000000",170860,42802,171193,170860,21348,1248974,255047,7554219537492075250,10337977217887706034,12957187428630986454,15411682584033452768
202407201628,"2024-07-20 08:28:49.000000",170814,42802,171374,170814,20937,1238753,250634,2096569026598022470,4405213425920391014,6532999405562056371,727661498387516597
202407201728,"2024-07-20 09:28:49.000000",170872,42802,170762,170872,21488,1239163,255374,4712551602354165332,7115516121749537998,10422555014795256569,5517372989121846629
202407201828,"2024-07-20 10:28:49.000000",170820,42802,170906,170820,21316,1241068,253119,11715250698541287171,5776288200800034701,4847711323581553655,9899007022092155655
202407201928,"2024-07-20 11:28:49.000000",170873,42802,170442,170873,21137,1240871,252998,13728439967299048248,16286548738291122944,11497787243245581766,11590524762624739462
202407202028,"2024-07-20 12:28:49.000000",170849,42802,169893,170849,20960,1239691,252033,2156530549080016374,11283733200718604920,2664574839621316399,11623766211801404345
202407202128,"2024-07-20 13:28:49.000000",170861,42802,170446,170861,22491,1242617,254394,11974518167016113407,197986541823919691,6381614977717394619,4949424889862798613
202407202228,"2024-07-20 14:28:49.000000",170831,42802,170799,170831,22308,1239601,254014,11507003819663968711,3665265118843523111,3759581417920768488,8881422756768052634
202407202328,"2024-07-20 15:28:49.000000",170772,42802,171367,170772,22013,1236181,254318,2841020774547015428,12513452460974253854,14686200947080357866,15317973195995078920
202407210028,"2024-07-20 16:28:49.000000",170830,42802,171142,170830,21694,1241117,252181,15157338449998547814,11114663512813238314,5944440595152799015,3768731754859651685
202407210128,"2024-07-20 17:28:49.000000",170723,42802,170527,170723,21933,1232860,261608,396635040203564441,15739868159880307067,11080924923556641886,16591065684539921836
202407210228,"2024-07-20 18:28:49.000000",170816,42802,170439,170816,22086,1239457,256699,4096533443574214392,193947921951342432,10198500650176080979,10653131836062233095
202407210328,"2024-07-20 19:28:49.000000",170883,42802,170920,170883,21639,1244485,249835,15762419255545681191,1146323314738759809,6672123153348495319,7371289187952654293
202407210428,"2024-07-20 20:28:49.000000",170859,42802,170354,170859,22025,1245318,251734,1810723124579772232,4422136921854876988,2233245793370510606,10484323729551525250
202407210528,"2024-07-20 21:28:49.000000",170865,42802,170762,170865,21988,1247974,247739,10226497916594348657,12882535833876660321,11767549498846669824,8662416446121346824
202407210628,"2024-07-20 22:28:49.000000",170823,42802,170865,170823,22338,1247269,252130,16442859561897817422,15623429010764071270,10235459290586816691,10604905166106244159
202407210728,"2024-07-20 23:28:49.000000",170895,42802,170292,170895,22139,1249318,249227,6117129557062804200,5788532060780550192,14548298676704270793,2875643515486533047
202407211128,"2024-07-21 03:28:49.000000",170844,42802,171341,170844,24138,1245386,263083,12000675503159142505,7418758205057384339,9085931898282255337,15586163239422182967
202407211228,"2024-07-21 04:28:49.000000",170853,42802,170674,170853,22621,1245286,257078,15037679169005286085,4142021750045195721,14809602371061020229,4373228615446116289
202407211328,"2024-07-21 05:28:49.000000",170823,42802,170865,170823,21250,1243214,249914,17595476509480750454,1378575945660893756,8351052272692406652,17198915793002903288
202407211428,"2024-07-21 06:28:49.000000",170838,42802,170266,170838,21097,1242545,247021,10486141970084101587,9524752978069133461,9864705928766958692,9171592851574286960
202407211528,"2024-07-21 07:28:49.000000",170857,42802,170564,170857,20977,1245112,250492,3421218272412845920,3994855886122196976,13469855849546825509,6132423241621024531
202407211628,"2024-07-21 08:28:49.000000",170827,42802,170105,170827,21015,1239270,251709,12465343655281287185,13846684673821428189,6968605606340968062,5995925835819973898
202407211728,"2024-07-21 09:28:49.000000",170856,42802,170446,170856,21084,1236721,255331,192505436294434039,5680703681901607589,9538149312375475286,14694175881379652454
202407211828,"2024-07-21 10:28:49.000000",170864,42802,170725,170864,20961,1238431,256136,18375776516399134667,14574795013145037891,5501104486902860878,11418816786870017388
202407211928,"2024-07-21 11:28:49.000000",170870,42802,171363,170870,21231,1242026,256053,11415593370609957281,2955074810541539685,14300668466394740469,2645178205438874069
202407212028,"2024-07-21 12:28:49.000000",170854,42802,170505,170854,20912,1248919,248527,5514988153883380875,5495903709445093505,14510204527923008641,9482906954446049525
202407212128,"2024-07-21 13:28:49.000000",170913,42802,171042,170913,20698,1251740,242453,2443456851979913139,16382800737023702599,7863757990684186115,6679835210848254607
202407212228,"2024-07-21 14:28:49.000000",170890,42802,170593,170890,22034,1247152,249837,10641683600878255602,16589604592508867378,3964165580288729674,10925870051268302728
202407212328,"2024-07-21 15:28:49.000000",170862,42802,171956,170862,22053,1248543,249472,1482353285063268480,7111096277883393682,14369074791082463785,15195647422793620425
202407220028,"2024-07-21 16:28:49.000000",170870,42802,170681,170870,21977,1242345,254660,5189923408573725845,14799707501695899849,189341713619440964,17311600327388293262
202407220128,"2024-07-21 17:28:49.000000",170843,42802,170299,170843,22071,1244828,253410,8249365207971170439,6102074704649763525,17776682838890462401,14539714529555136093
202407220228,"2024-07-21 18:28:49.000000",170852,42802,170696,170852,20767,1237152,247847,8261993949730808767,2551776536475001473,4998302276942586729,7312554075512187893
202407220328,"2024-07-21 19:28:49.000000",170933,42802,170692,170933,20406,1243776,243038,15775086174185686138,14658498038941534796,5176631448422223759,14851999312029080393
202407220428,"2024-07-21 20:28:49.000000",170853,42802,170887,170853,20499,1238679,246135,4276611590881892505,17041683337864546501,13348839046380112708,7775337764378798386
202407220528,"2024-07-21 21:28:49.000000",170859,42802,171223,170859,20800,1237197,248252,4397697216835396223,5336037497774276895,9683558567227632191,6261628370720025997
202407220628,"2024-07-21 22:28:49.000000",170857,42802,169604,170857,20722,1244807,244985,18121100910128147071,7017173781281521551,14816650858318024670,3645461746139368514
202407220728,"2024-07-21 23:28:50.000000",170913,42802,170626,170913,21024,1233830,250252,262664224742228604,4506339304243570900,16559513408125085718,12320383669396721214
202407220828,"2024-07-22 00:28:49.000000",170968,42802,170788,170968,21169,1238096,248110,3816892073442158379,18002394085633513015,13476086330768140137,17873434755716757105
202407220928,"2024-07-22 01:28:49.000000",170950,42802,170431,170950,21049,1238911,252702,10658500019108109988,8350929811640172606,17746547783888520882,11079439271464819806
202407221028,"2024-07-22 02:28:49.000000",170909,42802,171072,170909,21199,1240317,249695,208972890043670820,4015714993343789096,9320285726087225799,9890823773670891907
202407221128,"2024-07-22 03:28:49.000000",170909,42802,170615,170909,21011,1240652,249853,16653132694972238464,6233836246641790088,5017192027537132286,16040034268883012880
202407221228,"2024-07-22 04:28:49.000000",170871,42802,170398,170871,21209,1235109,254355,7387746920741842729,8241991544503767303,14669940691642380252,10112848403570617596
202407221328,"2024-07-22 05:28:49.000000",170900,42802,170655,170900,21129,1226880,256141,106857466777252802,9032946852610662042,13712578595362682920,13485276812035256638
202407221428,"2024-07-22 06:28:49.000000",170833,42802,170233,170833,21391,1229023,261437,18164103001495328475,9639392775857988881,13083535877511330385,1124887551923087661
202407221528,"2024-07-22 07:28:49.000000",170885,42802,170230,170885,20148,1236916,250676,7601839449072575726,9352928589648877918,6672875790354850596,17060375158271934646
202407221628,"2024-07-22 08:28:49.000000",170888,42802,170766,170888,19870,1244387,244180,985468538256133022,15706391250688942676,9563332752237332840,15622363517417847212
202407221928,"2024-07-22 11:28:49.000000",170853,42802,170600,170853,19560,1236908,245984,13701954087045597063,1366462105160042557,7583541576551334648,3968444752272295384
202407222028,"2024-07-22 12:28:49.000000",170918,42802,171123,170918,20760,1233131,251570,15488286295345769467,13208466504697950999,12448904763138948550,10665782572561025792
202407222128,"2024-07-22 13:28:49.000000",170826,42802,170847,170826,20842,1237309,246181,7582404308640524,5899111272823570410,5426878161672582379,17654853264507469609
202407222228,"2024-07-22 14:28:49.000000",170888,42802,170325,170888,20515,1237545,244072,9238344849197362586,4350655423418164724,11065246014081496170,13540663276267208330
202407222328,"2024-07-22 15:28:49.000000",170811,42802,170913,170811,20242,1235399,244063,12837699802724433455,3610287255832063919,11506427838023164139,16061871055147435205
202407230028,"2024-07-22 16:28:49.000000",170846,42802,171604,170846,20359,1237906,242462,9508795916012338811,13063954052670865735,1145991395319458403,7203567742639619623
202407230128,"2024-07-22 17:28:49.000000",170811,42802,170906,170811,20409,1236686,241461,7714393118235529495,14053885749869236893,11704234609545266480,3406840817344193154
202407230228,"2024-07-22 18:28:49.000000",170869,42802,170428,170869,20684,1240718,243505,11261769655328588696,11268643817445076394,16272405358433141546,8282467628091545082
202407230328,"2024-07-22 19:28:49.000000",170851,42802,171009,170851,20440,1243291,241178,1199190997057509366,9185138447739405700,3702568544185289709,13698576283772071563
202407230428,"2024-07-22 20:28:49.000000",170828,42802,171452,170828,20479,1236569,245738,7491074135577894460,2519810711099037252,6073800413609452594,14149824823266202298
202407230528,"2024-07-22 21:28:49.000000",170883,42802,170659,170883,20759,1238183,244798,3602842686757618877,14922863531575854481,11117556823182932170,1242945036943759258
202407230628,"2024-07-22 22:28:49.000000",170836,42802,170939,170836,20680,1232419,251956,5955593901978193251,13707781049574918653,12863779906730436329,11959644698419266309
202407230728,"2024-07-22 23:28:49.000000",170900,42802,171923,170900,21344,1236481,250532,2458791071548364368,3858469718795523964,15225555112905508377,5680602922538230937
202407230828,"2024-07-23 00:28:49.000000",170897,42802,170431,170897,21745,1242900,252477,7816096107284737482,7473473825957140376,4301231369139153480,11186062031123348750
202407230928,"2024-07-23 01:28:49.000000",170959,42802,170792,170959,22239,1226082,267873,6863461837408695308,17995329437776942776,10676301431579201333,5526394654258756061
202407231028,"2024-07-23 02:28:49.000000",170940,42802,170747,170940,22540,1237573,258004,5442811176001679763,1011274005979238587,10432226227087666338,938597012377132330
202407231128,"2024-07-23 03:28:49.000000",170868,42802,170519,170868,21836,1228150,262657,5536887155067260770,3857423742685967032,18181810354557302814,7022715816931141866
202407231228,"2024-07-23 04:28:49.000000",170898,42802,171201,170898,22495,1235296,258818,10012349209379970768,6689131496426640064,2361320631776226516,8289543299366066044
202407231328,"2024-07-23 05:28:49.000000",170873,42802,170814,170873,21212,1234602,254836,196091780325485189,11354435162561639475,8233492972193851118,2961244332316425598
202407231428,"2024-07-23 06:28:49.000000",170864,42802,171249,170864,20639,1235600,252125,10401322186118408579,16363200052894469197,13550902121728845682,8258039955100886654
202407231528,"2024-07-23 07:28:49.000000",170899,42802,171149,170899,20392,1241064,245598,7528635728343063772,5830436963935118976,15380785225267120953,14273806590780336863
202407231628,"2024-07-23 08:28:49.000000",171015,42802,171249,171015,19844,1231664,251090,3727057165816474633,8212618275648068497,4651923259390132432,10375213025187644038
202407231728,"2024-07-23 09:28:49.000000",170898,42802,170549,170898,19930,1232124,252994,2860406759048369734,17700144514588393214,1923666700637055389,1283593646961163597
202407231828,"2024-07-23 10:28:49.000000",170814,42802,170226,170814,21324,1229527,260622,5304045084218237815,160106159921204587,17189202534995509133,9716313248172114039
202407231928,"2024-07-23 11:28:49.000000",170961,42802,171049,170961,21128,1234483,258526,16570943722371334424,10417640794040558820,11600807378161259731,14577658514667258457
202407232028,"2024-07-23 12:28:49.000000",170817,42802,170880,170817,21079,1229385,260821,7647180448961650965,4953511143028782131,278797475397085766,296349397045980892
202407232128,"2024-07-23 13:28:49.000000",170883,42802,171182,170883,20663,1246014,243450,4279727491271953217,13727529392521040151,18086728428332266444,8787539462931551918
202407232228,"2024-07-23 14:28:49.000000",170818,42802,171308,170818,20477,1242805,243349,15187200649427443257,3613303419133692059,1772673739420908594,3217143030644693796
202407232328,"2024-07-23 15:28:49.000000",170870,42802,170913,170870,20530,1240309,245349,6723488635758447684,10045118841778366952,14551896235190696166,6785745575167803144
202407240028,"2024-07-23 16:28:49.000000",170813,42802,170876,170813,20452,1241192,245193,8630324467755722465,6852178261221639715,13220023080549148730,4287507309490650684
202407240128,"2024-07-23 17:28:49.000000",170866,42802,170950,170866,20781,1241027,245411,13498035305122832216,18356755035559041396,9005262098320687444,13889068521970349448
202407240228,"2024-07-23 18:28:49.000000",170872,42802,170589,170872,20755,1238696,245002,6449548154490662955,16839231301668096657,11371710355058440244,17954249827619650644
202407240328,"2024-07-23 19:28:49.000000",170862,42802,171271,170862,20502,1235195,249414,3421437269310373456,2730270948735066372,13340800124114815368,15635117851596127456
202407240428,"2024-07-23 20:28:49.000000",170858,42802,170703,170858,21006,1231450,253827,18010308139942009314,10222999248113459922,3462230338260955039,15334760744054696099
202407240528,"2024-07-23 21:28:49.000000",170842,42802,170519,170842,22399,1240847,251260,9606960955839642286,240536044125899552,4877880640394511340,5397115021076915466
202407240628,"2024-07-23 22:28:49.000000",170798,42802,171105,170798,23218,1242543,256431,14953564090937921700,9699476530873037458,9082586993254149599,13847980372830161659
202407240728,"2024-07-23 23:28:49.000000",170874,42802,170626,170874,23982,1239933,263670,10454211796570761387,6489877715039424523,8908653831880474581,18359541932638174225
202407240828,"2024-07-24 00:28:49.000000",170909,42802,172328,170909,24056,1234219,266854,7695103008569044752,13351603375752473224,16948664030179567595,7879414235942347279
202407240928,"2024-07-24 01:28:49.000000",170858,42802,170987,170858,23989,1230028,267481,10107504407648815663,11643492500051744733,13424485741002425647,10187889157715258555
202407241028,"2024-07-24 02:28:49.000000",170887,42802,170806,170887,24087,1236187,261510,9360774654692858728,6778755966219063300,1796707178548017923,1473805092683344279
202407241128,"2024-07-24 03:28:49.000000",170905,42802,171437,170905,24100,1238108,263377,12105274508876028326,3196465847769482814,5139026564474118727,6876025336132874923
202407241228,"2024-07-24 04:28:49.000000",170884,42802,171345,170884,24169,1235532,265265,958296653675422664,8038297983137336604,846558150509732483,7259075157142718581
202407241328,"2024-07-24 05:28:49.000000",170897,42802,170406,170897,23390,1234877,261695,6431882962684575806,16762228584634773220,9177743216107717689,16226449183661985109
202407241428,"2024-07-24 06:28:49.000000",170872,42802,170072,170872,23198,1232967,265239,15926863013917193635,4067283211009871675,2695299773753388065,9903421382846360403
202407241528,"2024-07-24 07:28:49.000000",170817,42802,170508,170817,23359,1237660,261861,1098501413328444932,3343347193386145062,6794082199128773871,9905505618030871527
202407241628,"2024-07-24 08:28:49.000000",170856,42802,170692,170856,23343,1242528,257327,5369792961614568482,907033375218048094,4196719284097382484,1642995682255383438
202407241728,"2024-07-24 09:28:49.000000",170803,42802,170850,170803,22119,1240965,253635,10754633911785171512,10464379439271056774,8301357456029287394,17837389463065620630
202407241828,"2024-07-24 10:28:49.000000",170836,42802,171263,170836,21744,1236540,257340,3048946192826605407,1799946882856891301,7332762888919018516,8430756013087450600
202407241928,"2024-07-24 11:28:49.000000",170793,42802,170178,170793,22551,1234648,263023,6204698678221951357,8808834729938033477,6673148272488458492,2597159839899832654
202407242028,"2024-07-24 12:28:49.000000",170853,42802,170553,170853,23796,1235125,268307,10552522721918518653,15145210118942445567,10183429642473942958,454229260382748368
202407242128,"2024-07-24 13:28:49.000000",170811,42802,170490,170811,23927,1240960,259727,365311330738254722,14986526937494279322,11321543218409665390,15713431123774855088
202407242228,"2024-07-24 14:28:49.000000",170833,42802,171778,170833,23705,1235970,264059,5375903176154284695,7592373312757737903,12396209899034217348,2962555246231092636
202407242328,"2024-07-24 15:28:49.000000",170809,42802,170898,170809,23774,1239573,261099,18253640911740666064,14071581054172841206,3693819360609418784,7785446360041542918
202407250028,"2024-07-24 16:28:49.000000",170804,42802,170589,170804,23621,1236944,260679,3351034933317160406,9859050634578508782,14730640246616815793,1316345204780222723
202407250128,"2024-07-24 17:28:49.000000",170771,42802,170928,170771,23662,1231137,262194,7480521023206111433,12023635214573173655,13878174992860020422,12758892083896814194
202407250228,"2024-07-24 18:28:49.000000",170710,42802,170817,170710,23684,1228637,263291,829092698930844422,10404685787353057526,5222335852369112043,8765463245783182091
202407250328,"2024-07-24 19:28:49.000000",170766,42802,170666,170766,23698,1230709,263647,179734802458468280,8457087764043811502,3681189096153594267,7973604335108353769
202407250428,"2024-07-24 20:28:49.000000",170817,42802,170538,170817,23861,1234265,261344,6875030732074464466,16316465948697243042,4317317941675127054,2847056304932467740
202407250528,"2024-07-24 21:28:49.000000",170792,42802,170285,170792,23766,1230335,262276,992238612025404341,5395463184339788401,2908876155076266875,10793276627902110981
202407250628,"2024-07-24 22:28:49.000000",170814,42802,170145,170814,24073,1230355,265212,16124116695346701310,14850079964221945860,10653497804282880951,13381444124375860085
202407250728,"2024-07-24 23:28:49.000000",170892,42802,171005,170892,24016,1235667,263767,6671080511285748730,2960310064851158182,10177980368402582321,662540692063106719
202407250828,"2024-07-25 00:28:49.000000",170900,42802,171596,170900,23965,1233322,264814,5620496843912201577,10649185765058708489,11820548045783578768,17781584198713066102
202407250928,"2024-07-25 01:28:49.000000",170833,42802,170358,170833,24162,1226750,272975,12978491497468380401,6947908110484075407,15842894742062047226,15534783805301789752
202407251028,"2024-07-25 02:28:49.000000",170836,42802,170946,170836,23959,1233539,270007,11057443874156862623,17844452978074343791,3414106025553426366,14999530421870844
202407251128,"2024-07-25 03:28:49.000000",170884,42802,170178,170884,24148,1233963,270888,8061668654885711295,8054643417711301761,14748489302193913314,13478017202014323020
202407251228,"2024-07-25 04:28:49.000000",170892,42802,170902,170892,24276,1235383,269041,11502591955010744879,12598718412740514653,12928623660963915159,17502333505309275045
202407251328,"2024-07-25 05:28:49.000000",170849,42802,170858,170849,24264,1237909,265431,10284894127084162197,5265803631253528479,1746590855593405484,18137669039471535544
202407251428,"2024-07-25 06:28:49.000000",170860,42802,170593,170860,22791,1232298,264189,8496687966355464428,11512955897887155338,1367623061539116143,16726717320871736703
202407251528,"2024-07-25 07:28:49.000000",170855,42802,171441,170855,22807,1238374,258999,9429033478077222008,12221065687440518816,10341825246907890513,8612077033645597927
202407251628,"2024-07-25 08:28:49.000000",170763,42802,170817,170763,22667,1232319,261703,1929533960188327956,2820887287075718452,11553120089115828487,12534382187088798221
202407251728,"2024-07-25 09:28:49.000000",170833,42802,170843,170833,22563,1234935,258411,18178645285601168293,6409209131327083619,2990438863368484161,16226318643239952665
202407251828,"2024-07-25 10:28:49.000000",170679,42802,170755,170679,22721,1229007,265927,15559085538688994204,1545783960724879736,17373575107268323829,859566675892276569
202407251928,"2024-07-25 11:28:49.000000",170832,42802,170983,170832,24259,1231532,269847,6349776069908705279,14342426358347968425,14341923736836305095,5266164415640550173
202407252028,"2024-07-25 12:28:49.000000",170777,42802,170755,170777,24112,1228137,273849,8900632149177859291,2125945504606986707,13932510474952469632,7727955402604523410
202407252128,"2024-07-25 13:28:49.000000",170807,42802,170784,170807,23918,1230006,269424,9421563912325824056,12719685285613709436,3973812897552186318,3453772273757259042
202407252228,"2024-07-25 14:28:49.000000",170840,42802,170156,170840,23880,1232085,264427,1414387098184564631,5032156997355868465,7408123327290546914,12294234225235620492
202407252328,"2024-07-25 15:28:49.000000",170776,42802,170847,170776,23897,1231420,265193,10687446512171029166,13104597783926685040,8294595444328163436,1445591861010993248
202407260028,"2024-07-25 16:28:49.000000",170801,42802,170939,170801,23846,1235466,261373,8883077204133779276,18086129917834442452,18269545525598644453,15144478557049474471
202407260128,"2024-07-25 17:28:49.000000",170787,42802,170534,170787,23597,1236014,262064,5625073373311050912,1205342775123825972,9263724039486935055,13278290176846094393
202407260228,"2024-07-25 18:28:49.000000",170772,42802,170755,170772,23578,1237654,260438,12770537134618692318,7006673061774778858,8177112282011603314,11458621629222701110
202407260328,"2024-07-25 19:28:49.000000",170803,42802,170850,170803,23880,1238690,260534,16492611945810929084,14596618234911680822,9307606419316674759,11916227285165010595
202407260428,"2024-07-25 20:28:49.000000",170825,42802,171345,170825,22084,1240190,250647,13677868954903720701,6366124803941191693,16487874261497455267,15938712160073930469
202407260828,"2024-07-26 00:28:49.000000",170931,42802,170876,170931,22806,1236485,259611,15554974978161100914,8232858180459070236,7993136308644935414,8391615709598232826
202407260928,"2024-07-26 01:28:49.000000",170883,42802,170711,170883,22612,1237192,260081,2144267172571373299,2744334784627462777,8857528274717020991,9837591986804333453
202407261028,"2024-07-26 02:28:49.000000",170900,42802,171352,170900,22419,1242675,253572,3828297074527929362,11881039570644340852,10877407976141929559,12434564546171972033
202407261128,"2024-07-26 03:28:49.000000",170860,42802,170586,170860,22560,1239265,257289,10624279055313242953,10183308535207034297,9694745562093631685,15957798060385656593
202407261228,"2024-07-26 04:28:49.000000",170864,42802,171046,170864,22304,1239162,254764,18444432077805142062,4634166849052360360,15802526426790556542,5502773435351631526
202407261328,"2024-07-26 05:28:49.000000",170883,42802,171179,170883,22443,1241275,254547,13494482692144782346,12809017823608260774,9009192001851778996,1201225094644044588
202407261428,"2024-07-26 06:28:49.000000",170923,42802,170685,170923,22725,1240686,256392,7763741060107061403,8334402442718283601,379232019672376333,12673755155064534449
202407261528,"2024-07-26 07:28:49.000000",170873,42802,170873,170873,22749,1245112,253265,5445392460070500130,16343166971857419336,5556619309435506706,9755525912271618038
202407261628,"2024-07-26 08:28:49.000000",170822,42802,170424,170822,22572,1236998,259513,5876009691172339980,7955374357824018226,12123640149719757384,1138537512988289424
202407261728,"2024-07-26 09:28:50.000000",170818,42802,170795,170818,22760,1239873,257084,8268464213599881618,5924042243980052564,16047612835992209084,10800540704537464990
202407261828,"2024-07-26 10:28:49.000000",170805,42802,169871,170805,22665,1237199,260020,11232073675520130984,6669071679591639450,16821083873396098559,5801519332559371541
202407261928,"2024-07-26 11:28:49.000000",170854,42802,170861,170854,22690,1246609,254576,11681597872075398293,2607703959255382797,15646201401825295457,12133664351022690349
202407262328,"2024-07-26 15:28:49.000000",170808,42802,170545,170808,23742,1237929,258386,13714061232933132878,1272338789456633326,6741212592471968098,6252471418758401476
202407270028,"2024-07-26 16:28:49.000000",170672,42802,170439,170672,23499,1230040,260501,4785525239677773352,11654507556866629246,16591997612935999567,17893239028386280671
202407270128,"2024-07-26 17:28:49.000000",170861,42802,170946,170861,23607,1239732,255806,16784716785353602033,14728369780283221377,6338424861545007530,12296461084539617226
202407270228,"2024-07-26 18:28:49.000000",170796,42802,171175,170796,23656,1234872,257807,13655998996920832288,2539495064115418858,14876468442854680614,16827041516773493224
202407270328,"2024-07-26 19:28:49.000000",170805,42802,170248,170805,23810,1237105,258124,3202419693514701325,2554097828505306535,289557369892890917,2331122864938880473
202407270428,"2024-07-26 20:28:49.000000",170828,42802,170674,170828,23711,1237091,258566,13532456768767865083,16286790201736989975,2789807751613169297,5043701511614416181
202407270528,"2024-07-26 21:28:49.000000",170770,42802,170836,170770,23804,1237304,255836,7996001088536079720,15295052707951411410,15128128963407648683,2856989303669647477
202407270628,"2024-07-26 22:28:49.000000",170866,42802,170365,170866,23676,1239557,254428,17534922633315460256,14746833769408029338,10834482649887302125,15925819134595881415
202407270728,"2024-07-26 23:28:49.000000",170863,42802,171252,170863,24073,1235874,262741,10521105355115317583,9543218183660477999,17773092346280497647,17256921106100430883
202407270828,"2024-07-27 00:28:49.000000",170860,42802,170884,170860,23936,1239850,260549,1299017240846563420,2641489855367533292,14623054262681789174,4761549493171024820
202407270928,"2024-07-27 01:28:49.000000",170802,42802,170832,170802,24280,1235472,262943,6890183875639891535,12603640570611768465,16980169417234485248,1441549562583527906
202407271028,"2024-07-27 02:28:49.000000",170805,42802,171252,170805,23967,1233157,262783,4734279708233341528,17672862245101307012,15364766171006166004,13206744357986546086
202407271128,"2024-07-27 03:28:49.000000",170866,42802,170633,170866,24183,1237516,263276,9603018841859683061,4246079471574616529,6395670370773609948,2894387625915793126
202407271228,"2024-07-27 04:28:49.000000",170771,42802,170512,170771,23961,1234271,262885,15419807227185798824,15172034002901368268,6038639334227957128,6335075144092456750
202407271328,"2024-07-27 05:28:49.000000",170793,42802,170917,170793,24170,1235044,264683,16343721692239362617,5678695779743802643,6089620449097632472,3268460549855152270
202407271428,"2024-07-27 06:28:49.000000",170897,42802,170277,170897,22608,1241400,253748,8935860615776402239,6369928146718828261,6292052948440351909,5220702215037135693
202407271528,"2024-07-27 07:28:49.000000",170810,42802,171300,170810,22663,1237716,254672,5000446316605841824,12090345765361661016,9555537055189986801,7954965424469861973
202407271628,"2024-07-27 08:28:49.000000",170775,42802,170475,170775,22471,1240546,250241,15524578686277724030,9781976882341463868,17616307835450492154,2412979904616185782
202407271728,"2024-07-27 09:28:49.000000",170854,42802,170950,170854,22448,1237980,253207,16544854775723170938,12977655802762795856,15105629031592174281,11214062107080545407
202407271828,"2024-07-27 10:28:49.000000",170845,42802,170965,170845,22436,1238418,254519,5839584670366247424,8914875641604719954,17322486483517021942,3965290733256133368
202407271928,"2024-07-27 11:28:49.000000",170820,42802,170230,170820,22564,1229928,262091,8803640390675085250,16197361634469081170,15837457274482973378,17238531047907535088
202407272028,"2024-07-27 12:28:49.000000",170831,42802,170836,170831,23853,1236653,262138,143793393730882275,7157342391899133477,3734242450379026805,815835359360549869
202407272128,"2024-07-27 13:28:49.000000",170869,42802,170792,170869,23751,1236205,258226,4119127864889572249,6216438992116806895,11958905067631686593,6454955025653018595
202407272228,"2024-07-27 14:28:49.000000",170815,42802,170600,170815,23788,1232476,260185,3656347421693914085,4752945710892559015,82631241627673196,7165439951158620102
202407272328,"2024-07-27 15:28:49.000000",170832,42802,170233,170832,23429,1235056,257023,13595689328761076874,126709847707431126,7220237615090347264,4394748074433172042
202407280028,"2024-07-27 16:28:49.000000",170782,42802,170979,170782,23515,1237745,255954,985984589888357314,3053137970031330992,11905255167507224234,8237954637789740214
202407280128,"2024-07-27 17:28:49.000000",170814,42802,171005,170814,23520,1235400,257319,17142524518034894095,6695719538802778093,2803983689249673009,5443702034737481751
202407280228,"2024-07-27 18:28:49.000000",170811,42802,171156,170811,23524,1236315,257479,8432305596471987261,8181223524994690663,3444399405620378832,18438068488090455994
202407280328,"2024-07-27 19:28:49.000000",170878,42802,171952,170878,23596,1232102,261136,4179453986857049015,8863208154855477971,17598750360834251662,4530947647728000546
202407280428,"2024-07-27 20:28:49.000000",170777,42802,170869,170777,23730,1231123,262808,13784874936227186909,4730383682737493439,13907887225096783649,7397143391344385797
202407280528,"2024-07-27 21:28:49.000000",170858,42802,171105,170858,23930,1236240,259164,1272656396331887217,14260537942554248681,11948664163358244108,11180211811615679012
202407280628,"2024-07-27 22:28:49.000000",170790,42802,170303,170790,23924,1235502,259977,1829564102337190295,15559894528216552845,806063150827857876,2808899156914354020
202407280728,"2024-07-27 23:28:49.000000",170816,42802,170472,170816,24307,1235303,260818,1105735370139471949,10324617581889794803,13071160812226162122,1999962316618570110
202407280828,"2024-07-28 00:28:49.000000",170818,42802,170307,170818,24130,1235889,261765,16950098270253641055,119182758681455535,12290528663497656729,5115233515678253551
202407280928,"2024-07-28 01:28:49.000000",170822,42802,170252,170822,24114,1234211,265130,5797536381509051080,2473776698802491430,7563241308817235510,9603473629892290624
202407281028,"2024-07-28 02:28:49.000000",170883,42802,170666,170883,24061,1237656,261759,2046997759426426252,11722166550958034716,11818372369322945898,187769531379813460
202407281128,"2024-07-28 03:28:49.000000",170790,42802,171356,170790,24207,1232934,266223,18089760846791116193,9169037668632496611,10163348807082928024,17619400624500752380
202407281228,"2024-07-28 04:28:49.000000",170812,42802,171326,170812,24155,1236343,264462,8295223505381598722,300962445877845512,2557334971001507106,8752523055609164658
202407281328,"2024-07-28 05:28:49.000000",170808,42802,170917,170808,24127,1234427,266818,9550716407478501577,18116531187586538379,9826360044410895052,4614535726087386672
202407281428,"2024-07-28 06:28:49.000000",170796,42802,171072,170796,24216,1231949,269667,15092390684227844054,4615590098889061158,10679043276309492761,738711742008022575
202407281528,"2024-07-28 07:28:49.000000",170794,42802,170472,170794,22380,1236898,255603,15225524912158220578,16322016265839899978,15329008459839531432,918227074400451500
202407281628,"2024-07-28 08:28:49.000000",170872,42802,170413,170872,22711,1241678,253608,15173145365445234095,9027134507854933307,7680590088254737416,10721681185416178674
202407281728,"2024-07-28 09:28:49.000000",170879,42802,170490,170879,22447,1228231,264416,16919494349179259744,16871743376476949550,4923378251394175968,18034430053437619666
202407281828,"2024-07-28 10:28:49.000000",170846,42802,170924,170846,22869,1236351,258626,13491589697339145609,10132740668097140293,335304971837877006,5209216527414918822
202407281928,"2024-07-28 11:28:49.000000",170828,42802,171711,170828,24016,1227937,271038,11410595905468908510,10786980031826148716,6064679582695513030,2224560638253593162
202407282028,"2024-07-28 12:28:49.000000",170813,42802,170244,170813,24061,1232928,268095,2637333639275111472,11351001027373432134,15137266698135869603,10464263483283399789
202407282128,"2024-07-28 13:28:49.000000",170873,42802,170501,170873,23896,1236201,260428,4824268591150443977,3329655547683068843,5364042854160576347,519775412709305149
202407282228,"2024-07-28 14:28:49.000000",170819,42802,170987,170819,23627,1238587,258614,1530320259409204974,17407014515544824492,7203404155919138149,7664521199262262159
202407282328,"2024-07-28 15:28:49.000000",170860,42802,170175,170860,23846,1243438,260054,10355314065430009312,12622581358963036736,13441119036078527252,8611190009509917684
202407290028,"2024-07-28 16:28:49.000000",170781,42802,171315,170781,23708,1240577,262323,9465843671022789166,9575308413966855648,16700688853840947869,10900158454755428697
202407290128,"2024-07-28 17:28:49.000000",170821,42802,170803,170821,23513,1236147,265551,14198889660809590838,16877665945485665330,3373247119966893786,12008703697527815684
202407290228,"2024-07-28 18:28:49.000000",170759,42802,170387,170759,23596,1238988,263103,3431927828471253675,14681578655190004107,4461312300149526978,564831730647945256
202407290328,"2024-07-28 19:28:49.000000",170791,42802,170799,170791,23341,1240547,261877,15535327991542682708,11163494413569969368,16323835961889364019,1916402972566635523
202407290428,"2024-07-28 20:28:49.000000",170810,42802,170902,170810,23674,1233063,262783,16100689684603212940,12808878628103817876,3360004717806246920,7999441991098098852
202407290528,"2024-07-28 21:28:49.000000",170826,42802,171068,170826,23839,1236523,260018,16930456320307623907,1130620511301194981,13523552153619445459,11146739068433369847
202407290628,"2024-07-28 22:28:49.000000",170805,42802,171024,170805,23973,1237165,263274,11021302600601323295,6314256675542763551,16653680985619541195,3724538840369219977
202407290728,"2024-07-28 23:28:49.000000",170850,42802,171796,170850,24140,1235483,264721,14246812823023335834,9387196655170382740,6131099259678981647,24310263980008581
202407290828,"2024-07-29 00:28:49.000000",170880,42802,170795,170880,23910,1230251,269126,4785102555932883358,2884612915978283372,7169115537528554164,11554870792819907394
202407290928,"2024-07-29 01:28:49.000000",170887,42802,171053,170887,24124,1226842,271874,10280245103595364823,414474444178687327,14535635883421458527,13629007641057204947
202407291028,"2024-07-29 02:28:49.000000",170902,42802,171020,170902,24085,1232059,270852,12272801316911512412,8427628735601664760,3248728747073316232,2733875060459052510
202407291128,"2024-07-29 03:28:49.000000",170855,42802,171145,170855,24171,1235793,266592,1207075365129201908,4826697356528540288,11998375012461401760,1347289268578165806
202407291228,"2024-07-29 04:28:49.000000",170873,42802,171215,170873,24151,1232523,268006,14014742358131463173,15432186109851467823,12773320344653807793,2617755866567799115
202407291328,"2024-07-29 05:28:49.000000",170865,42802,171156,170865,24343,1237829,263991,14587132171463540708,10171348797836599140,11740734571128932472,6396770010987729480
202407291428,"2024-07-29 06:28:49.000000",170860,42802,171094,170860,24373,1237828,265208,11388120819816463926,11437436765836210300,2036812731785436402,4698145589218907068
202407291528,"2024-07-29 07:28:49.000000",170835,42802,170637,170835,24278,1238195,265364,12497783591828553352,4527412747760637542,9698052432309930451,5338195585932865881
202407291628,"2024-07-29 08:28:49.000000",170858,42802,171223,170858,24409,1235378,266605,4839405306391715096,18096716346437207038,481662766749265893,1864553991474408517
202407291728,"2024-07-29 09:28:49.000000",170863,42802,171719,170863,22905,1243370,251445,10165839270973032788,15331116120205321368,10064456380444407616,15477688595646689810
202407291828,"2024-07-29 10:28:49.000000",170815,42802,170578,170815,23143,1237885,258160,11910021501090881625,3893369341201141747,9433986314465396913,3772751252202424511
202407291928,"2024-07-29 11:28:49.000000",170772,42802,171545,170772,24020,1234801,266370,12224268643659796775,8090085186718851883,7314280886604763103,14952348289170459657
202407292028,"2024-07-29 12:28:49.000000",170822,42802,170226,170822,24205,1234683,263105,8247925190424509120,9675884295933065938,13790118762352747322,9323814454176876376
202407292128,"2024-07-29 13:28:49.000000",170785,42802,171223,170785,23969,1235446,261395,12457541460463025206,6607290700365120986,2747074717754426665,5256990941597996881
202407292228,"2024-07-29 14:28:49.000000",170822,42802,170814,170822,23826,1233919,261293,3418857632898545163,10371134916914065835,630618704549959200,13391774988322017054
202407292328,"2024-07-29 15:28:49.000000",170820,42802,170652,170820,23806,1236854,260705,5544740959155377318,5623684837295408830,5633701864981570549,3259723763765594749
202407300028,"2024-07-29 16:28:49.000000",170822,42802,171674,170822,23751,1232718,260145,5361417255626799798,10910659027241829552,9834851792833177060,8760780615055532850
202407300128,"2024-07-29 17:28:49.000000",170751,42802,171312,170751,23730,1233519,265702,13711876121953661543,16775274774127151543,6463690311075373393,11077771221999145365
202407300228,"2024-07-29 18:28:49.000000",170790,42802,171278,170790,23704,1233882,264627,12397252799862076957,3012290212041186001,8966200085573364871,10676018840958074185
202407300328,"2024-07-29 19:28:49.000000",170768,42802,171293,170768,23849,1236193,263352,8924089170458184296,14959935085527252222,3799742484146954424,14388905051788036218
202407300428,"2024-07-29 20:28:49.000000",170794,42802,171619,170794,23937,1235683,263088,1743017996362263351,6564173048380274411,13343428873472858885,2006906598263053849
202407300528,"2024-07-29 21:28:49.000000",170757,42802,170431,170757,24050,1234567,264711,17848510067011007821,17338724322241434897,9614594762248106483,8116963600017442145
202407300628,"2024-07-29 22:28:49.000000",170745,42802,170582,170745,24315,1234165,266630,8846393667441824681,16463550371151075325,8366388645923339459,18342311816190050033
202407300728,"2024-07-29 23:28:49.000000",170814,42802,170189,170814,24056,1237516,264540,852069941210607517,3723070518883488887,14972124694385673755,172932810951814267
202407300828,"2024-07-30 00:28:49.000000",170834,42802,170468,170834,24098,1241151,261332,4175257085319291327,10619712491163532999,8362935842559602697,16461415813450554199
202407300928,"2024-07-30 01:28:49.000000",170752,42801,171282,170752,24227,1236312,263976,7967865299124992965,6836761024322005949,14077457443713877572,14118511980277778214
202407301028,"2024-07-30 02:28:49.000000",170841,42802,170906,170841,23974,1236744,266179,8950821801226636717,3736595760288466487,17591420171282892990,11822516888078608020
202407301128,"2024-07-30 03:28:49.000000",170699,42802,170453,170699,24484,1234372,266780,12259439986540150211,15785411556962785767,14735529732056168840,11338882884967436650
202407301228,"2024-07-30 04:28:49.000000",170716,42802,170156,170716,24420,1238579,264747,8966096648883905943,11787790062063815933,10945708142283130443,4529985510577257695
202407301328,"2024-07-30 05:28:49.000000",170801,42802,170707,170801,24072,1235192,266903,17554628378513735269,5899816672548125093,8108128841466418118,13124240273577540568
202407301428,"2024-07-30 06:28:49.000000",170840,42802,170939,170840,24343,1240694,263467,10078177479637760597,13086556260190006249,901819786821564451,9946376327095273797
202407301528,"2024-07-30 07:28:49.000000",170760,42802,170402,170760,24358,1235546,267361,11677812172360567457,8975618114635540073,1370726253999477188,12708325828075137100
202407301628,"2024-07-30 08:28:49.000000",170766,42802,170858,170766,24651,1236175,268951,5209544264045865041,2295161523186295797,6306024211011149993,3621554755675381975
202407301728,"2024-07-30 09:28:49.000000",170761,42802,171367,170761,24635,1235396,270163,16400520235889685111,14563322979575668905,4448769232509731126,9409677786875292796
202407301828,"2024-07-30 10:28:49.000000",170731,42802,171072,170731,24557,1232355,273399,10842251179527326249,11766537508106547943,7739003703746482509,17484974476396009227
202407301928,"2024-07-30 11:28:49.000000",170776,42802,170413,170776,24132,1233565,270250,13893517422191731397,7409492235839620473,7308625601695060348,4586313035591270430
202407302028,"2024-07-30 12:28:49.000000",170776,42802,171101,170776,24115,1239301,268189,16275530255736206166,2605624749955289788,4949229967993148646,9327029424684028710
202407302128,"2024-07-30 13:28:49.000000",170824,42802,170145,170824,24000,1235595,264856,13077311998851864439,11262790424690447645,16213172935111406333,10637025179716169373
202407302228,"2024-07-30 14:28:49.000000",170816,42802,170689,170816,24083,1240902,261137,7094936170072571377,6836432391563493497,15676550137004193879,8637939531103048981
202407302328,"2024-07-30 15:28:49.000000",170820,42802,171611,170820,23897,1243375,258589,14665695001481431481,9320254053392587549,1002785616842140909,12149323389447757247
202407310028,"2024-07-30 16:28:49.000000",170833,42802,170398,170833,23421,1241495,255144,44727821320258468,4969406879053172714,3357068524261670835,11014735942971350965
202407310128,"2024-07-30 17:28:49.000000",170839,42802,170895,170839,23689,1241809,256553,5838371747724590605,13344876680802123501,10611050346233431478,18107659413668674358
202407310228,"2024-07-30 18:28:49.000000",170799,42802,170847,170799,23727,1240865,258183,2103842577683210738,12892109539107280432,8040481125865246546,10141752638662303194
202407310328,"2024-07-30 19:28:49.000000",170823,42802,170527,170823,23973,1241881,257638,16148307529886371621,5332908394687220761,17183314556605565899,12817387260911398141
202407310428,"2024-07-30 20:28:49.000000",170766,42802,170497,170766,24198,1239501,260138,9369131806017416531,6311421606928279631,2229027457249190583,15953811527842955871
202407310528,"2024-07-30 21:28:49.000000",170772,42802,170965,170772,24151,1236888,262880,16847330818252679570,2213264049850456408,13077685233932591009,18354367325289303883
202407310628,"2024-07-30 22:28:49.000000",170829,42802,169981,170829,23942,1239747,260934,3913720551494710955,8882262125914090165,7851889679268349909,15946348798042304155
202407310728,"2024-07-30 23:28:49.000000",170804,42802,171426,170804,24186,1241426,259491,10638357776957551503,11241604518195441453,13448666643326011565,13771572069956466013
202407310828,"2024-07-31 00:28:49.000000",170738,42802,170523,170738,24141,1230884,267554,11457920710213732032,7501526721851348686,16875742810986770434,17855800392820084448
202407310928,"2024-07-31 01:28:49.000000",170810,42802,170597,170810,24026,1240657,261430,2474327179871458331,2914818290627463401,18005201451350580084,12065198598672700516
202407311028,"2024-07-31 02:28:49.000000",170780,42802,171064,170780,24162,1237396,266148,12566097349005854233,9479438987145314863,8045039280385143696,8122423731684962292
202407311128,"2024-07-31 03:28:49.000000",170785,42802,170608,170785,24282,1237863,266303,1681963575406730242,10235295553647665962,13610953928028946349,8671978248762571533
202407311228,"2024-07-31 04:28:49.000000",170783,42802,170593,170783,24228,1240345,266135,6400466401784049127,2811844275291841251,13529602640123498453,6744073369894807437
202407311328,"2024-07-31 05:28:49.000000",170788,42802,170351,170788,24337,1242302,265661,6510201077145570978,3169087589403367174,7552553431723846009,13467627609864625895
202407311428,"2024-07-31 06:28:49.000000",170788,42802,170494,170788,24191,1238910,265305,18189927011156180451,16289130834675777215,11966073573478578778,13249094658325472628
202407311528,"2024-07-31 07:28:49.000000",170822,42802,170564,170822,24481,1239212,266864,11095126095444773296,17041398362675541666,4970234693611157715,16859704533894150273
202407311628,"2024-07-31 08:28:49.000000",170799,42802,170817,170799,24467,1238470,268658,12161289973058016935,4305040886062976327,16993808819198236179,1606639191143122567
202407311728,"2024-07-31 09:28:49.000000",170742,42802,170641,170742,24454,1230715,272600,10848053234964490700,4846634751430733372,7496304324299409312,3482378560988570250
202407311828,"2024-07-31 10:28:49.000000",170745,42802,170424,170745,24350,1235426,269246,10407742479346462937,12094188212801323595,12068509247790225659,17917509453911233175
202407311928,"2024-07-31 11:28:49.000000",170749,42802,169992,170749,24211,1230990,271241,5071572968180615317,10360726501259439579,8695702871978242045,414437190255371239
202407312028,"2024-07-31 12:28:49.000000",170853,42802,170329,170853,24381,1240910,262884,9693893937526356756,14312662253678862390,1543266349124285771,10318635016495958471
202407312128,"2024-07-31 13:28:49.000000",170802,42802,170472,170802,23752,1236954,264607,7943210873425510061,7579440465251771939,12198898402295221907,10778581713065728293
202407312228,"2024-07-31 14:28:49.000000",170865,42802,170079,170865,23552,1241485,259474,13017989940351550289,12887208103115165551,14559254741407063506,15106382940412421158
202407312328,"2024-07-31 15:28:49.000000",170774,42802,170582,170774,23273,1238073,260731,7343196662655846888,15161953857421802102,1733988790301638757,14200993972998340479
202408010028,"2024-07-31 16:28:49.000000",170789,42802,170641,170789,23017,1240393,257657,5428446927209075962,18363735868733859774,16747624226212608196,5303901273816913878
202408010128,"2024-07-31 17:28:49.000000",170836,42802,171422,170836,23131,1243149,258832,8850366325474182979,7384198493349125065,10941545937474664223,2043926511079545339
202408010228,"2024-07-31 18:28:49.000000",170831,42802,170902,170831,23280,1247112,256258,2087690856286630369,12477913698713991399,7764632881915713962,11726978213852700954
202408010328,"2024-07-31 19:28:49.000000",170866,42802,171064,170866,23203,1246752,256949,5353437249123316496,14398039673220336252,9268247777863490485,5197284609197942473
202408010428,"2024-07-31 20:28:49.000000",170844,42802,170266,170844,23455,1245113,260027,9642084972212339206,18005876052964837228,9339190719570603786,17468599874709105604
202408010828,"2024-08-01 00:28:49.000000",170687,42802,171120,170687,23817,1238522,265674,11716445489704389138,5323429110393702026,17575364061487744809,9009199358736457011
202408010928,"2024-08-01 01:28:49.000000",170728,42802,170340,170728,23838,1233173,270741,15578102740628933390,778578682829710164,3990412502228584279,6202342834185747907
202408011028,"2024-08-01 02:28:49.000000",170757,42802,170769,170757,23934,1234844,271005,3426734226910031537,13209339236490412617,1996797168668900344,707670745401148842
202408011128,"2024-08-01 03:28:49.000000",170815,42802,170836,170815,24075,1237744,269838,8458891053841354007,15182768301383667437,8199853134583930956,12352848446907558602
202408011228,"2024-08-01 04:28:49.000000",170737,42802,170648,170737,24088,1237299,269755,5883877985218651830,6926142227713036978,9036016740898206953,12697061150439453817
202408011328,"2024-08-01 05:28:49.000000",170817,42802,171293,170817,23865,1241372,266662,2986841510385216856,7123474958135842580,2130370650577130833,15534199688191758153
202408011428,"2024-08-01 06:28:49.000000",170826,42802,170424,170826,23986,1238591,269218,4130478205136354090,9043171893522639520,2333552608528980929,1342500084964600271
202408011528,"2024-08-01 07:28:49.000000",170821,42802,170839,170821,24285,1240420,268543,10294699114106051204,2864208162456461104,9627239111609397451,13619160515745133261
202408011628,"2024-08-01 08:28:49.000000",170800,42802,171378,170800,24080,1238357,270020,4383183264174056465,3111578737067903893,7749434960822745744,13392660488009008976
202408011928,"2024-08-01 11:28:49.000000",170695,42802,171545,170695,24041,1226482,274651,5817626929325083550,9157264558812900226,170868309285513424,666829567318674074
202408012028,"2024-08-01 12:28:49.000000",170790,42802,171016,170790,24110,1228650,273208,13319404378784766057,2931679842177510435,17779165790451848379,15513315182325551803
202408012128,"2024-08-01 13:28:49.000000",170828,42802,171145,170828,23913,1227430,266192,6026694063021502365,5652997446606707759,2970595342325915854,52268318614292086
202408012228,"2024-08-01 14:28:49.000000",170813,42802,170703,170813,23716,1231951,263123,14389042428860563185,11765881656461219557,15546749236999960139,5481462924173658345
202408012328,"2024-08-01 15:28:49.000000",170753,42802,170483,170753,23837,1229429,266483,1438931244366465551,10729376650717332393,517862647991236352,4663172945210369418
202408020028,"2024-08-01 16:28:49.000000",170801,42802,170259,170801,23725,1232767,261271,13703228841929833392,11496603835848525732,17506712755453026817,1778754046641049061
202408020128,"2024-08-01 17:28:49.000000",170717,42802,171337,170717,23721,1229408,264830,6931082022762741887,2947497988273939707,16856214522262208550,2018878820910225884
202408020228,"2024-08-01 18:28:49.000000",170743,42802,170494,170743,23673,1229297,263941,7352180845227232568,11539078700197505160,13989435456431193158,6016374652742961662
202408020328,"2024-08-01 19:28:49.000000",170789,42802,170681,170789,23401,1226217,265889,15718820408798641677,6645548777189493551,7203394406125114,13416404220357741760
202408020428,"2024-08-01 20:28:49.000000",170747,42802,170468,170747,23614,1230615,269598,15375810059037540321,10213730776859157757,10891987451201297271,10505755127557540143
202408020528,"2024-08-01 21:28:49.000000",170780,42802,170395,170780,24010,1228267,266016,5858208983938634550,9026192782219254566,5620708919037789898,10551531350682733590
202408020628,"2024-08-01 22:28:49.000000",170735,42802,170340,170735,24003,1228277,265342,17258645637946215275,10470804873605369575,3290961874274833714,10271507248603865090
202408020728,"2024-08-01 23:28:49.000000",170785,42802,170527,170785,24096,1225076,267701,18108105249848174910,6561947106976278680,17559927217320535671,5726772610048689763
202408020828,"2024-08-02 00:28:49.000000",170768,42802,170898,170768,24096,1226772,268713,16035948312488784472,5896914079750100358,5348435323262959919,1979448564947473263
202408020928,"2024-08-02 01:28:49.000000",170792,42802,171345,170792,24020,1228998,266137,12419004528909234371,16306746731500226049,14179076998944772219,5485430895987877143
202408021028,"2024-08-02 02:28:49.000000",170810,42802,170817,170810,24109,1230109,265918,3244966039594828330,6982362681505250444,10964288988156450550,8466796488630311120
202408021128,"2024-08-02 03:28:49.000000",170831,42802,170648,170831,24300,1225143,269220,11942793919544021770,660207213721580954,18167912090651815585,16446716472462270691
202408021228,"2024-08-02 04:28:49.000000",170765,42802,171837,170765,24204,1227173,267692,14043102014202081330,11559210341326142116,18102886131339189380,11049157887654703646
202408021328,"2024-08-02 05:28:49.000000",170798,42802,170957,170798,24063,1225913,268420,7212105648666547817,17675770096022080643,18074636871535140382,6385815824668862012
202408021428,"2024-08-02 06:28:49.000000",170777,42802,171027,170777,24185,1224365,271120,16775497332999781465,5164388611428117629,4293972958397711388,5708001421792457292
202408021528,"2024-08-02 07:28:49.000000",170833,42802,171075,170833,24186,1231322,264088,1478689117910378254,11968336571850576646,656924968029124868,4549885537002528814
202408021628,"2024-08-02 08:28:49.000000",170826,42802,171397,170826,23994,1225864,267161,8452044093775563765,3564438974704200245,5064777085702103618,7185944237689584690
202408021728,"2024-08-02 09:28:49.000000",170745,42802,170725,170745,23992,1226651,268139,8083239996531218234,14090599020666440138,18276886878001287179,709928092221817157
202408021828,"2024-08-02 10:28:49.000000",170781,42802,170689,170781,24366,1223976,270635,8527205860166167760,15905508146101438594,15008432711629649271,11083299177171869341
202408021928,"2024-08-02 11:28:49.000000",170827,42802,170564,170827,24429,1230288,267210,17678905033466760813,13781327381800544825,2563071065461423546,11799146288458508042
202408022028,"2024-08-02 12:28:49.000000",170792,42802,170814,170792,23922,1225075,268871,4343089523746442577,6773523512664350163,11563807827395108128,12426661190729147938
202408022128,"2024-08-02 13:28:49.000000",170821,42802,170924,170821,23913,1230597,266934,9361700868157804299,13945510599246075089,5283052835258655736,15960518346647745714
202408022228,"2024-08-02 14:28:49.000000",170771,42802,171120,170771,24105,1228231,266240,2797458373238728774,16145689917747199710,11442568416883327045,5933341660466856063
202408022328,"2024-08-02 15:28:49.000000",170774,42802,171193,170774,23829,1223832,268113,7260878516436859851,16513148860386438355,1977000355382248006,15157472628143017890
202408030028,"2024-08-02 16:28:49.000000",170784,42802,170479,170784,23952,1229999,263596,14914596453504714164,9574806806029029574,13740290419623344873,3914997997764211217
202408030128,"2024-08-02 17:28:49.000000",170753,42802,170895,170753,23655,1227625,262882,4233692305631567323,14417312348654040821,291110009876526918,4476488901211840042
202408030228,"2024-08-02 18:28:49.000000",170861,42802,170931,170861,23835,1232177,258519,8159737171708290290,8869976832983589284,13032402309758625397,15101013745882288605
202408030328,"2024-08-02 19:28:49.000000",170812,42802,171530,170812,23696,1230840,260378,12809691479906275127,4915984800394347899,16338228425053504612,11155950734870258310
202408030428,"2024-08-02 20:28:49.000000",170770,42802,170825,170770,23884,1228751,261211,598376268375631383,158099001210002815,6267929684879515697,2437442354476290743
202408030528,"2024-08-02 21:28:49.000000",170806,42802,170909,170806,24010,1231212,261878,11933625824825990223,7319089634116118715,11788301503536701626,14899079431472680100
202408030628,"2024-08-02 22:28:49.000000",170742,42802,170987,170742,23675,1227966,261055,15941818605551530600,16971819334030088492,6961761995909801212,11519321849676351310
202408030728,"2024-08-02 23:28:49.000000",170788,42802,171064,170788,24080,1230249,263308,11927848704450662025,5774902796202546835,17107287449755466345,10197842574974900393
202408030828,"2024-08-03 00:28:49.000000",170784,42802,170450,170784,24143,1229465,262629,5548435015050525886,14671166255315348916,3006154154274390095,6690420043151208303
202408030928,"2024-08-03 01:28:49.000000",170783,42802,170954,170783,23965,1226264,266309,11645470365080694134,9575507653249959334,8892781316733645133,11187020251055656985
202408031028,"2024-08-03 02:28:49.000000",170748,42802,170398,170748,24260,1227878,264196,2803157425950580424,15689078354160641328,14820298994945048182,10859326533336204212
202408031128,"2024-08-03 03:28:49.000000",170882,42802,171182,170882,24195,1209285,285718,16955447578354572723,15412108612132398853,946748815905411855,3838662936374208245
202408031228,"2024-08-03 04:28:49.000000",170761,42802,171057,170761,24128,1229264,263007,14856249195325284602,4753788004403095398,8362774449017331819,8933239581020358453
202408031328,"2024-08-03 05:28:49.000000",170781,42802,170736,170781,24263,1227748,265165,3497495996817998826,3369267636172701940,9437321685942794708,3543477261478585416
202408031428,"2024-08-03 06:28:49.000000",170733,42802,171607,170733,23997,1229908,263217,13166859798875857717,9742926469857566649,3154400390795788995,4540947785712013717
202408031528,"2024-08-03 07:28:49.000000",170774,42802,170523,170774,24071,1228498,264901,1812977132119065043,6310090571988923847,6079452160986250771,839062086327625605
202408031628,"2024-08-03 08:28:49.000000",170818,42802,171072,170818,24139,1231365,262510,344157613912235282,14577680023938661284,12733121484364404115,3139802746257288655
202408031728,"2024-08-03 09:28:49.000000",170807,42802,170252,170807,24270,1233926,260543,5683051827599816931,15130833804036029879,7025929791026413560,6770929068075123414
202408031828,"2024-08-03 10:28:49.000000",170826,42802,171238,170826,24159,1229212,264798,17317548849495658216,609210128767013976,13378214280843041969,12627060155107199563
202408031928,"2024-08-03 11:28:49.000000",170772,42802,170611,170772,24183,1230551,265447,4041628593155109170,860556853017558134,2467163566173428011,10617246136344096053
202408032028,"2024-08-03 12:28:49.000000",170860,42802,171312,170860,24104,1232280,266190,12001029703905908852,5014263664713663794,1573258261384200073,13744924246254564803
202408032128,"2024-08-03 13:28:49.000000",170758,42802,169981,170758,23813,1228902,264306,10580977921114583819,2960859359651187181,15625976211255979747,11159945713157243035
202408032228,"2024-08-03 14:28:49.000000",170810,42802,170365,170810,23866,1235946,257292,14420506910864259361,16260851398118476651,10876261096754615488,11041499425214048626
202408032328,"2024-08-03 15:28:49.000000",170796,42802,170847,170796,23802,1232215,259902,1615732664141690378,6583850190085495200,9488735269915605151,1426607420450026681
202408040028,"2024-08-03 16:28:49.000000",170822,42802,170670,170822,23799,1233862,258301,13614705952331625119,5388354696062712577,16532784468824585392,6329107411538227200
202408040128,"2024-08-03 17:28:49.000000",170821,42802,170230,170821,23659,1233637,257413,12859563040328645878,8812155722630280304,5154336232816562682,10105159523239529208
202408040228,"2024-08-03 18:28:49.000000",170820,42802,170332,170820,23775,1233479,259396,7255119787844965958,13952931758355604798,513122164932746351,7660385363248492519
202408040328,"2024-08-03 19:28:49.000000",170764,42802,170803,170764,23434,1229561,261603,11187437589290566104,13813787928965601944,9406795523370721949,12044555403613902699
202408040428,"2024-08-03 20:28:49.000000",170774,42802,170061,170774,23727,1237801,257950,1067087089537503919,12314367490993833529,10095677767376551124,774184830491497046
202408040528,"2024-08-03 21:28:49.000000",170770,42802,170299,170770,23709,1228665,265229,2809552788345300123,12674679114584352741,16047653590404910072,7570255324891321688
202408040628,"2024-08-03 22:28:49.000000",170742,42802,170666,170742,23879,1228582,262781,15131346651424871839,7251752897823103615,18161576118173742047,7261629625387348077
202408040728,"2024-08-03 23:28:49.000000",170863,42802,171227,170863,24107,1232676,263234,4506822655252123001,15913374287279375037,6928696160130869275,22141076887408043
202408040828,"2024-08-04 00:28:49.000000",170781,42802,170325,170781,24072,1236270,260160,15573998967621923072,1607153596315361198,3715175298491083035,8846431415860651753
202408040928,"2024-08-04 01:28:49.000000",170731,42802,170744,170731,23770,1232560,262284,6845667770503237655,2385550843538524237,699690902924715016,6306339665068484780
202408041028,"2024-08-04 02:28:49.000000",170779,42802,171485,170779,24117,1235645,259725,12195645459857629533,13818852553675536885,4059078802175727956,7633185165341036268
202408041128,"2024-08-04 03:28:49.000000",170742,42802,171263,170742,23846,1233300,261770,5708741822840447321,17771171249478771645,11205440389129820647,12742245853074536379
202408041228,"2024-08-04 04:28:49.000000",170714,42802,170961,170714,24089,1234092,261495,13491276315532988233,13046636982314280571,1365201442789686047,1135970708688404459
202408041328,"2024-08-04 05:28:49.000000",170741,42802,171252,170741,24277,1233983,264926,17658492432174776292,17906330161697895914,6637702239844163226,2057490394845759174
202408041728,"2024-08-04 09:28:49.000000",170802,42802,170718,170802,24105,1231458,262260,535566407361082587,10017145506042856687,12641802519866523117,7141574815927102739
202408041828,"2024-08-04 10:28:49.000000",170741,42802,171323,170741,24254,1229892,267282,12275406218985269855,17005045357175484445,7090618996768454755,7061115042674834011
202408041928,"2024-08-04 11:28:49.000000",170823,42802,170806,170823,24079,1228125,269332,190509634371886522,10837634440437550760,8864421359620791686,16569204627606174384
202408042028,"2024-08-04 12:28:49.000000",170783,42802,170384,170783,23857,1230448,262125,850083647168574643,13130332945971601381,18149657837437532817,3981941740581538389
202408042128,"2024-08-04 13:28:49.000000",170765,42802,170714,170765,23913,1234549,261716,6640496229775219422,7774236639521353730,10627488793340687293,9351055510742807507
202408042228,"2024-08-04 14:28:49.000000",170764,42802,171215,170764,23744,1233724,261320,6094467021592069191,3794687872029376763,4629878470364543198,1998266297798044946
202408042328,"2024-08-04 15:28:49.000000",170776,42802,170729,170776,23957,1231816,259312,3353886285994888424,7124831132286568796,4852322742124442379,6858557785658457873
202408050028,"2024-08-04 16:28:49.000000",170766,42802,171615,170766,23822,1232525,258969,10267045348976352792,5397715401388365674,9687611240943566460,589510854608105168
202408050128,"2024-08-04 17:28:49.000000",170763,42802,170924,170763,23783,1232430,256370,15872038786868204988,11245461112542251118,5226327124088432968,12309320884914222060
202408050228,"2024-08-04 18:28:49.000000",170764,42802,170505,170764,23573,1231991,259712,2659406516338889001,7741519620347502401,13583798666310786346,8321923902085521380
202408050328,"2024-08-04 19:28:49.000000",170730,42802,170175,170730,23741,1233593,256592,11982045788560833625,13569728398636815879,2176465196576166922,12911823023845854370
202408050428,"2024-08-04 20:28:49.000000",170696,42802,170512,170696,23626,1232763,256940,1647573299339263342,4258414547303739152,9835836025292352192,3337633522695931626
202408050528,"2024-08-04 21:28:49.000000",170746,42802,170479,170746,23894,1237491,254361,7096852868052539185,5202832914060898521,920491417602563182,10410739031389793434
202408050628,"2024-08-04 22:28:49.000000",170759,42802,170505,170759,24078,1231114,261645,9743018114865904038,17003514720912102776,8191144756595834940,2113312181251101858
202408050728,"2024-08-04 23:28:49.000000",170790,42802,170362,170790,24352,1228326,262771,9559513545111823557,926226562434110619,12385270955127541867,13171966116947688839
202408050828,"2024-08-05 00:28:49.000000",170822,42802,172402,170822,24112,1230939,261474,3754293805292401714,17927143923330409778,8917422032785580602,9406213884704403506
202408050928,"2024-08-05 01:28:49.000000",170732,42802,170983,170732,24100,1229892,261054,5172686106381556247,13622212747257693819,10024329667346122616,13567466184180920368
202408051028,"2024-08-05 02:28:49.000000",170760,42802,171097,170760,24093,1230476,261387,15109579970980543813,410697538667632505,3970509850755442882,16667500953083030838
202408051128,"2024-08-05 03:28:49.000000",170712,42802,169553,170712,24016,1226316,264221,17585349529376067840,4562861334620361406,560481304003455660,10579032521053087436
202408051228,"2024-08-05 04:28:49.000000",170828,42802,170987,170828,24252,1229617,265054,16972226371270334268,2354679073255719026,12974120416410416648,134561081561652634
202408051328,"2024-08-05 05:28:49.000000",170789,42802,171652,170789,24141,1231268,263605,789676297148022055,16945645414723912227,883474434400245045,8519225774758305273
202408051428,"2024-08-05 06:28:49.000000",170699,42802,170795,170699,24318,1228728,262175,3005905614777340053,2713667223352976719,7159308461635259246,17380581062188587060
202408051528,"2024-08-05 07:28:49.000000",170779,42802,170909,170779,24410,1228758,264758,16522663195313502620,17185790114717876476,1839019725261384993,14568794106659968773
202408051628,"2024-08-05 08:28:49.000000",170780,42802,171145,170780,24310,1231171,262656,4880687067843591005,10221866499864397705,10811138071492388431,5612954534207559167
202408051728,"2024-08-05 09:28:49.000000",170763,42802,170395,170763,24441,1230940,265335,2018484433679829316,5835002618387838828,7670700840551122574,5218916828313003050
202408051828,"2024-08-05 10:28:49.000000",170733,42802,171326,170733,24370,1228453,265243,2209307242463965373,10093228480575174223,8721741616387639264,14035671637391416300
202408051928,"2024-08-05 11:28:49.000000",170625,42802,170409,170625,24202,1226143,268558,1157172950617669063,7354422651289140569,6888599027012743752,14287777567113814332
202408052028,"2024-08-05 12:28:49.000000",170736,42802,170582,170736,24114,1228881,265566,4421458629695473657,7346268369478437057,4863112774298203349,6583448102868877665
202408052128,"2024-08-05 13:28:49.000000",170774,42802,170266,170774,23899,1235262,255609,10677110046959326734,18410504957885724904,14069475393143911531,16135702830965327215
202408052228,"2024-08-05 14:28:49.000000",170700,42802,170105,170700,23902,1223445,264983,2742497963644815758,2987807924150592504,8145620980639604162,4981784879277149420
202408052328,"2024-08-05 15:28:49.000000",170784,42802,170725,170784,23866,1231652,262813,15362503836354780398,15740598481482277454,10643202447658875973,15490864814512267201
202408060028,"2024-08-05 16:28:49.000000",164843,42748,164571,164843,22087,1081273,325866,10539310261727747107,15048587063249121659,14806965601764717492,17901229320973093702
202408060128,"2024-08-05 17:28:49.000000",167640,42786,167660,167640,22747,1126640,316347,914826866311481986,16205115492231704428,869209923821226251,15736946890732834985
202408060228,"2024-08-05 18:28:49.000000",168593,42790,168707,168593,23125,1204292,263633,12052109543056689317,8891197260394734447,7085155211754627274,3442491512982129198
202408060328,"2024-08-05 19:28:49.000000",168067,42799,167729,168067,22646,1130549,311616,17313820232959468156,11057437062491595148,10084051026153859262,6368674707918041430
202408060428,"2024-08-05 20:28:49.000000",170749,42802,170134,170749,23962,1229404,261898,12130412605594845135,13395547993639212473,746353336370969761,18234333885144506303
202408060528,"2024-08-05 21:28:49.000000",170833,42802,170542,170833,24024,1233408,256938,92556896344004629,10967946622177523065,8151320941672014095,7626794583158367085
202408060628,"2024-08-05 22:28:49.000000",170766,42802,171053,170766,24087,1228069,263662,7927468083528454625,16539628354536864011,13896883212247944431,8629768997660902761
202408060728,"2024-08-05 23:28:49.000000",170805,42802,171009,170805,24040,1237083,257504,13154872915264834443,11810567604640031291,719224622298103909,4253587040372534197
202408060828,"2024-08-06 00:28:49.000000",170776,42802,171179,170776,24054,1231620,261069,13895333251916140789,3215871680634153223,13494161955493246543,15235621635074025767
202408060928,"2024-08-06 01:28:49.000000",170803,42802,170545,170803,24184,1232593,261757,14940094109952424884,17104957908587015952,8057262144615925273,9538867802866527639
202408061028,"2024-08-06 02:28:49.000000",170758,42802,170395,170758,24317,1229593,264930,12634273126796809353,5066170939757499467,2348873536763057738,3492675691739893964
202408061128,"2024-08-06 03:28:49.000000",170788,42802,171053,170788,24100,1228811,273972,18077554404382385966,6273971246338704590,16564874148304130418,3283485263523862416
202408061228,"2024-08-06 04:28:49.000000",170790,42802,170681,170790,24156,1228239,273404,11434683605232280639,17561548427659836249,2801703256062422104,13013730821771701292
202408061328,"2024-08-06 05:28:49.000000",170810,42802,170729,170810,24372,1230880,272042,17764972421186194591,10319957583213990953,13299089008760155311,6601145805062549619
202408061428,"2024-08-06 06:28:49.000000",170749,42802,171024,170749,24070,1228174,272645,16433182485959941011,12739813923313233507,7734284556701417996,6116711223225635156
202408061528,"2024-08-06 07:28:49.000000",170780,42802,170666,170780,24408,1227060,277100,13084720526746193944,2844833941814114626,17995632659405719481,8914788200602026917
202408061628,"2024-08-06 08:28:49.000000",170771,42802,171437,170771,24350,1228050,269715,8343306662457282389,9288085293782086869,17098823046095670389,17776094249618329395
202408061728,"2024-08-06 09:28:49.000000",170703,42802,171300,170703,24500,1225563,271341,3154207481338849246,13091166961010056522,4117784054243277054,8055666739358198484
202408061828,"2024-08-06 10:28:49.000000",170805,42802,170160,170805,24350,1233233,265208,4640127531564804014,16774870185164294920,5446620674632928296,10865910050536575938
202408061928,"2024-08-06 11:28:49.000000",170784,42802,170549,170784,24266,1232365,267215,12256212538268554474,15754269806822662896,3895147993270219165,14455714555778379815
202408062028,"2024-08-06 12:28:49.000000",170740,42802,170873,170740,24307,1232196,265087,4632488340136265426,1751131218415968080,1403272898684800283,3502138721091318735
202408062128,"2024-08-06 13:28:49.000000",170837,42802,170725,170837,24185,1225954,268975,9856744577124326825,17043502994420561535,972793701095703451,12713688610289147637
202408062228,"2024-08-06 14:28:49.000000",170762,42802,170670,170762,23966,1224714,266682,16748771173520033276,14464800590325809858,10326660806179015125,10486543663896427291
202408062328,"2024-08-06 15:28:50.000000",170750,42802,170725,170750,23817,1230805,263460,7479802395708359203,10185812870252723485,2722771143088816700,10974417557361239930
202408070028,"2024-08-06 16:28:49.000000",170765,42802,170325,170765,23842,1229720,262713,16046332414538981774,3423179867740079240,23327850921959744,5271293413845174816
202408070128,"2024-08-06 17:28:49.000000",170763,42802,170453,170763,23916,1229465,264638,12277658941254077602,5366864847516433004,17603760367160028867,2822797460738273225
202408070228,"2024-08-06 18:28:49.000000",170756,42802,169951,170756,23951,1231435,260818,5437770144349659121,6983612776261989769,5428604428392056548,10158032399394717512
202408070328,"2024-08-06 19:28:49.000000",170775,42802,170722,170775,23882,1229026,265218,12719229898982543015,14501988291874451991,13800580148911936944,1073999437355705950
202408070428,"2024-08-06 20:28:49.000000",170746,42802,170762,170746,23901,1227676,265055,7539659760531564895,15845085833029305799,2482262500510011654,3188590033577273122
202408070528,"2024-08-06 21:28:49.000000",170773,42802,171001,170773,24026,1229759,262057,13563570904167879004,14675209253625161462,8965084627086849544,10786334144339895818
202408070628,"2024-08-06 22:28:49.000000",170767,42802,170895,170767,23977,1228027,264120,10365431484075928966,13030127889268934198,9151446673645677755,7173777876772269239
202408070728,"2024-08-06 23:28:49.000000",170813,42802,170784,170813,24119,1230659,263333,13937221460111011768,16102379008778198516,14669013635912966769,5216265439934807803
202408070828,"2024-08-07 00:28:49.000000",170752,42802,170681,170752,24320,1228790,264569,14615378275734124397,17948096043800581463,3227110215055863535,4221146674464479359
202408070928,"2024-08-07 01:28:49.000000",170790,42802,170523,170790,24311,1231677,264805,17869592394775947467,16555530450926250701,9348457448836517943,820321290399042767
202408071028,"2024-08-07 02:28:49.000000",170729,42802,170604,170729,24338,1225687,269404,17135157859775734270,11379388938571587618,4642979118356324763,17786406290641238017
202408071428,"2024-08-07 06:28:49.000000",170823,42802,171293,170823,24109,1232254,262926,16656905452455387620,6998122550055475384,10399261946266982364,18029310905610129362
202408071528,"2024-08-07 07:28:49.000000",170804,42802,170464,170804,24274,1230959,264400,14098054898271107979,11230160439293216609,18440292170500177259,5962492683676456543
202408071628,"2024-08-07 08:28:49.000000",170981,42802,170615,170981,24365,1204834,290955,4278700815491046759,11576007788925867097,16472498796500087398,6597694745726772718
202408071728,"2024-08-07 09:28:49.000000",170979,42802,170593,170979,24220,1206775,289333,15447407253426032739,3994717205140254833,477892366486077584,4602638117130952948
202408071828,"2024-08-07 10:28:49.000000",171038,42802,171689,171038,24365,1213763,284998,2271985904963174746,14760159319192549202,1985528363996829137,1423505350975254071
202408071928,"2024-08-07 11:28:49.000000",171031,42802,171641,171031,24278,1214218,282568,16180442984805286412,15879160947105484150,5879712073688511215,8547104374844064471
202408072028,"2024-08-07 12:28:49.000000",171032,42802,171249,171032,24185,1208537,282948,4766633587342265319,2298182585379878305,18238190743827415290,4397372964565115162
202408072328,"2024-08-07 15:28:49.000000",170981,42802,170769,170981,23844,1192903,299893,10284835578705858339,16228395253701786939,15786837303814856398,3295318999152546646
202408080028,"2024-08-07 16:28:49.000000",170987,42802,170865,170987,23947,1197465,297112,15616170362588183241,5299379140963498717,3680829575598807065,9891920890944915355
202408080128,"2024-08-07 17:28:49.000000",170943,42802,170913,170943,23811,1215927,277239,6204976475665052480,6889453080208956572,8008544099092072982,15474689781045817298
202408080228,"2024-08-07 18:28:49.000000",171004,42802,170832,171004,23961,1224644,267672,7489873679769140972,14075011487709121538,3434619902183433735,3037996546165258935
202408080328,"2024-08-07 19:28:49.000000",170957,42802,170928,170957,23954,1224497,268232,8900739882064027509,13773643442757063859,7732998494510677925,14044411506724498081
202408080428,"2024-08-07 20:28:49.000000",170980,42802,171075,170980,23927,1219143,274112,3879047792102697906,5205667252712954390,1390075639276162964,18271445508467171382
202408080828,"2024-08-08 00:28:49.000000",170943,42802,171212,170943,24098,1190819,305662,3331901291557874051,16529038255478503859,4771626522646379568,11402775047608804986
202408080928,"2024-08-08 01:28:49.000000",170939,42802,171234,170939,24204,1183515,315030,2698402434816799531,17643435491989718667,3026232230737215478,421805967687032984
202408081028,"2024-08-08 02:28:49.000000",170954,42802,170670,170954,24177,1194151,304152,4873036691752145285,3510814053318329615,3084318724659004566,8256873596495410492
202408081128,"2024-08-08 03:28:49.000000",170985,42802,171771,170985,24123,1202813,303384,234747323135818910,2445008527761678516,1337162921868789065,4986398027696467367
202408081228,"2024-08-08 04:28:49.000000",170927,42802,170472,170927,24256,1195321,309717,16297013946356068416,16402655403140518302,18386152022636045574,7811438593300893912
202408081328,"2024-08-08 05:28:49.000000",170973,42802,171574,170973,24040,1196619,308300,8836491595654330551,8516560767295714227,11233423684268246322,8003724897045293594
202408081428,"2024-08-08 06:28:49.000000",170945,42802,170799,170945,24198,1197192,304968,7792142064288106247,5019601666026737443,11827973918480626672,8561783003808223552
202408081528,"2024-08-08 07:28:49.000000",171059,42802,170571,171059,24011,1202567,297003,5647735653097021756,16786916760349363982,14337265075404592001,5038623948985225129
202408081628,"2024-08-08 08:28:49.000000",171021,42802,170512,171021,24126,1208310,289436,16555659175359070938,10509635444051284782,5137731227510008184,4706212126735813610
202408081728,"2024-08-08 09:28:49.000000",171023,42802,170939,171023,24173,1212673,285367,380143294677249356,12430083320920056500,5899439277070424222,213676302220034866
202408081828,"2024-08-08 10:28:49.000000",171012,42802,171219,171012,24504,1215752,288421,2070784201015918687,5243386627539552949,15049927157023468667,1997588121608458011
202408081928,"2024-08-08 11:28:49.000000",171059,42802,171142,171059,24160,1217095,287552,26478695591856902,13622372450361487656,12660319474248089629,15528863901582648995
202408082028,"2024-08-08 12:28:49.000000",171038,42802,171408,171038,24210,1215511,287586,9718597991772316241,10977019521795988919,899188209628103814,9398618818116679678
202408082128,"2024-08-08 13:28:49.000000",171016,42802,171094,171016,23960,1215008,287875,9295470324921787535,545891811467258751,16866017777111084147,14040130720441384691
202408082228,"2024-08-08 14:28:49.000000",171040,42802,171312,171040,23899,1222477,272139,5750309674593860869,1359207827933775183,17946434744438394447,15590444471983736481
202408082328,"2024-08-08 15:28:49.000000",171004,42802,170758,171004,24080,1224559,270358,12963991458080558176,796391073714521288,16170914064911671183,15254214020930397579
202408090028,"2024-08-08 16:28:49.000000",171000,42802,171889,171000,23631,1227748,265198,11684233704358707692,12599805566254811532,8589704704908153620,12437142157046504228
202408090128,"2024-08-08 17:28:49.000000",170993,42802,171471,170993,23762,1227422,266877,7697948555384157151,18241894695338892047,8789103313489399780,10709708508012913194
202408090228,"2024-08-08 18:28:49.000000",171012,42802,170880,171012,23879,1233688,260708,2127742017363236994,7356822787456079704,4272252471502391836,2678969919670857410
202408090328,"2024-08-08 19:28:49.000000",170992,42802,170865,170992,23765,1230398,262567,1929209731206373416,2500879565555237878,545564954419542243,3430819615758491107
202408090428,"2024-08-08 20:28:49.000000",171002,42802,171190,171002,23803,1228128,265127,5979927051823603784,15321336736391560720,12000369162548803088,5280556578862077506
202408090528,"2024-08-08 21:28:49.000000",171032,42802,171053,171032,24092,1225032,270420,18292679209985025103,1086347672397126183,9844452970516875462,140174656276245246
202408090628,"2024-08-08 22:28:49.000000",171019,42802,171326,171019,24279,1206203,276265,6663284176212252131,11215300555066867383,9117338467060546324,12559588879945210604
202408090728,"2024-08-08 23:28:49.000000",171061,42802,170120,171061,23822,1193391,287362,13143410213109065276,6994986275337592510,223193112471331411,11074625220506184397
202408090828,"2024-08-09 00:28:49.000000",170985,42802,171337,170985,24071,1191899,298454,15183086140773607945,7057306168183980669,13681687791264891112,4851309762323107440
202408090928,"2024-08-09 01:28:49.000000",171045,42802,170700,171045,24151,1192657,292339,10356926136883918091,14174929027015518209,10952091489808817034,9311660446119736008
202408091028,"2024-08-09 02:28:49.000000",170990,42802,171167,170990,24226,1190263,291105,15385351985454151153,657252017354808295,8785013349607431342,1529019350902770910
202408091128,"2024-08-09 03:28:49.000000",171020,42802,171915,171020,24273,1194729,286948,12871616101843045010,15304033287135840956,18207101397925024226,536313576417208658
202408091228,"2024-08-09 04:28:49.000000",170996,42802,171308,170996,24342,1190579,289494,3465052753872273737,13041371925166653397,2406140603675157219,542108174960365953
202408091328,"2024-08-09 05:28:49.000000",171005,42802,170799,171005,24123,1188351,291275,16851039666690561476,2765731320012447854,4620415174751329820,16017204270523123754
202408091428,"2024-08-09 06:28:49.000000",171022,42802,171179,171022,24046,1190342,288970,7138274787719941829,7438996637922437,16602096887563302723,18093305160011414203
202408091528,"2024-08-09 07:28:49.000000",171028,42802,171094,171028,24110,1196171,283100,12556186759310694542,10611421098188648014,5364200650474334737,3487497773653250991
202408091628,"2024-08-09 08:28:49.000000",171059,42802,171563,171059,24043,1206705,273228,4485397345695318689,2882648109861425665,15886158819857687906,10216327777773287308
202408091728,"2024-08-09 09:28:49.000000",171017,42802,170821,171017,24158,1205075,278010,13484999756824614425,14286522599841949283,6879254793251683026,14243402550876603834
202408091828,"2024-08-09 10:28:49.000000",171035,42802,170479,171035,24438,1211284,270664,15810309353827326919,14650499348449626627,8464048743450333175,16353732593456309733
202408091928,"2024-08-09 11:28:49.000000",170959,42802,171385,170959,24026,1210761,270156,5359492779764323752,2885902702293525956,3015217231966763334,16020721569637172710
202408092028,"2024-08-09 12:28:49.000000",170990,42802,171685,170990,24052,1211384,267318,15468872856344511777,10602780699664592863,3996654216226374717,252493924677732767
202408092128,"2024-08-09 13:28:49.000000",170995,42802,170637,170995,24073,1210423,265539,3342287165829862274,7530553508908520034,15910842354570480909,16889827900294143001
202408092228,"2024-08-09 14:28:49.000000",171034,42802,170810,171034,23615,1216025,260318,13293828778845983001,5834895637242492279,4426146063665808229,3692030497065125365
202408092328,"2024-08-09 15:28:49.000000",171035,42802,171348,171035,23716,1218168,258672,15549735127733270890,9673024056134575622,10174887637786810532,2509418408585606964
202408100028,"2024-08-09 16:28:49.000000",170937,42802,171079,170937,23779,1212330,261401,7632790736437807880,2487878198101777930,17344191950958792897,7488630079553095655
202408100128,"2024-08-09 17:28:49.000000",170903,42802,170164,170903,23821,1207780,265902,4165707465738649902,2170283123586646968,13408241616465734294,11943280361095677688
202408100228,"2024-08-09 18:28:49.000000",170991,42802,171286,170991,23856,1213695,262113,7900957434663212853,1613872208839863459,5431270419239982630,4865985081220742736
202408100328,"2024-08-09 19:28:49.000000",170921,42802,170626,170921,23708,1215843,258545,10343053593610480136,2408563335622033248,18116836244248739757,581401655504849009
202408100428,"2024-08-09 20:28:49.000000",170958,42802,171116,170958,23924,1211057,263684,17219189870937513339,5919426736773861197,8808876567277923745,4413037170091311821
202408100528,"2024-08-09 21:28:49.000000",170823,42802,170821,170823,24217,1206036,267619,16011934548373509634,6822837402862802844,6820196138752059986,13120681457792112978
202408100628,"2024-08-09 22:28:49.000000",170939,42802,172246,170939,24253,1209760,267220,11769438893707116710,9435314002140285700,13398131307374008993,15563036876238115999
202408100728,"2024-08-09 23:28:49.000000",171031,42802,171046,171031,24206,1203041,272462,8496671373620219365,7599378048292614373,16912941194415640204,17335122741344606988
202408100828,"2024-08-10 00:28:49.000000",170950,42802,170828,170950,23927,1207767,270468,12989389207056800389,9460276225914113977,701703917434691080,3898914928892270790
202408100928,"2024-08-10 01:28:49.000000",170952,42802,170692,170952,24147,1191617,289079,10657251476131811306,13513349938198714836,16835432635716547210,14654834652807075234
202408101028,"2024-08-10 02:28:49.000000",170960,42802,170814,170960,24080,1208238,271842,4945113115162345375,9279869043710106803,4826242901265119127,7407704990012415767
202408101128,"2024-08-10 03:28:50.000000",170995,42802,170869,170995,24381,1206635,273622,13449990338508934407,3543967544638973137,12531307746152631188,240079580288824072
202408101228,"2024-08-10 04:28:49.000000",170982,42802,170630,170982,24113,1207879,272545,14195663885727822038,18081000909417440074,17945464764677259481,5661805847932446293
202408101328,"2024-08-10 05:28:49.000000",171013,42802,170633,171013,24091,1204336,277259,16566134054104970336,6500094807624182230,1695622201704941607,3931156425961188697
202408101428,"2024-08-10 06:28:49.000000",171014,42802,170821,171014,24216,1204122,276578,4862996011993266111,16150790311453342213,10830589838624343134,10852718703356057378
202408101528,"2024-08-10 07:28:49.000000",171002,42802,172049,171002,23985,1210171,269589,6520377028381291699,16669744502985800801,3879753919933169487,9462022364733878745
202408101628,"2024-08-10 08:28:49.000000",170912,42802,170303,170912,24027,1212906,265258,10395543603731285693,8771572574086847583,11286375547949428458,14381388760209095038
202408101728,"2024-08-10 09:28:49.000000",170966,42802,170939,170966,23993,1205326,274689,12452544994242465212,5250664918014755394,6263895225533986170,12453711973650619848
202408101828,"2024-08-10 10:28:49.000000",170980,42802,170512,170980,24118,1211563,268309,14282347547368677094,14173631904457564598,3488620199231736184,12447290681550360704
202408101928,"2024-08-10 11:28:49.000000",170990,42802,171345,170990,24237,1212171,268788,4012876986132483758,1559808334270680564,1868055717734131346,11887765834250618946
202408102028,"2024-08-10 12:28:49.000000",170937,42802,171005,170937,24077,1215746,266941,4948858597209893824,15287003061482756504,9673003796885550004,13606211747484430400
202408102128,"2024-08-10 13:28:49.000000",170950,42802,170358,170950,23949,1216391,267026,10568825786318943271,795575058701553669,9929089063016425104,9546339830912655652
202408102228,"2024-08-10 14:28:49.000000",170945,42802,171800,170945,23804,1219950,259080,1012099008894266366,13843398003715752634,6397493090546082641,7069136903948556959
202408102328,"2024-08-10 15:28:49.000000",170962,42802,170906,170962,23827,1216922,262193,17664892861483896250,5438118431886664590,2271118767815365257,15123937521463659915
202408110028,"2024-08-10 16:28:49.000000",170901,42802,171134,170901,23608,1219316,259841,14073012375711982833,9701925296150456775,1218377835875937123,13500591719595364105
202408110128,"2024-08-10 17:28:49.000000",170902,42802,171160,170902,23728,1209401,268324,12764161301113185331,9521768105204650831,8496523480464889044,15553122602231177580
202408110228,"2024-08-10 18:28:49.000000",170877,42802,170795,170877,23585,1221668,259454,9140958157397217069,5006484998606641873,6356007991340721803,2531202259331743671
202408110328,"2024-08-10 19:28:49.000000",170889,42802,170145,170889,23695,1221488,257720,16720305423021607434,1514181461603345086,926077352484740650,1579971690411948674
202408110428,"2024-08-10 20:28:49.000000",170883,42802,171005,170883,23750,1218524,260182,18318386634356623888,15130009660767212636,9963212359816265179,16637836957326182431
202408110528,"2024-08-10 21:28:49.000000",170925,42802,171263,170925,23843,1217309,261854,16368662573794090035,14968415174638742455,8444284392144985869,8251445922715446639
202408110628,"2024-08-10 22:28:49.000000",170968,42802,170582,170968,23927,1216683,263944,14081967061760835032,13353174045174753302,7214758008130640512,15545818402151960422
202408110728,"2024-08-10 23:28:49.000000",170952,42802,171263,170952,24011,1219942,261557,3337354306237598315,2824313300690700989,7847226536492104827,11039077675046311955
202408110828,"2024-08-11 00:28:49.000000",170994,42802,170722,170994,23927,1220615,263441,1483608977240592516,7290308725592603128,10243610114885722974,16428943742264677776
202408110928,"2024-08-11 01:28:49.000000",171005,42802,171193,171005,24049,1215195,267009,10754733225226361486,238630187421973234,6883944934941832892,2823410352184283834
202408111028,"2024-08-11 02:28:49.000000",171018,42802,171197,171018,24035,1208796,272273,1096745635588814449,5722428046222844809,18194089455160914041,17118150812961691965
202408111128,"2024-08-11 03:28:49.000000",170995,42802,170615,170995,24259,1207783,276015,18372125956063161112,11282368654043356004,1403126598276124826,8520056940954495092
202408111228,"2024-08-11 04:28:49.000000",171001,42802,171204,171001,24087,1206631,279695,2993067225061857526,1879184292131315340,10829153477977299758,13469723009456387480
202408111328,"2024-08-11 05:28:49.000000",171020,42802,170644,171020,24334,1206223,278966,8412881923376200601,9622983662545381787,13527390691881557192,17271764566032525686
202408111428,"2024-08-11 06:28:49.000000",170997,42802,171079,170997,24159,1210676,273752,12452700806453929616,7014759934231400412,3168480837503585148,8316621582468377534
202408111528,"2024-08-11 07:28:49.000000",171001,42802,171434,171001,24173,1216946,266715,6908928051021387925,15904264800796320035,7548582538121939562,13357243119123944826
202408111628,"2024-08-11 08:28:49.000000",170962,42802,171057,170962,24335,1218759,265214,9829617033382543413,3543277886796200413,18190918056862668414,17516891268655410814
202408111728,"2024-08-11 09:28:49.000000",170986,42802,170725,170986,24310,1215018,266869,2449797898879622481,780371392205373949,5056897043353258315,5972491664708674297
202408111828,"2024-08-11 10:28:49.000000",171014,42802,170781,171014,24175,1212090,269520,12589667775370064385,4405356089779627235,2103667886402006262,772831605301329754
202408111928,"2024-08-11 11:28:49.000000",170982,42802,170527,170982,24277,1214249,268725,8436692791967857017,13769029852459238489,12780631737075835490,12409970966160990090
202408112028,"2024-08-11 12:28:50.000000",170996,42802,171112,170996,24004,1216123,262499,8537556369345568409,756226991010068147,10933420246809251640,6034245937602910362
202408112128,"2024-08-11 13:28:49.000000",170965,42802,170362,170965,23925,1216951,267006,16771487847836254005,14815054673934059829,16191406807276455476,7045702637365798258
202408112228,"2024-08-11 14:28:49.000000",170962,42802,171611,170962,23911,1217110,262953,18023855956767078162,11209185551154686152,16516898795037440971,1899000937459817167
202408112328,"2024-08-11 15:28:49.000000",170948,42802,171134,170948,23614,1216909,261732,17442074855053719869,15645353684735739181,10859137989437739875,6077064868119734829
202408120028,"2024-08-11 16:28:49.000000",170994,42802,172086,170994,23800,1221107,259412,15841637894006566510,12276535597320629708,16832375159532608863,1137759547129768799
202408120128,"2024-08-11 17:28:49.000000",170935,42802,170832,170935,23589,1215389,262733,1933234012026450883,408163435318940321,17951008477692050534,3085507554618613918
202408120228,"2024-08-11 18:28:49.000000",171009,42802,170571,171009,23891,1222342,260480,11255105148253149468,2376955368213334710,3756298524063664274,2867852734479442002
202408120328,"2024-08-11 19:28:49.000000",170964,42802,170490,170964,23921,1216725,266742,13454051622885777932,16487580587640229394,13149064934760276974,14222403914389239012
202408120428,"2024-08-11 20:28:49.000000",171022,42802,171094,171022,23912,1189274,294366,3623926782123732742,18173129099594692384,1702103379096365483,10200551666561344573
202408120528,"2024-08-11 21:28:49.000000",170973,42802,171156,170973,23969,1191176,290288,14678228533105825342,16478853342794347496,5772586422051420982,6785601305410549804
202408120628,"2024-08-11 22:28:49.000000",170993,42802,171793,170993,23857,1200561,283077,10356909034889761248,13540459677669642596,4641751768186616305,13879616732921083895
202408120728,"2024-08-11 23:28:49.000000",170911,42802,170611,170911,24082,1165591,318985,7437468980181998588,15311152350453052984,10956020090280916234,7893110310955268
202408120828,"2024-08-12 00:28:49.000000",170901,42802,170987,170901,24115,1155603,328227,5697461083822839667,8598540177196877341,10770243293330105976,9857813699205733314
202408120928,"2024-08-12 01:28:49.000000",170944,42802,171090,170944,24207,1180524,304353,18144935950753106154,17700752524069263604,10915756788314980797,4818415546763645515
202408121028,"2024-08-12 02:28:49.000000",170987,42802,170626,170987,24061,1183158,303868,15795293020836259698,11318500679228596778,1713392981470436644,3202549380536086740
202408121128,"2024-08-12 03:28:49.000000",170966,42802,171123,170966,24081,1181583,306135,7717417169279569466,15978155058245181614,4162890203962064759,7961525687971123781
202408121228,"2024-08-12 04:28:49.000000",170959,42802,170972,170959,24311,1182586,304797,10596485843002920966,11826393594126552444,18248608358366010903,12403647072542288029
202408121328,"2024-08-12 05:28:49.000000",170923,42802,170204,170923,24394,1180967,307993,5986625981775047405,6218060646178269049,3127663273676697325,14119500972589413373
202408121428,"2024-08-12 06:28:49.000000",170980,42802,170744,170980,24075,1182544,303309,6951596824483728563,9469251562852563519,12664766750695203336,14321579341269156200
202408121528,"2024-08-12 07:28:49.000000",170957,42802,170799,170957,24425,1186557,303667,16798377700914332193,2865770158340345549,11677141599718199798,14942458710317171154
202408121628,"2024-08-12 08:28:49.000000",171011,42802,170685,171011,24351,1201821,289970,16578318219743476934,4712062956138945990,490450028243470457,3647047022241050989
202408121728,"2024-08-12 09:28:49.000000",171048,42802,170917,171048,24290,1205372,284993,10692419489467421355,5198916313690154819,4236088992176566935,5228244882649554987
202408121828,"2024-08-12 10:28:49.000000",171020,42802,170858,171020,24452,1211404,282052,3768749189075653661,13558858009791688243,1764827203287824021,2368892338345691395
202408121928,"2024-08-12 11:28:49.000000",171034,42802,170160,171034,24133,1209312,280255,3361035047604261383,8991703260614692799,16067540667874481029,16653197284779204919
202408122028,"2024-08-12 12:28:49.000000",171034,42802,170979,171034,24079,1211609,281341,15484053028058075063,3480133782641726645,9014379932735421415,2013327234198680989
202408122128,"2024-08-12 13:28:49.000000",171016,42802,171009,171016,23961,1210089,278876,14370631528245762595,1982161466419079285,18233630189812549326,8212699440124157558
202408122228,"2024-08-12 14:28:49.000000",171028,42802,171341,171028,23811,1212441,279649,3474144279845541302,3627655580359357886,15083260108066793195,3039888948664019503
202408122328,"2024-08-12 15:28:49.000000",171061,42802,171156,171061,23837,1215742,273051,3634340021912692609,4823936521512073323,9279977537516219412,5646586709374282248
202408130028,"2024-08-12 16:28:49.000000",171038,42802,171356,171038,23753,1223744,266252,5263080420698317800,15600112427463823532,16760527526893644727,610002849741438649
202408130128,"2024-08-12 17:28:49.000000",171014,42802,170608,171014,23664,1217358,269200,4002758781266067289,16259716760641420525,2692191014751541028,16984575474150704518
202408130228,"2024-08-12 18:28:49.000000",171033,42802,171496,171033,23719,1220782,267368,15879132382081363924,7165944443785690842,7703462607901100762,15845194497336840696
202408130328,"2024-08-12 19:28:49.000000",171007,42802,171393,171007,23966,1214878,271462,12164796264192666292,11631182888671782142,13814564645406970425,17531256889696898289
202408130428,"2024-08-12 20:28:49.000000",171005,42802,171360,171005,23903,1212921,273345,6726651301947617181,16245934168838906251,13899378249314222181,2480176599429203293
202408130528,"2024-08-12 21:28:49.000000",171047,42802,170538,171047,23999,1206766,278271,16987096776408881119,10674427447906182593,6051784687453936599,3567317291298437521
202408130628,"2024-08-12 22:28:49.000000",170958,42802,171035,170958,24035,1193024,290843,15532342422064705077,7786960884786470187,593568801805051719,17111744896604151357
202408130728,"2024-08-12 23:28:49.000000",170974,42802,170567,170974,24102,1183058,304585,1026389079844339085,15794417788098460991,6786186660291038492,10677943973498076526
202408130828,"2024-08-13 00:28:49.000000",170926,42802,170534,170926,24168,1179773,307318,18441350015871844144,15695467070115036540,3900769479674833430,6259364768546276980
202408130928,"2024-08-13 01:28:49.000000",171036,42802,170906,171036,24294,1182874,306627,8496450472989095151,15334364839559357893,16624778131267635563,10745704798907906389
202408131028,"2024-08-13 02:28:49.000000",170982,42802,171589,170982,24238,1183548,302846,17190030786268870144,16811443950343919310,14212315340597082755,12598553020722774795
202408131128,"2024-08-13 03:28:49.000000",170968,42802,170729,170968,24165,1184837,299934,7389573096748409326,16437877653191740702,10642993095408217737,13833581703305091177
202408131228,"2024-08-13 04:28:49.000000",170993,42802,171016,170993,24336,1181225,303397,2456350328653504645,5733250644081283663,18011472713900572621,9757759902410400275
202408131328,"2024-08-13 05:28:49.000000",170986,42802,171105,170986,24224,1180040,308714,9509695712100336542,5746376261218067662,14060816272450147639,2805125035508110187
202408131428,"2024-08-13 06:28:49.000000",170963,42802,170946,170963,24376,1184825,308098,11734199144231857354,8336057975087546140,4971235150727837735,11619477397252827895
202408131528,"2024-08-13 07:28:49.000000",171019,42802,171275,171019,24427,1198722,292427,12641109941763427279,11240301677742115931,10941507364986866464,8011575568412356424
202408131628,"2024-08-13 08:28:49.000000",171026,42802,170497,171026,24303,1204885,287171,7175779597173419226,13728320962096263570,14237041890891688879,13015617089371379265
202408131728,"2024-08-13 09:28:49.000000",170994,42802,170600,170994,24438,1201811,288798,3711585055692391864,508545088898788148,8245090241715350548,12707767075666250572
202408131828,"2024-08-13 10:28:49.000000",171004,42802,170884,171004,24384,1203769,284478,13151758213527153740,4500850060487318198,13295561920798551049,2356627828613420405
202408131928,"2024-08-13 11:28:49.000000",171002,42802,171204,171002,24304,1210073,283301,1792228171193995723,13366476435420408357,14749367238179134714,9976570205819644516
202408132028,"2024-08-13 12:28:49.000000",171023,42802,170979,171023,23926,1206223,283374,12583496723251254761,13407957847121246635,4765489808167742264,15920235515784638278
202408132128,"2024-08-13 13:28:49.000000",171001,42802,171689,171001,23780,1199599,286529,7304370622596390496,3299938654042981724,11229465692478966324,13450835631625755624
202408132228,"2024-08-13 14:28:49.000000",170993,42802,170781,170993,23833,1180696,302587,14725356324000484348,13219664579751058986,13209586392216466314,17846410262356038066
202408132328,"2024-08-13 15:28:49.000000",170997,42802,170567,170997,23740,1146925,336574,5345694883425914461,13022070034107596205,5249226022292946919,3313673646110532847
202408140028,"2024-08-13 16:28:49.000000",170987,42802,171179,170987,23604,1175335,302914,15591954869743964952,15833909337677455800,5688898908594191345,2183137927016558393
202408140128,"2024-08-13 17:28:49.000000",170973,42802,170729,170973,23662,1179688,300648,9996702902928391628,17315767051362557564,13240933664774063283,9098246883747720123
202408140228,"2024-08-13 18:28:49.000000",171009,42802,171593,171009,23803,1209906,272469,6301143435954131683,4662017482051646907,9896006380081077728,8992637860111123438
202408140328,"2024-08-13 19:28:49.000000",170996,42802,170913,170996,23732,1212832,268637,7026143449742330781,11053140666850327573,11139025408365826634,13714921270945648462
202408140428,"2024-08-13 20:28:49.000000",171030,42802,170538,171030,23847,1208328,274320,1484182884905936397,17993535227287874749,16408059548898775775,8956083168083130111
202408140528,"2024-08-13 21:28:49.000000",171040,42802,171086,171040,23974,1200448,281679,15046637159989300287,8585844327635381521,5462941806657632431,11992437090742579227
202408140628,"2024-08-13 22:28:49.000000",170989,42802,172056,170989,24129,1188311,295734,1667436530252205265,9696603251896371461,11791504045932836643,1810786679830188473
202408140728,"2024-08-13 23:28:49.000000",171005,42802,171212,171005,23952,1182864,302381,3038096299340644472,18408047386941164030,17238697067089542485,1361980923844319457
202408140828,"2024-08-14 00:28:49.000000",170999,42802,171049,170999,24305,1183811,300722,1243268534775517008,7371988857898109486,16554033671041206370,16966799247866118344
202408140928,"2024-08-14 01:28:49.000000",170985,42802,171101,170985,24067,1187547,298740,12872026973986020592,6785937162684398186,16785003257138616024,4762443440390398762
202408141028,"2024-08-14 02:28:49.000000",170966,42802,171374,170966,23972,1182652,304188,3445233296888491504,13873835938518133870,1207425072074155454,13703883710703812410
202408141128,"2024-08-14 03:28:49.000000",170998,42802,170604,170998,24013,1184317,300996,16716465419976900894,10248964776198275310,8183260434299331882,11562395461314590974
202408141228,"2024-08-14 04:28:49.000000",170997,42802,170453,170997,24193,1181752,302837,5121660530567672809,3459472330559680475,4857168782029364374,13266966509988047950
202408141328,"2024-08-14 05:28:49.000000",171030,42802,171822,171030,24230,1182831,302964,12657142892919167654,18181939976198679128,4690008341169961563,448957327916699651
202408141428,"2024-08-14 06:28:49.000000",171001,42802,171611,171001,24301,1185829,301549,15001874724889901966,2678886865239779880,18428132710038093088,17384343096691219012
202408141528,"2024-08-14 07:28:49.000000",170992,42802,170193,170992,24153,1192412,294834,5136080573251144816,15604978257291382868,9384848168228949256,13277350288608059074
202408141628,"2024-08-14 08:28:49.000000",171011,42802,171471,171011,24227,1188598,295084,15723350133924929885,1766856988171001251,1617920340884365469,6587995071639456345
202408141728,"2024-08-14 09:28:49.000000",171045,42802,170652,171045,24415,1200444,287323,59007806745134095,8378537342226609391,16769190060263680044,8505252589309179042
202408141828,"2024-08-14 10:28:49.000000",170999,42802,171134,170999,24185,1191947,296820,13407523095792834088,2922647548966749390,793694948622540553,17247800364934693243
202408141928,"2024-08-14 11:28:49.000000",171015,42802,171793,171015,24236,1199978,290950,7424866667190325343,9460156032951087849,865973861670937155,16137771586867369047
202408142028,"2024-08-14 12:28:49.000000",170933,42802,169893,170933,24122,1170499,319079,337837522901216905,602421537820664579,9071121534165078019,13533560677983491007
202408142128,"2024-08-14 13:28:49.000000",170933,42802,171120,170933,23894,1188191,296693,5938969570497665323,5912187529046047681,11152772158343591133,5993612010787637761
202408142228,"2024-08-14 14:28:49.000000",171075,42802,171197,171075,23893,1202473,283516,8315064096682827655,17725280470369571203,12324388984006619903,8146037318355407089
202408142328,"2024-08-14 15:28:49.000000",171041,42802,171186,171041,23939,1179312,303565,15737556385709032714,4815140793415265254,10775352814742535301,15883637310780379967
202408150028,"2024-08-14 16:28:49.000000",170943,42802,170979,170943,23928,1179791,299971,13436527072014355747,11968603153803714275,7465243402806746563,11787847555152398299
202408150128,"2024-08-14 17:28:49.000000",170992,42802,170644,170992,23859,1211348,273766,11224407785988869265,10816473445096802313,7718043515540920170,5912077683554624706
202408150228,"2024-08-14 18:28:49.000000",170987,42802,171108,170987,23551,1215842,266470,14665714634028593113,4887202578774163099,7908182785186763535,14486312795595550719
202408150328,"2024-08-14 19:28:49.000000",171017,42802,171142,171017,23833,1219832,264356,10428567667679034407,11637689346154323055,2955257215870136251,17707803933019205313
202408150428,"2024-08-14 20:28:49.000000",171007,42802,171448,171007,24056,1212917,271201,14543391167715155611,4753957389216856831,11011393175128627675,8459986455527932219
202408150528,"2024-08-14 21:28:49.000000",171004,42802,171186,171004,24108,1209811,274118,749705873276853998,3178786321957084670,9603271546509336049,16741303266814491125
202408150628,"2024-08-14 22:28:49.000000",171010,42802,171452,171010,24078,1209639,275389,18241677435074637079,10297959704319857713,4698907050674279522,6987599776567204270
202408150728,"2024-08-14 23:28:49.000000",171006,42802,171434,171006,24035,1194421,291233,11835296120845581171,4424203230439067003,4071631604541534973,12082401424304047783
202408150828,"2024-08-15 00:28:49.000000",170969,42802,171434,170969,24282,1188541,294023,10250872148892161895,12167183840108723209,13391150225199320782,4450494055883941584
202408150928,"2024-08-15 01:28:49.000000",171003,42802,171201,171003,24099,1193005,294994,10866128919986640407,5157635534666494559,3189908043056533805,5951009224003588143
202408151028,"2024-08-15 02:28:49.000000",171019,42802,171001,171019,24041,1197455,287957,8544675726875374988,4439920447725379352,6327177036650680829,10752058906376114059
202408151128,"2024-08-15 03:28:49.000000",170966,42802,171215,170966,24063,1198453,284509,8984897188194928342,5829260117970173748,3110890614893476761,6875347844735450873
202408151228,"2024-08-15 04:28:49.000000",171012,42802,170744,171012,24393,1196160,290431,11093728198533759398,2645679993056684754,3270022146366668779,3589751105708581257
202408151328,"2024-08-15 05:28:49.000000",170977,42802,170648,170977,24246,1196161,287343,5045128706192642436,5198774122921314162,6565545022657422739,10509646908133006831
202408151428,"2024-08-15 06:28:49.000000",171065,42802,170880,171065,24314,1199289,283030,4414561204300608056,3853833788432909092,15048141163882690204,2941855936510500510
202408151528,"2024-08-15 07:28:49.000000",171002,42802,170828,171002,24339,1198071,286252,16762859408144498845,10375085464673614763,495435480642049571,25186140515553523
202408151628,"2024-08-15 08:28:49.000000",171049,42802,171778,171049,24289,1208986,280415,16815927505059257816,5702361297194906446,1281729541508487416,860318333026309718
202408151728,"2024-08-15 09:28:49.000000",171040,42802,170670,171040,24292,1208334,283059,13080775584245678923,9369524752787888275,1611546539469934668,1497127378706931302
202408151828,"2024-08-15 10:28:49.000000",171003,42802,171193,171003,24364,1207221,284925,11156315963221881241,14837748980183136019,7199782622197451906,11104943139188872082
202408151928,"2024-08-15 11:28:49.000000",170972,42802,170549,170972,24210,1201312,287525,15202375055143124444,15554311035509214110,3091440376610620539,16183653771892707775
202408152028,"2024-08-15 12:28:49.000000",170981,42802,170670,170981,24181,1202737,290840,4177594254127470790,225796539431538276,5114105569328189241,128879052542168377
202408152128,"2024-08-15 13:28:49.000000",171015,42802,170600,171015,23854,1217775,267717,16060654308419723298,16698151249529439300,15107309399400918497,3858408427131478129
202408152228,"2024-08-15 14:28:49.000000",171064,42802,171371,171064,23955,1217613,271843,11141433078539233371,6947313041480092565,9614683376917612259,11170717864686625659
202408152328,"2024-08-15 15:28:49.000000",170964,42802,171297,170964,23912,1212554,271372,2803265742124190165,10239472612106404087,2436489737888481005,4210408820690199601
202408160028,"2024-08-15 16:28:49.000000",170958,42802,171145,170958,23906,1211078,272620,15243083600607373146,10220016424838735380,2082145171513835866,986664962598322334
202408160128,"2024-08-15 17:28:49.000000",170972,42802,170472,170972,23940,1214800,267458,12520162931916845919,17252866749220397133,13197762758282814370,6118158615045051750
202408160228,"2024-08-15 18:28:49.000000",171003,42802,170670,171003,23926,1216713,265543,10960071093247714386,757019325162635076,16921304131772198023,17583616467953916215
202408160328,"2024-08-15 19:28:49.000000",170963,42802,170025,170963,23761,1212965,267217,10609001984159385690,8677315619037334010,9799998831421254575,10395345548141293609
202408160428,"2024-08-15 20:28:49.000000",170938,42802,169944,170938,23961,1210278,271269,10276690357307395398,14511230622254854788,7342263815564749743,6364554837545738075
202408160528,"2024-08-15 21:28:49.000000",171020,42802,171593,171020,24210,1211148,274714,8520760397857923056,849796697432564382,5198540317060752757,617209991671239827
202408160628,"2024-08-15 22:28:49.000000",170955,42802,170909,170955,23996,1193432,291537,11232332983077149150,6413905742160156562,16407701926341781543,17374811915321336351
202408160728,"2024-08-15 23:28:49.000000",171005,42802,170979,171005,24044,1189925,298783,8858437435164967606,8229342064354941110,2123966737538150222,3762202879327017406
202408160828,"2024-08-16 00:28:49.000000",171001,42802,171445,171001,24267,1192078,299007,15188696459709696813,7696002392473353107,2124690554766609788,14053706163046776010
202408160928,"2024-08-16 01:28:49.000000",170975,42802,170549,170975,24208,1184909,302561,12302023921696551245,12156510727304697899,1299146305865486613,5445004183293443969
202408161028,"2024-08-16 02:28:49.000000",171005,42802,171774,171005,24057,1192230,296855,8535691996298748563,15190263684532016061,2783818087506952328,4517800238907837872
202408161128,"2024-08-16 03:28:49.000000",170980,42802,170821,170980,24219,1192997,295548,15744473393204329553,5903089080268982319,8906867242237737145,17294173785896429273
202408161228,"2024-08-16 04:28:49.000000",170964,42802,170600,170964,24134,1184429,302750,5291449648376961145,6614691428535096705,8874762617921401359,15174363471645908177
202408161328,"2024-08-16 05:28:49.000000",170919,42802,170696,170919,24182,1177658,305703,16449437358547617551,9062980706365111667,17543848084520036541,2386704732712043909
202408161428,"2024-08-16 06:28:49.000000",170907,42802,170663,170907,24377,1170672,311516,5640835117741052625,7984418770310386409,14304593711555082848,15185286742183003214
202408161528,"2024-08-16 07:28:49.000000",170986,42802,170744,170986,23991,1196955,290954,4543950907441465208,6812846537221038408,3433464049325851133,4558515099871054295
202408161628,"2024-08-16 08:28:49.000000",171018,42802,170777,171018,24057,1199658,287581,1681211250419559559,17040181758458041399,8519361469136241455,12365027116697176603
202408161728,"2024-08-16 09:28:49.000000",171028,42802,171434,171028,24194,1205884,282828,18091617318768841661,17740954231428325419,851689709586484490,5645829102226435482
202408161828,"2024-08-16 10:28:49.000000",171039,42802,172082,171039,24063,1204965,285467,4219502937769349826,11558487106134975996,18359042166709081348,5697480271843751028
202408161928,"2024-08-16 11:28:49.000000",171015,42802,170920,171015,24108,1196736,290069,16185509124590414566,8865224533387709860,4835084975449766509,16744846368606066735
202408162028,"2024-08-16 12:28:49.000000",170993,42802,171072,170993,24044,1201249,286086,16647449246657772404,3125664472080178110,9514419374024240902,2202559697664430422
202408162128,"2024-08-16 13:28:49.000000",170994,42802,170622,170994,24152,1208478,276680,5216391214204452940,18137958746815686000,13182964852536749197,8014552700405799207
202408162228,"2024-08-16 14:28:49.000000",171039,42802,171459,171039,24030,1209617,272500,10580754019619734008,4030620435284454828,12185957111507531562,13175662021147877302
202408162328,"2024-08-16 15:28:49.000000",171037,42802,170556,171037,23879,1214638,266148,17757763409055180838,14055969801004973928,161963651950017685,11774613888944321859
202408170028,"2024-08-16 16:28:49.000000",170997,42802,170898,170997,23622,1210559,270652,2286564357199021952,10583539604560138394,9798826910141275839,7436108416788059351
202408170128,"2024-08-16 17:28:49.000000",170994,42802,170666,170994,23893,1211204,267977,13861855444423074530,17576471993315519100,9513639591622632747,6287367712769729279
202408170228,"2024-08-16 18:28:49.000000",170971,42801,171352,170971,23757,1213577,265161,12331930489859597734,6461478372654824960,15073002681611942218,17716034743997366180
202408170328,"2024-08-16 19:28:49.000000",170936,42802,170965,170936,23970,1210108,268957,6539959974868155298,690230639765983090,5123671248799273047,16498886598041587139
202408170428,"2024-08-16 20:28:49.000000",170991,42802,170976,170991,23934,1211343,267951,1596628521658757905,3717477090748959095,13282169717939012485,17020720300733668003
202408170528,"2024-08-16 21:28:49.000000",170944,42802,171348,170944,23893,1210455,270093,11029981708955156021,13987954590139217237,5331935032558704605,4576397042306650509
202408170628,"2024-08-16 22:28:49.000000",170919,42802,171426,170919,24096,1209809,270306,14394192290064550364,930601848216676490,10382072793948420133,11912456059201296307
202408170728,"2024-08-16 23:28:49.000000",170981,42802,170928,170981,24037,1206011,275735,3533351567717946046,5308563619170314352,4141674800857403198,15040502626800756958
202408170828,"2024-08-17 00:28:49.000000",170949,42802,170987,170949,24116,1211347,270386,10620735303676144097,19216951726434967,16485290090929054544,7680069054803109788
202408170928,"2024-08-17 01:28:49.000000",170974,42802,170792,170974,24097,1199580,283981,17213889186682568812,16224136267553278988,17425142202610034032,2371412759361975036
202408171028,"2024-08-17 02:28:49.000000",170960,42802,170895,170960,23738,1204845,276022,2328161679511358683,9715609330173329453,8756883632628511891,2610456108701190613
202408171128,"2024-08-17 03:28:49.000000",171029,42802,170479,171029,23938,1213404,271462,14584215925082461003,4662077859091566893,2106639252942260510,15106716593407070282
202408171228,"2024-08-17 04:28:49.000000",170992,42802,170873,170992,24057,1204766,277964,2439061109992366876,11520537148866988494,5875553774978597269,8730017331605704217
202408171328,"2024-08-17 05:28:49.000000",170979,42802,171537,170979,24018,1207591,276091,3066246562292863701,14830629304508665887,11596211643282620921,1047900954940241351
202408171428,"2024-08-17 06:28:49.000000",170977,42802,170479,170977,23859,1208826,275490,1048423585904054148,16789499799081954912,16305859472747821484,16293307760820203958
202408171528,"2024-08-17 07:28:49.000000",171012,42802,171952,171012,24011,1213157,274084,5137156734262836056,10762441988281292466,5497909508415477812,2516845778707290300
202408171628,"2024-08-17 08:28:49.000000",170965,42802,171215,170965,24065,1205748,279069,12747542420030609916,14140043926675258002,6307530637340938807,15179452747014349587
202408171728,"2024-08-17 09:28:49.000000",170986,42802,170101,170986,24218,1210606,275028,8617362980277214657,16777179827221691053,18318737956003747593,18211081953884551049
202408171828,"2024-08-17 10:28:49.000000",170965,42802,171101,170965,24177,1205001,279411,1246439812013467903,3605366086264873133,3539087211582631436,16961278416068861474
202408171928,"2024-08-17 11:28:49.000000",171001,42802,170204,171001,24041,1209147,278271,14851395964628602580,10118713022632738400,5080397553632939244,11509647857287719872
202408172028,"2024-08-17 12:28:49.000000",170985,42802,171204,170985,23893,1209708,277646,6793546182262321755,18310610945359096679,10240080927732800728,16108485399731605702
202408172128,"2024-08-17 13:28:49.000000",170981,42802,170560,170981,23693,1211952,272417,155657661373394556,14819109534209923108,5635591392191403103,11336837563360764367
202408172228,"2024-08-17 14:28:49.000000",170954,42802,171345,170954,23744,1213593,267071,16180685941456102816,10034799783920523256,10448604032832683915,7802178803793544267
202408172328,"2024-08-17 15:28:49.000000",170939,42802,171145,170939,23547,1213793,266940,9630889529010221107,1490965412633521861,17003066035984111700,17813953500000724436
202408180028,"2024-08-17 16:28:49.000000",170981,42802,170850,170981,23735,1214172,267565,15160437969547670884,4042558096956531824,4217049343699585961,5922008135806211919
202408180128,"2024-08-17 17:28:49.000000",170915,42802,171112,170915,23644,1216859,263772,5158579330233839302,5360620218706078416,14298969350563437200,10325890224434261532
202408180228,"2024-08-17 18:28:49.000000",170851,42802,170098,170851,23644,1219063,262629,2259179646436897209,6798464952747088585,15406723539585600464,7864855675296303882
202408180328,"2024-08-17 19:28:49.000000",170979,42802,171511,170979,23379,1190354,292804,15210542387204963007,5964351571925961357,5334119182333364399,12961798887380270687
202408180428,"2024-08-17 20:28:49.000000",170976,42802,171105,170976,23710,1199630,283964,13547548620726374447,6122140121523335453,4515030418039482349,8014968324355255187
202408180528,"2024-08-17 21:28:49.000000",170946,42802,170858,170946,23957,1216806,266694,12380332728752463412,9936052736278078386,6993311884539476772,14467774091429534916
202408180628,"2024-08-17 22:28:49.000000",170967,42802,170898,170967,23883,1185241,300494,1042470574635102753,3178873298176228527,2022381969448843339,16168262702844199413
202408180728,"2024-08-17 23:28:49.000000",170956,42802,171013,170956,23986,1181049,305081,4922420877353843826,15721049309745263632,10369609200061732946,5891723056080881524
202408180828,"2024-08-18 00:28:49.000000",171005,42802,170039,171005,23886,1211364,275883,16237614810513919252,3502422366120857412,5391353713555381355,15836190933701668937
202408180928,"2024-08-18 01:28:49.000000",170999,42802,171578,170999,24171,1201877,287361,2283608941930429090,17130373240576281962,17856197626750849364,15092625932657283054
202408181028,"2024-08-18 02:28:49.000000",170975,42802,170707,170975,23948,1213169,275109,16494940456989632225,174030146973506855,4266184869514356883,6700473605436478657
202408181128,"2024-08-18 03:28:49.000000",170962,42802,170641,170962,24029,1218699,270606,2627537639038627824,10817112223681616980,6035731483059545388,4744408952564167364
202408181228,"2024-08-18 04:28:49.000000",171040,42802,171526,171040,23992,1214194,274922,165687296329652632,8147469867868381028,6316245274369436807,16387635929311475877
202408181328,"2024-08-18 05:28:49.000000",171001,42802,171175,171001,24015,1218275,271225,14802252022588230803,584079758875379591,1148591886132541296,1802660572408985720
202408181428,"2024-08-18 06:28:49.000000",170988,42801,170703,170988,24116,1214120,275079,12925933086653102025,10742667997267849025,2388098611993911404,7145547773922607246
202408181528,"2024-08-18 07:28:49.000000",171018,42802,171245,171018,24127,1218542,272720,11857132532534197675,7354530523871384055,14668315102546938638,18033272802665123042
202408181628,"2024-08-18 08:28:49.000000",170994,42802,170924,170994,23750,1213290,269460,15422125967798743549,18262812892456738241,5468006258663484627,568377907115628531
202408181728,"2024-08-18 09:28:49.000000",171023,42802,171090,171023,24123,1216109,273954,9811752400762727950,4634569275567811178,197046982476467298,7103705746529999738
202408181828,"2024-08-18 10:28:49.000000",171033,42802,171644,171033,24234,1212693,275542,9547744284078363441,9251599882903681189,10907363420051697996,14081853506499069398
202408181928,"2024-08-18 11:28:49.000000",170994,42802,170920,170994,24125,1216109,274845,4920553877672794278,10022145181425531378,4531784127282833001,12332986870531029905
202408182028,"2024-08-18 12:28:49.000000",171035,42802,171330,171035,24182,1213119,273404,16288303449790941624,9791769767572645932,13097387330366722621,6163015582389928603
202408182128,"2024-08-18 13:28:49.000000",171069,42802,170976,171069,23690,1214144,269498,3484728088758488302,11803337969752562584,5773304756141492643,13908607359031803267
202408182228,"2024-08-18 14:28:49.000000",171016,42802,171046,171016,23860,1215747,266901,2081246206413658213,15070925146958769349,7786547101300860311,5410716775089309333
202408182328,"2024-08-18 15:28:49.000000",171013,42802,171167,171013,23772,1217974,265738,13362158005110226985,1359865866972952653,4079332149542186043,2943018543160931171
202408190028,"2024-08-18 16:28:49.000000",170918,42802,170314,170918,23642,1214478,268942,1225188948131379204,17093187663950401392,10351087456883155983,14175290856232171789
202408190128,"2024-08-18 17:28:49.000000",170961,42802,171563,170961,23633,1222111,261912,6569904362158598704,9698104771440021186,13224651889588723025,7782291543873496301
202408190228,"2024-08-18 18:28:49.000000",171023,42802,170902,171023,23465,1222172,261802,16017381154636267297,8289381927456068371,13167160036243423040,10273217395802068966
202408190328,"2024-08-18 19:28:49.000000",170905,42802,170762,170905,23835,1218776,263987,1834964802457325030,13704998639863889128,8464741668672411997,13998380747478017109
202408190428,"2024-08-18 20:28:49.000000",171019,42802,171282,171019,23755,1209919,271898,13175889100686189582,5647802098111063672,8319253792556784865,3989021932561931479
202408190528,"2024-08-18 21:28:49.000000",170993,42802,171441,170993,23903,1208943,272311,17657928251596741177,11901093414694718391,7607466538905578617,13881443109330526241
202408190628,"2024-08-18 22:28:49.000000",170984,42802,170490,170984,24048,1193133,288980,15940542789878285479,6463859475156015573,17618148002343853161,14584734415247488993
202408190728,"2024-08-18 23:28:49.000000",170980,42802,170839,170980,24030,1189281,297473,9614973479191494636,6698461867428406178,14403653521640489896,15891248089142319224
202408190828,"2024-08-19 00:28:49.000000",170983,42802,171260,170983,24004,1182611,302179,16469396032493394080,14059635049838982166,5134311063332452226,1524331137341269792
202408190928,"2024-08-19 01:28:49.000000",170952,42802,170575,170952,24054,1182303,302159,13311016295151075289,4127169229830821101,13529476427459350848,4518896339550098224
202408191028,"2024-08-19 02:28:49.000000",170964,42802,171223,170964,24347,1182260,305293,11862326767993381046,1585715666010152784,2744738851881593733,15024333314684488153
202408191128,"2024-08-19 03:28:49.000000",170971,42802,171252,170971,24094,1180207,305454,16430237801010129116,9545801033762283516,11280554208691287426,14323777034942626742
202408191228,"2024-08-19 04:28:49.000000",170997,42802,171116,170997,24141,1149159,338274,14018958249841789361,9291896125890790651,5662101592549962974,7770473710253662384
202408191328,"2024-08-19 05:28:49.000000",171004,42802,171230,171004,24274,1189353,299791,976105515224280237,18299502178246052419,13560128384802153570,10851444676583205736
202408191428,"2024-08-19 06:28:49.000000",170984,42802,170876,170984,24268,1185110,301738,9612391001359151042,15950145357131948226,15781292486399736709,17640706747965402797
202408191528,"2024-08-19 07:28:49.000000",171017,42802,170784,171017,22711,1199301,283104,9582058279923456040,5469099573567899330,17097770816159826064,3128693034501361346
202408191628,"2024-08-19 08:28:49.000000",171033,42802,170884,171033,22629,1205201,275340,7054328820455151891,12111801621814673907,11145063669741136502,10822290082526677178
202408191728,"2024-08-19 09:28:49.000000",171012,42802,171374,171012,22845,1212756,270161,1333099066308905196,5887194286506090406,17846694514838769850,16339812459966485286
202408191828,"2024-08-19 10:28:49.000000",170994,42802,170781,170994,23914,1213850,276624,13514504883753797347,5933873698707499601,10692915094128048211,7352250147460726973
202408191928,"2024-08-19 11:28:49.000000",171052,42802,171367,171052,24097,1214593,273356,6441137118758934360,1946921773036127972,4758608899287605440,7934771245140795900
202408192028,"2024-08-19 12:28:49.000000",171011,42802,170803,171011,24035,1215268,271113,16524358163549378862,10935622578810578470,6457944010395797467,15239820212175636751
202408192128,"2024-08-19 13:28:49.000000",170932,42802,171005,170932,23800,1217237,261320,15212063726325389331,7168907983447971813,5753640986812437351,3736924964996818739
202408192228,"2024-08-19 14:28:49.000000",170942,42801,170891,170942,23930,1212589,266320,17102186645444778427,17051645796517605067,11089252070276162434,1302406241978759320
202408192328,"2024-08-19 15:28:49.000000",170932,42802,170769,170932,23787,1222019,259505,3457350419299676926,4731861308131699740,4780255503978069044,3002388356238157934
202408200028,"2024-08-19 16:28:49.000000",170890,42802,170417,170890,23725,1213373,266835,8015002881353239724,8334286834789744286,9561253941639622018,14365325354042713646
202408200128,"2024-08-19 17:28:49.000000",170835,42802,171042,170835,23620,1220294,265534,1694022284892092301,6479499765533322877,17260793110966177293,16637425487190389249
202408200228,"2024-08-19 18:28:49.000000",170881,42802,170722,170881,23833,1223649,260811,4545524140713350891,7174744418810348525,16404986031300457447,2757239916309969607
202408200328,"2024-08-19 19:28:49.000000",170866,42802,170725,170866,23760,1216191,265049,10447646393063371927,13303679203768438095,14517788861288070316,3802217382763955808
202408200428,"2024-08-19 20:28:49.000000",170981,42802,171186,170981,23818,1222280,268138,15296872684419279692,8063607957551755164,12947478389047148447,13962489099118947263
202408200528,"2024-08-19 21:28:49.000000",170983,42802,170939,170983,23995,1224016,266625,11717759898282931159,3281388914019316135,13261747985239079060,10041037037228391638
202408200628,"2024-08-19 22:28:49.000000",171029,42802,170681,171029,23544,1205959,278870,1407604544120219631,2188693159149102533,17436699469898758455,13408600018088510893
202408200728,"2024-08-19 23:28:49.000000",171004,42802,171112,171004,24088,1199079,290165,17145486698251883336,9654654298345870756,2523982763899171690,18330361686236756502
202408200828,"2024-08-20 00:28:49.000000",171012,42802,171282,171012,24138,1195851,293698,1750316130028094173,5840156738291120567,7983600897452587471,3392869530971415953
202408200928,"2024-08-20 01:28:49.000000",171025,42802,170259,171025,24122,1195331,294365,120257858503454311,3327632779435024531,1346768481401509085,14288162360941543435
202408201028,"2024-08-20 02:28:49.000000",171011,42802,171530,171011,24023,1192181,295959,188516648949915237,1265004140876904969,3211382921904505033,4628870939783882293
202408201128,"2024-08-20 03:28:49.000000",171039,42802,170707,171039,24271,1201486,294177,9878442931518236373,14179372679215049867,8892537979266070201,16667069011263156915
202408201228,"2024-08-20 04:28:49.000000",171005,42802,171563,171005,24245,1197525,296073,12179374823944047938,3133807355744757348,2827916785012273022,4308305478761958432
202408201328,"2024-08-20 05:28:49.000000",171046,42802,171190,171046,22561,1203039,285524,808573926199380424,979357314905789118,12088411484552215310,5995002575392311102
202408201428,"2024-08-20 06:28:49.000000",171003,42802,171826,171003,22734,1200652,285567,17660035068844894708,15546287230375215852,2094211282636621097,8540284148231629623
202408201528,"2024-08-20 07:28:49.000000",170995,42802,170836,170995,22557,1178174,306695,16979319167139719442,2851340798183636350,2890344063390211081,13451263088023117203
202408201628,"2024-08-20 08:28:49.000000",170977,42802,170784,170977,22464,1187940,299366,17397195929416834503,4876930533575185027,4584147132614994332,2430549633033028934
202408201728,"2024-08-20 09:28:49.000000",171025,42802,171582,171025,22479,1196407,290608,3076820210387270014,10658774433576595086,9810801342362404427,16403277643979854241
202408201828,"2024-08-20 10:28:49.000000",171038,42802,170744,171038,22846,1198000,287831,7934606449872192392,2728740629301533746,1635844447886484991,2596750756108417405
202408201928,"2024-08-20 11:28:49.000000",170994,42802,171105,170994,22792,1228026,259705,10747682161487942025,614493880962026153,3958724939793878397,3253636766677961401
202408202028,"2024-08-20 12:28:50.000000",170984,42802,170619,170984,23910,1229712,258805,950627965722019909,10875601975512383031,18276174997583879987,8683221427348393309
202408202128,"2024-08-20 13:28:49.000000",170814,42802,171120,170814,23708,1229457,257698,14019451173253853911,17586007340562374315,12523697109001446856,13078915344758893022
202408202228,"2024-08-20 14:28:49.000000",170857,42802,170740,170857,23604,1233058,254522,8760679565955745880,15586821305793337256,12221903827977681455,12643097739801818327
202408202328,"2024-08-20 15:28:49.000000",170784,42802,170692,170784,23854,1235315,253306,11457740480860701247,11654285620040103701,11971781647182532481,15060259104356873217
202408210028,"2024-08-20 16:28:49.000000",170851,42802,171315,170851,23800,1233895,252985,15216282674443830953,17946644386096001451,6148022194234039519,2613374394573164497
202408210128,"2024-08-20 17:28:49.000000",170773,42802,170733,170773,23769,1229357,254051,10885833999528282205,14286742628063108809,8759670151987405717,3705336918378568171
202408210228,"2024-08-20 18:28:49.000000",170852,42802,170810,170852,23558,1233772,249820,13351330335733071851,2733694485756576517,1303303737627368152,16386779049362388056
202408210328,"2024-08-20 19:28:49.000000",170837,42802,171585,170837,23871,1232143,253362,10200714130473194192,3164475858724386938,13529666699180365945,7037077999011784403
202408210428,"2024-08-20 20:28:49.000000",170822,42802,170810,170822,23635,1232546,251851,14804857219921912640,724593062781168244,17751571756500977673,10433054598095621743
202408210528,"2024-08-20 21:28:49.000000",170805,42802,170156,170805,24117,1229457,255441,2743257292991013598,6830749744451979202,17770839311473785949,17992641908368460509
202408210628,"2024-08-20 22:28:49.000000",170866,42802,170307,170866,24196,1233958,253265,12806918216173432638,6620609309351317100,13096709616767348083,3969011410125257007
202408210728,"2024-08-20 23:28:49.000000",170825,42802,170961,170825,24077,1230804,256045,1348687156004891617,10094498786216102705,1117852162777316650,13067932161492558606
202408210828,"2024-08-21 00:28:49.000000",170864,42802,170233,170864,24134,1228875,260456,17918512263860190699,3589988240404017541,3397553122048030927,5577404663673193253
202408210928,"2024-08-21 01:28:49.000000",170914,42802,170880,170914,24023,1227116,259381,7120611298805246231,6978492177223765657,12388774472774055686,5299254156277125056
202408211028,"2024-08-21 02:28:49.000000",170802,42802,171260,170802,24030,1227425,257959,13558006104433969556,13576691701407711798,13241353729904697827,16807573797530163865
202408211128,"2024-08-21 03:28:49.000000",170806,42802,170928,170806,24396,1228755,257695,8776650763992464412,12489683004418876916,18162181792642619069,15454271189362297509
202408211228,"2024-08-21 04:28:49.000000",170817,42802,171385,170817,23598,1227081,253532,10079510388474310359,5350503863130677439,13870612828454258841,18091430384275077235
202408211328,"2024-08-21 05:28:49.000000",170849,42802,170902,170849,22720,1228841,251706,16116144355753261505,7910884541018067337,2187684327817682265,231065707920344285
202408211428,"2024-08-21 06:28:49.000000",170817,42802,170475,170817,22828,1230441,256285,1655926828371615423,14931329411705680193,15376656397249070744,7017030983207739638
202408211528,"2024-08-21 07:28:49.000000",170880,42802,170244,170880,22662,1232110,253042,15870043818457697673,15600167993557206033,8875158397727628704,9783581206627759290
202408211628,"2024-08-21 08:28:49.000000",170810,42802,170637,170810,22870,1219894,266180,6505155596622156368,6760570980384040376,16998635186154580724,13592275786228269778
202408211728,"2024-08-21 09:28:49.000000",170857,42802,170998,170857,22816,1199846,285291,3763946207433727048,14159260438814531188,7732685277964843686,12372450417577596170
202408211828,"2024-08-21 10:28:49.000000",170868,42802,171419,170868,22915,1198066,290213,2578793042738302660,13434128571884066260,11367261055046067233,13274962982445305119
202408211928,"2024-08-21 11:28:49.000000",170819,42802,170663,170819,22921,1233140,255662,4740482143854854396,1747710953781180816,16371774356510487312,4838561876469558574
202408212028,"2024-08-21 12:28:49.000000",170834,42802,170814,170834,24214,1230204,258962,4664880860821479326,11126350988807841842,6737513845821357770,2124496475181366986
202408212128,"2024-08-21 13:28:49.000000",170811,42802,170994,170811,23904,1225462,257779,10101083159790208545,1830923412200722031,10917363124939048208,16101797181349059358
202408212228,"2024-08-21 14:28:49.000000",170809,42802,171312,170809,23905,1226763,256096,13210570476723892661,16109594141950601137,14819938012092672355,9140889620199369127
202408212328,"2024-08-21 15:28:49.000000",170826,42802,171038,170826,23483,1229782,252403,5794000255900739382,16417365582169830990,8945970841040838838,10648180104478851462
202408220028,"2024-08-21 16:28:49.000000",170877,42802,170696,170877,23280,1231437,249960,3681319900369976529,1555513570355582473,12244221248286320320,4303418654643240934
202408220128,"2024-08-21 17:28:49.000000",170810,42802,170902,170810,23108,1226990,254257,311356363234476301,2575120505836007575,2459976474364940062,12013325154290408012
202408220228,"2024-08-21 18:28:49.000000",170797,42802,171005,170797,23398,1228934,253464,13963155814616856665,5104090602544871043,5273577359258178926,13406286627469190096
202408220328,"2024-08-21 19:28:49.000000",170749,42802,170483,170749,23339,1221376,257720,6677756878753682586,5500761777762599858,4678067743847013413,1381430317791230867
202408220428,"2024-08-21 20:28:49.000000",170809,42802,170600,170809,23607,1229822,254695,11939053288438825005,10134210741334937479,16036053031760708184,15420295856263863200
202408220828,"2024-08-22 00:28:49.000000",170782,42802,170384,170782,24219,1224152,260577,10129120669296288779,11610832590489586091,9146237084572634770,14463419566255530344
202408220928,"2024-08-22 01:28:49.000000",170823,42802,170906,170823,24132,1225836,261493,17145495133866529203,14219162277640012265,8886544843606232138,16984316896904470216
202408221028,"2024-08-22 02:28:49.000000",170839,42802,171219,170839,24088,1226243,262025,15802145485764484586,10716032272168069184,4264905277367027456,13702793296288426770
202408221128,"2024-08-22 03:28:49.000000",170834,42802,171286,170834,24388,1229981,257708,17805861419461023489,11867755224798391809,17055926968560353256,12767627852336218598
202408221228,"2024-08-22 04:28:49.000000",170861,42802,170762,170861,24216,1229472,257334,8587959766125646501,17541385117187524663,4471121809840908041,16197040226014883553
202408221328,"2024-08-22 05:28:49.000000",170784,42802,170696,170784,24435,1228237,267457,4901925295180022142,16919602146009490876,8266575724338821964,10176615379571612364
202408221428,"2024-08-22 06:28:49.000000",170784,42802,170222,170784,24333,1225250,268736,15032699753954126967,5766946817366951239,8683216210952132953,1931648115223583649
202408221528,"2024-08-22 07:28:49.000000",170831,42802,170729,170831,24371,1228460,260726,339955662135761464,16546250348216418248,8567949495945501166,8041539278053382722
202408221628,"2024-08-22 08:28:49.000000",170764,42802,170450,170764,24407,1222046,265409,2163026967805587775,2910463944656379411,11478996494411241236,3703230655034735568
202408221728,"2024-08-22 09:28:49.000000",170776,42802,171097,170776,23997,1227315,261588,5514278869134522687,7000436323575858847,5506638678469225428,15363386685625742362
202408221828,"2024-08-22 10:28:49.000000",170839,42802,170858,170839,24231,1228720,260912,1300833870117213261,5849671660201332209,5960243905136344950,116878068720001608
202408221928,"2024-08-22 11:28:49.000000",170825,42802,170990,170825,24425,1227607,262745,875674575500757373,17164322311021827661,6288344225236209565,12447829025028183361
202408222028,"2024-08-22 12:28:49.000000",170881,42802,170597,170881,24309,1224073,269952,3249717287447666622,13227302997369048564,15303280635643706076,10407043933182631880
202408222128,"2024-08-22 13:28:49.000000",170850,42802,170586,170850,23893,1229088,262680,622097025480272480,7005858387828810856,4498519535071614376,9479306968429970586
202408222228,"2024-08-22 14:28:49.000000",170826,42802,170303,170826,24097,1221605,267764,8318323054239013518,9260979126257904738,16628060742712246259,6947889014744612979
202408222328,"2024-08-22 15:28:49.000000",170808,42802,170670,170808,23811,1227716,260416,2350049165096612028,17246996433257547838,9067491046996003124,10005616467473129316
202408230028,"2024-08-22 16:28:49.000000",170733,42802,170843,170733,23837,1221596,267544,11958055279122231933,4231155221917071153,10316098027378185250,14368064841285698526
202408230128,"2024-08-22 17:28:49.000000",170739,42802,171519,170739,23662,1219232,269043,7762077872762437374,1051187808903354146,8194380500135400571,12126825357879819763
202408230228,"2024-08-22 18:28:49.000000",170781,42802,170931,170781,23881,1219460,258562,17406760190172579528,9119176960232673008,9569442946458287072,3017109475749016306
202408230328,"2024-08-22 19:28:49.000000",170820,42802,171153,170820,23843,1222205,258763,12061947039479386258,6819753541284331284,8274353575301087267,8752379998132525709
202408230428,"2024-08-22 20:28:49.000000",170804,42802,170017,170804,24057,1223753,258839,12069426311256485493,2485579313741830873,2462533227406246374,1770302276721616374
202408230528,"2024-08-22 21:28:49.000000",170849,42802,170318,170849,24184,1224565,260217,13858288873325532361,16719967268840960717,8566601505787783742,7798138128912531310
202408230628,"2024-08-22 22:28:49.000000",170822,42802,170266,170822,24293,1223902,261979,15502878498451589699,10555009821136716245,7314469006640962781,9318654668315881767
202408230728,"2024-08-22 23:28:49.000000",170835,42802,170402,170835,24263,1220942,264118,16250752939252357488,6402474294637218138,15376081716398950509,4733879517398971331
202408230828,"2024-08-23 00:28:49.000000",170807,42802,170420,170807,24393,1223300,263478,12927232406719878269,17625033823603957955,14408557039329310862,13688639470342243064
202408230928,"2024-08-23 01:28:49.000000",170789,42802,171304,170789,24188,1222917,260401,14103147394438513439,15537199488489577177,5665403321677350516,10929240156079743662
202408231028,"2024-08-23 02:28:49.000000",170752,42802,171463,170752,24327,1218153,264541,3841167423661112610,16559662957507736480,9330572262951395000,10660919450882050858
202408231128,"2024-08-23 03:28:49.000000",170819,42802,170285,170819,24277,1224935,270498,6462817945630009291,17498571474653975789,17635020628015391439,9553000036736096641
202408231228,"2024-08-23 04:28:49.000000",170784,42802,169677,170784,24332,1226608,268448,10594865237622407188,16419070232780227144,5748227141219794970,5975144877384580698
202408231328,"2024-08-23 05:28:49.000000",170816,42802,170847,170816,24378,1225417,267621,10233579071516314858,2167881339664235770,14748063997494477415,15311630795453677665
202408231428,"2024-08-23 06:28:49.000000",170812,42802,171046,170812,24293,1225455,265809,14377272284117573973,4349673347498851885,992585153004196618,6985779446930111630
202408231528,"2024-08-23 07:28:49.000000",170774,42802,170556,170774,24193,1222506,263966,5324699662836399351,1325777939301970585,16297248383377863975,15745165396891100433
202408231628,"2024-08-23 08:28:49.000000",170773,42802,170836,170773,24062,1220623,266022,4097865474383446637,6214683129876751807,8352549498532209215,5713452359850865649
202408231728,"2024-08-23 09:28:49.000000",170755,42802,170575,170755,24221,1220046,266925,4263634027411424117,11593270691862746057,14986730573736287628,2501919415192123250
202408231828,"2024-08-23 10:28:49.000000",170697,42802,171193,170697,24146,1218428,270795,11789046055846101394,5653685347558873612,17803664302059302776,11607676536168732364
202408231928,"2024-08-23 11:28:49.000000",170757,42802,170906,170757,24303,1222396,270243,17282948727526691336,10179908480006857574,1022997407177403939,4825974295220682721
202408232028,"2024-08-23 12:28:49.000000",170792,42802,170395,170792,24116,1224554,267437,7623265192809635977,4488597392260929449,9297757682460321090,13668761142022659970
202408232128,"2024-08-23 13:28:49.000000",170793,42802,170299,170793,24046,1222738,265440,14096756402799177575,2510255161381420507,15718695945700162986,17630286419166437274
202408232228,"2024-08-23 14:28:49.000000",170783,42802,171090,170783,23778,1222032,261760,5695794859620978401,6029483892104532647,17536920511606716039,4770415581904506319
202408232328,"2024-08-23 15:28:49.000000",170753,42802,170626,170753,23790,1224480,258921,5319988231399828514,3852995811176245730,3520962151886202838,14087410409520714270
202408240028,"2024-08-23 16:28:49.000000",170781,42802,170777,170781,23965,1224577,260842,14265143318659723814,17886961105073466082,8697738939847383107,11735178091260337943
202408240128,"2024-08-23 17:28:49.000000",170744,42802,170950,170744,23734,1223629,258885,6456665142716592227,3609439258518755183,3025275064705009939,17934900808493965429
202408240228,"2024-08-23 18:28:49.000000",170682,42802,170666,170682,23686,1220546,259849,8325483850287646269,10031210262990784421,10090319420972943967,1003636024549929555
202408240528,"2024-08-23 21:28:49.000000",170728,42802,169860,170728,24322,1219764,262316,18042577814276873804,8729137666690115998,1374628281173455002,8964027655365330688
202408240628,"2024-08-23 22:28:49.000000",170753,42802,170373,170753,23949,1222548,260446,841961021121953131,7599045735464629861,3807240948115151142,9334048326396890508
202408240728,"2024-08-23 23:28:49.000000",170725,42802,171871,170725,24114,1220465,263076,1705157696390886389,7373566743027643417,13157484681001134302,114785470515602862
202408240828,"2024-08-24 00:28:49.000000",170747,42802,170619,170747,24156,1221682,262616,9419257444487292582,12604108101872258674,17878906622625386580,7261171303458488784
202408240928,"2024-08-24 01:28:49.000000",170718,42802,171822,170718,24225,1216686,266280,2472238483720111009,15511364329861985475,14927655812024052910,14915636009081369856
202408241028,"2024-08-24 02:28:49.000000",170766,42802,170943,170766,24296,1219238,265750,7523219245979954525,9043557510931443713,3996078635793166276,17010939800386891740
202408241128,"2024-08-24 03:28:49.000000",170797,42802,170968,170797,24247,1224671,261287,17495532683814170099,16598980622488893787,10602133277744980054,2319392465419431168
202408241228,"2024-08-24 04:28:49.000000",170802,42802,170769,170802,24335,1223235,265079,15720415392547572310,2866261503598535334,4588688067850462221,16768826482875825549
202408241328,"2024-08-24 05:28:49.000000",170851,42802,170692,170851,24398,1227548,262208,3297310758369803629,12019438585960792379,11154554215254524788,11090226207974653268
202408241428,"2024-08-24 06:28:49.000000",170770,42802,171500,170770,24342,1228591,259076,1975737970861200495,5697020363632471559,138750007914170058,6702818952295865030
202408241528,"2024-08-24 07:28:49.000000",170731,42802,170457,170731,24353,1221982,265429,11528661918688497850,13540892964856015086,4580533756925040979,4417986432205632191
202408241628,"2024-08-24 08:28:49.000000",170826,42802,171031,170826,24375,1226213,263874,14952164731834020077,12294309292242465101,1388012077034174800,1144591594733249104
202408241728,"2024-08-24 09:28:49.000000",170727,42802,171541,170727,24277,1224349,263883,9380687455546127723,13776701425926499469,7068955309551478933,12678674294169728211
202408241828,"2024-08-24 10:28:49.000000",170707,42802,170950,170707,24216,1220305,267663,238610049888617117,15731120723533487863,9179583580557534879,5663576963485332675
202408241928,"2024-08-24 11:28:49.000000",170769,42802,170087,170769,24380,1223149,264075,7287477806471861924,6602368788572916448,15151277251713945044,15534109358585899402
202408242028,"2024-08-24 12:28:49.000000",170732,42802,171145,170732,24155,1222119,262498,4329796745364352831,2790479651350895897,6258275676755655181,6845245353777390105
202408242128,"2024-08-24 13:28:49.000000",170790,42802,170497,170790,23981,1220126,265654,13496348912758457387,16032560517401015169,18366643669699848227,11829838141593343633
202408242228,"2024-08-24 14:28:49.000000",170775,42802,170803,170775,23844,1220472,261708,15108713855955792736,1842687257357935162,14942022749552014519,8569393651236057213
202408242328,"2024-08-24 15:28:49.000000",170771,42801,170876,170771,23747,1228819,254692,4700773971038545982,7186865549137564618,7095880714517077863,9037272295925796099
202408250028,"2024-08-24 16:28:49.000000",170753,42802,170825,170753,24020,1227473,255799,10314286756795412736,4233622884807697252,16213041113839734280,4252767525964059452
202408250128,"2024-08-24 17:28:49.000000",170778,42802,170193,170778,23810,1230305,253785,17821900404515256273,10850241630512327553,8282723013685246372,4812028605111641442
202408250228,"2024-08-24 18:28:49.000000",170814,42802,170553,170814,23825,1226952,255825,16002006931677554107,17981241302289462375,6501305080244275032,7186048976575840210
202408250328,"2024-08-24 19:28:49.000000",170798,42802,170633,170798,23916,1228319,253845,760954901253324204,9524601676474754962,509013057689111472,8971399353996573296
202408250428,"2024-08-24 20:28:49.000000",170798,42802,171456,170798,23931,1230480,253471,7734146682874626871,1897885761168026329,14352409717955909206,13806301095974532936
202408250528,"2024-08-24 21:28:49.000000",170815,42802,170814,170815,24088,1227509,255185,14425541364645880730,5938741142745884982,7210412167747173544,9716789411417285208
202408250628,"2024-08-24 22:28:49.000000",170796,42802,170505,170796,23974,1226493,256578,2001425266830013325,16904475248252975103,16851752231055492063,546849716526844407
202408250728,"2024-08-24 23:28:49.000000",170804,42802,170358,170804,24148,1224366,258919,7214050439312482704,13432209862682877416,5538586094111409147,13226446256949580101
202408250828,"2024-08-25 00:28:49.000000",170815,42802,170622,170815,24231,1227436,257091,6657677101406646565,14461329561194421467,3286110487572428314,260616038962212492
202408250928,"2024-08-25 01:28:49.000000",170830,42802,170497,170830,24430,1227737,258788,7237817197005814903,12654601418634251105,8232323653309735488,9809950534227349068
202408251028,"2024-08-25 02:28:49.000000",170773,42802,170343,170773,24215,1226570,260093,8219250958202377111,12796811468092556633,6047961893738389325,14998697165086094881
202408251128,"2024-08-25 03:28:49.000000",170752,42802,170935,170752,24022,1227238,257831,2469923362801407097,13995977384698968927,16800963131872978552,5760617265302070304
202408251228,"2024-08-25 04:28:49.000000",170828,42802,171234,170828,24460,1229261,258738,5613597471816500252,13904161443471502924,9282526447541642508,16970288656011427942
202408251328,"2024-08-25 05:28:49.000000",170810,42802,171256,170810,24158,1228407,257186,10477906941011630605,7280944654247294881,2884510039958976493,6201908143911553603
202408251628,"2024-08-25 08:28:49.000000",170826,42802,170644,170826,24280,1228499,259226,2164919067935590265,14020616964843684611,1521816598305995493,4516313865600205685
202408251728,"2024-08-25 09:28:49.000000",170831,42802,171430,170831,24244,1227181,258532,18344687360729668656,1394041716607128384,18078104966348879391,16150037311676544669
202408251828,"2024-08-25 10:28:49.000000",170802,42802,171574,170802,24329,1229060,259098,15142141460626531604,7794257284030602090,15709417137479295206,13836784299357361852
202408251928,"2024-08-25 11:28:49.000000",170770,42802,170858,170770,24341,1227092,263192,16312647444988085782,1290508344754434888,2883119098790870553,9597248380413937341
202408252028,"2024-08-25 12:28:49.000000",170744,42802,171589,170744,24121,1229945,259699,5147730556077963736,16576861778973673936,16439101747840079459,18137395395384374231
202408252128,"2024-08-25 13:28:49.000000",170848,42802,170880,170848,23975,1234753,254161,11337073114590098673,5028798207557762725,5778296777157517030,8026198308060367294
202408252228,"2024-08-25 14:28:49.000000",170823,42802,171027,170823,24080,1227640,255991,15319914506902681972,884420307999110048,8007917512239957437,6330700018548195009
202408252328,"2024-08-25 15:28:49.000000",170815,42802,170369,170815,24035,1231582,259092,7166495796400140561,9715041632115761517,11114579745213610010,3015462003094146564
202408260028,"2024-08-25 16:28:49.000000",170755,42802,170505,170755,24107,1235250,257041,10338235248515565921,9108387933827957815,6130546599109478667,5777575508033727659
202408260128,"2024-08-25 17:28:49.000000",170846,42802,170314,170846,23787,1231850,255913,10440816983306782745,12837889957008310503,17599192293078848630,14700947358210473484
202408260228,"2024-08-25 18:28:49.000000",170846,42802,170608,170846,24039,1233121,254883,9325478426516547368,14529888365607593476,16773336118375516324,14357834897354596790
202408260328,"2024-08-25 19:28:49.000000",170809,42802,170274,170809,24025,1229618,258230,6885410311433705229,8373001454806968665,9910529683932163764,10460272396732485542
202408260428,"2024-08-25 20:28:49.000000",170807,42802,171785,170807,23948,1228899,255752,7003809866080809266,3728930837226609724,14857453759823551062,13921585775947410858
202408260528,"2024-08-25 21:28:49.000000",170818,42802,171075,170818,23211,1229822,250278,4854135196441229891,13542196517231438617,9349003952911791066,7256085590548982064
202408260628,"2024-08-25 22:28:49.000000",170886,42802,170553,170886,20377,1230676,236809,16381269500917697748,1505676772729372782,2593931013032071101,16097054815772861757
202408260728,"2024-08-25 23:28:49.000000",170869,42802,170825,170869,20594,1228852,243699,16447419603353584939,15702690915972766481,11452483554896502879,5161466395894023017
202408260828,"2024-08-26 00:28:49.000000",170923,42802,170703,170923,20551,1232920,247048,14451149059058980108,3303069828168155840,9972838491859894677,15554526777990819303
202408260928,"2024-08-26 01:28:49.000000",170887,42802,170795,170887,20808,1230148,252234,660358832701112102,13626597006338952278,4961222603642016379,169229431542758981
202408261028,"2024-08-26 02:28:49.000000",170835,42802,170836,170835,20734,1230575,242674,7846063122099756559,13770077159616633041,13370735204273779990,15486339814367636834
202408261128,"2024-08-26 03:28:49.000000",170883,42802,170983,170883,20340,1234118,244611,5077678417453503006,12133167394977209424,1457972872865948644,10017108600174246932
202408261228,"2024-08-26 04:28:49.000000",170895,42802,170677,170895,19493,1232769,240361,17167808453798993233,12948699189510748311,9508410917521457864,16835800337977015018
202408261328,"2024-08-26 05:28:49.000000",170856,42802,170957,170856,19614,1232151,244494,1012636943044681842,16528199327072832676,3022078966405574293,14745472106186246181
202408261428,"2024-08-26 06:28:49.000000",170903,42802,170817,170903,19454,1236123,242044,2907541803153504374,9478322724958559652,16661384244141839801,11448482486996823323
202408261528,"2024-08-26 07:28:49.000000",170916,42802,170292,170916,19639,1232295,246662,4154702158473423747,18005036476863738791,7973681573754159300,12975576512411508744
202408261628,"2024-08-26 08:28:49.000000",170914,42802,171127,170914,18497,1235732,243290,6059221338182566329,11691973235823292659,5596522543817101456,4779575217878656276
202408261728,"2024-08-26 09:28:49.000000",170881,42802,170659,170881,18512,1234674,244605,12244892751901333304,8836189787056544300,17829826507813438767,2867411973356696951
202408261828,"2024-08-26 10:28:49.000000",170898,42802,170567,170898,18285,1232709,243358,757238145193721945,3724035788656915735,14051694017266936403,15441928457563101981
202408261928,"2024-08-26 11:28:49.000000",170926,42802,170575,170926,18372,1236655,240755,11252858794860626741,3306944860629491343,14247178951479633188,14922398936440595100
202408262028,"2024-08-26 12:28:49.000000",170864,42802,170788,170864,19136,1231427,245541,4219510647739042692,11464854597408762160,14222389278998398925,15517277247784237147
202408262128,"2024-08-26 13:28:49.000000",170882,42802,170219,170882,19697,1231385,241611,5206536490668524648,8670381359186162098,3993297768942549426,10767642694324044168
202408262228,"2024-08-26 14:28:49.000000",170945,42802,170530,170945,18941,1231450,245569,9192605661761801411,179509442791846937,17967731788262182184,502948573526347424
202408270228,"2024-08-26 18:28:49.000000",170857,42802,171179,170857,19344,1230292,250208,6901780950202439299,17352440535127831439,13921369780204554110,16672804700544197854
202408270328,"2024-08-26 19:28:49.000000",170919,42802,171138,170919,17889,1236362,240781,11644820655908059235,1496334730963583171,11792570252758623156,5844941845629601602
202408270428,"2024-08-26 20:28:49.000000",170863,42802,171893,170863,17830,1233840,240502,8268024721215029204,14575910800663927564,5432334788729519294,1068532165211645964
202408270528,"2024-08-26 21:28:49.000000",170903,42802,169758,170903,18045,1234978,231377,5453677430878998216,16482663028254578702,12816404830927702210,5635175305481757326
202408270628,"2024-08-26 22:28:49.000000",170869,42802,170828,170869,18372,1237315,232656,7614704854804743067,11327141711339184153,14967770914306627804,13978019360992667400
202408270728,"2024-08-26 23:28:49.000000",170870,42802,170608,170870,18338,1233439,241841,13703256985701267107,4774381353889160471,9612214919889319680,14248286220310061090
202408270828,"2024-08-27 00:28:49.000000",170943,42802,170725,170943,20049,1228449,246804,10559738940370432564,1448112472886761258,8893796044108792194,7459151811645590666
202408270928,"2024-08-27 01:28:49.000000",170927,42802,171789,170927,19747,1229739,245343,928645210536694192,13242526411882564322,5378759454519694703,9254602533738274885
202408271028,"2024-08-27 02:28:49.000000",170886,42802,170219,170886,19469,1230286,243041,7874872705145927420,13623044490564154104,3851519301309298520,13315870892224094528
202408271128,"2024-08-27 03:28:49.000000",170929,42802,169995,170929,19909,1235207,240522,6196539496051430095,5832354794028108693,4645204796568667030,16727535275383745796
202408271228,"2024-08-27 04:28:49.000000",170885,42802,170406,170885,18995,1235153,236827,10451674949937210816,4344837700578028192,16958017930635640582,6563253782339234356
202408271328,"2024-08-27 05:28:49.000000",170886,42802,170722,170886,18867,1233268,238885,14159631781002047499,10886184169113955865,215274055383041120,17404607844526473734
202408271428,"2024-08-27 06:28:49.000000",170902,42802,170156,170902,19196,1234258,238524,14753945240332834184,10451256052769385492,7907220317747151086,16344899151252565968
202408271528,"2024-08-27 07:28:49.000000",170875,42802,170799,170875,18608,1233695,237590,9048690386966983665,4706479829859422351,14898730551976526724,12292017671801427574
202408271628,"2024-08-27 08:28:49.000000",170830,42802,170329,170830,18575,1232261,240690,5023034343944424493,11419175412682256535,1833908581174489977,6008877590059977547
202408271728,"2024-08-27 09:28:49.000000",170873,42802,171485,170873,18697,1231470,238028,904037249556138496,12208606984341251224,18224559646114884246,9605296409251136368
202408271828,"2024-08-27 10:28:49.000000",170882,42802,171411,170882,19051,1229361,242236,12423570472986312950,8836948788729526248,7789249076324495027,3965817079473354033
202408271928,"2024-08-27 11:28:49.000000",170736,42802,171204,170736,19964,1225536,248077,12722649090110580385,17679361760335685935,9279254253895105336,1980686946345988450
202408272028,"2024-08-27 12:28:49.000000",170866,42802,170380,170866,19958,1221364,253481,303285660374153715,10805977696802691229,8104111283581164685,12895687855703235217
202408272128,"2024-08-27 13:28:49.000000",170893,42802,170828,170893,20583,1226828,250197,15699703660821356069,8617789084085356125,2838526360289586963,9376327130771023245
202408272228,"2024-08-27 14:28:49.000000",170847,42802,170567,170847,20748,1232616,246883,16506738404667495099,2692763009316787095,12490420271138171201,14468512548452453495
202408272328,"2024-08-27 15:28:49.000000",170807,42802,170406,170807,20545,1232634,245703,2926915660049765016,13463076314106280834,13851850383598531248,16026246910176814560
202408280028,"2024-08-27 16:28:49.000000",170879,42802,170946,170879,21124,1231080,247615,3173353231637800946,6999428682585301544,5486888337617809002,430608542052761768
202408280128,"2024-08-27 17:28:49.000000",170898,42802,170769,170898,20932,1225196,249727,7273055814025792916,8250231902790454352,944858256486556867,7895105048491852519
202408280228,"2024-08-27 18:28:49.000000",170873,42802,170457,170873,20884,1228569,248211,4426808277333250303,13496376212790113109,12491510897762988848,13099619605959944992
202408280328,"2024-08-27 19:28:49.000000",170872,42802,171101,170872,21111,1231288,245398,1694717163687705668,2520985873823512960,9230742964368164088,4862029599101254924
202408280428,"2024-08-27 20:28:49.000000",170832,42802,170501,170832,21319,1234897,245547,11918911193979670287,6145622619102915621,4646967579853228841,16028463091701464401
202408280528,"2024-08-27 21:28:49.000000",170835,42802,171167,170835,21379,1227762,245772,7614126844319450254,9404921123643024482,10666779733442123512,8189545178026772186
202408280628,"2024-08-27 22:28:49.000000",170812,42802,171360,170812,20992,1227658,245557,9786944280469991362,3913658722333733766,8378322294191510321,9224436530900286707
202408280728,"2024-08-27 23:28:49.000000",170832,42802,170626,170832,20930,1229909,245099,4229758020151515690,7439847860336276630,6593693461053347113,13188343499017838071
202408280828,"2024-08-28 00:28:49.000000",170947,42802,171001,170947,20691,1235107,239179,16435338095839794004,14960850760977903700,17078872597530624685,4904195666231592431
202408280928,"2024-08-28 01:28:49.000000",170981,42802,171275,170981,20753,1227080,245216,14876561948016232878,15179126861671533586,17113081151579018795,10646653539582449947
202408281028,"2024-08-28 02:28:49.000000",170876,42802,170998,170876,20748,1226795,246322,10788157849570111838,15877935970205602324,6651889862068527406,6806871526023385390
202408281128,"2024-08-28 03:28:49.000000",170905,42802,170633,170905,20653,1228640,245943,12516315644750116869,17230707405476470975,16643564988276900589,14257072651693843241
202408281228,"2024-08-28 04:28:49.000000",170891,42802,170545,170891,20788,1229669,243511,3177766687560016809,4169198931274060037,16506873732253158951,16563450806833900547
202408281328,"2024-08-28 05:28:50.000000",170933,42802,171153,170933,20781,1230154,243491,16287005763722044192,15118007239159382764,15897447169592772083,11654428577914606795
202408281428,"2024-08-28 06:28:49.000000",170880,42802,171167,170880,20943,1231708,243022,10952957416528259303,2627577553218126315,10237919073144064059,14500728312975171157
202408281528,"2024-08-28 07:28:49.000000",170942,42802,170858,170942,20758,1238172,237019,7985266374698355261,8220236570157960933,14046084648998306858,14590447058718519682
202408281628,"2024-08-28 08:28:49.000000",170884,42802,171046,170884,20609,1231400,245433,16823962385110582110,14799584150020661922,2237783690307806282,14972171255956684384
202408281728,"2024-08-28 09:28:49.000000",170829,42802,170792,170829,20820,1229990,245322,9707092742567101430,13244324656182941078,7941365685712897119,10949395009520299647
202408281828,"2024-08-28 10:28:49.000000",170818,42802,171013,170818,20478,1222503,250434,12546080592315622726,3210425026087297682,13957472465877174622,4570773592942875896
202408281928,"2024-08-28 11:28:49.000000",170846,42802,171400,170846,20161,1227923,246560,6636673303684945055,12430588378025484347,15983538608923105188,17294640434773485234
202408282028,"2024-08-28 12:28:49.000000",170949,42802,170799,170949,19924,1226072,243386,1307640929224312534,8174612181880079726,6316047248564790237,8228109625307943675
202408282128,"2024-08-28 13:28:49.000000",170832,42802,170880,170832,20920,1224727,245205,10818421835822315431,7240024664874851085,13449868552112202143,9060719543519806295
202408282228,"2024-08-28 14:28:49.000000",170935,42802,170233,170935,20445,1231285,238198,14981929008133134192,2662528892716339972,5117882358614202146,14518283697908380766
202408282328,"2024-08-28 15:28:49.000000",170839,42802,171456,170839,21008,1229445,240253,16011898400910338630,4035472786550553062,15616409908008776278,18245140179983014952
202408290028,"2024-08-28 16:28:49.000000",170770,42802,170244,170770,20878,1224222,243484,17684826882202284091,5636480685648793059,9589686643846381121,10690775197772987395
202408290128,"2024-08-28 17:28:49.000000",170846,42802,171086,170846,20855,1227899,242722,5958385480633614532,4283839043035664140,16718051476261443887,1273852126117097011
202408290228,"2024-08-28 18:28:49.000000",170798,42802,170733,170798,21016,1225777,244247,10153231873075914186,8398885142796091074,14251698778535599031,7537664894085804221
202408290328,"2024-08-28 19:28:49.000000",170785,42802,170054,170785,20998,1224046,241771,8671415418533984154,9505784114258550094,17647974442914954917,12380429435217672061
202408290428,"2024-08-28 20:28:49.000000",170831,42802,171578,170831,20020,1223352,239924,7336026785610035591,7600150952130106731,12612462581861230425,1181685668888832779
202408290528,"2024-08-28 21:28:49.000000",170772,42802,171105,170772,20140,1224285,244548,12276460212282649368,9739363607823228840,11134081746408787154,17107883198406452406
202408290628,"2024-08-28 22:28:49.000000",170757,42802,171267,170757,20288,1220215,246662,6562434880372390264,17931524638169168176,309089223942737615,4536801621267468345
202408290728,"2024-08-28 23:28:49.000000",170888,42802,171878,170888,20535,1222952,246748,8744662813625925374,4155923475649538004,1678932659134946500,15184387019938401920
202408290828,"2024-08-29 00:28:49.000000",170904,42802,170270,170904,20866,1221114,249605,6481701778684256137,16406577236327253711,3302813940930739461,12737684101064145005
202408290928,"2024-08-29 01:28:49.000000",170984,42802,170799,170984,20498,1217731,251740,14306941720275240492,2016555714403151676,10787233783553340242,3980378583746227410
202408291028,"2024-08-29 02:28:49.000000",170923,42802,171293,170923,20713,1222315,246783,11612671302587667608,559522175947512686,4976987252199041244,1356477690277651562
202408291128,"2024-08-29 03:28:49.000000",170916,42802,171179,170916,20731,1223499,246526,12328672339936714018,11463586365556168190,7864650169334651685,8728751254302749443
202408291228,"2024-08-29 04:28:49.000000",170891,42802,170677,170891,20883,1225432,243997,9908520119982528475,15972186333016790353,8685084570020983872,9674566502635428664
202408291328,"2024-08-29 05:28:49.000000",170865,42802,171238,170865,20797,1220859,248815,4024143953195962220,16235481330433064890,16438436735701172,14029503816803098244
202408291428,"2024-08-29 06:28:49.000000",170899,42802,170766,170899,20514,1222969,247108,11689137043530762410,17438810329946157218,13922264739308755916,16707105958644182746
202408291528,"2024-08-29 07:28:49.000000",170894,42802,170979,170894,20632,1227928,246015,7731041103354800795,6311243303144589855,15087336010326092295,10653660313135940937
202408291628,"2024-08-29 08:28:49.000000",170845,42802,171131,170845,19990,1230351,240913,7157221785755151962,10719928519921072706,3427017060618796406,7619153086861544270
202408291728,"2024-08-29 09:28:49.000000",170856,42802,170619,170856,19982,1224035,246006,9604558538852193473,11183311007282925549,5643068842385299256,360984915265026184
202408291828,"2024-08-29 10:28:49.000000",170802,42802,171094,170802,20071,1222213,247289,2780651260725108524,14898972974708960182,9091432331259003085,16441238415415403149
202408291928,"2024-08-29 11:28:49.000000",170824,42802,170292,170824,20421,1222103,247929,14780152736470245259,2769577956084869815,9058554413870449801,3186595284866130697
202408292028,"2024-08-29 12:28:49.000000",170851,42802,171031,170851,20269,1225544,243011,3862289271214581074,9152108789324712070,10017374226693894299,6986962715122232579
202408292128,"2024-08-29 13:28:49.000000",170852,42801,170681,170852,21095,1222100,245242,13322889692655502728,2031161579741892530,12932383024644109243,1609426656099198577
202408292228,"2024-08-29 14:28:49.000000",170760,42802,170990,170760,20978,1221018,243261,1343049465348674010,1185837665755903622,8702757520908561393,15487502645108416287
202408292328,"2024-08-29 15:28:49.000000",170800,42802,170917,170800,21153,1223480,243854,14404048824602582518,18014938663648361740,15579038250786974569,120161265316849399
202408300028,"2024-08-29 16:28:49.000000",170800,42802,171352,170800,21062,1221611,244012,15904724119374645586,13097514623328567930,6970074225676560979,13899315931511441971
202408300128,"2024-08-29 17:28:49.000000",170822,42802,170270,170822,21082,1222758,244739,10738854304408027716,2943999840548445924,2590860035859803473,1099618704001903705
202408300228,"2024-08-29 18:28:49.000000",170809,42802,171326,170809,20936,1221430,245132,8467396282914883713,13163250063229843223,10087599343300930675,5796177265050722851
202408300328,"2024-08-29 19:28:49.000000",170778,42802,170483,170778,20814,1218626,251823,4830396051218530746,17686365642414421114,16870402091793871540,11315437645930272580
202408300428,"2024-08-29 20:28:49.000000",170847,42802,170553,170847,20909,1225142,247602,3330050779095333894,5273475901599083058,16826941107678783551,13432953989499262105
202408300528,"2024-08-29 21:28:49.000000",170790,42802,170314,170790,21228,1223680,249358,2009374380465384210,12803928937471850358,6721511730556486293,730408623850775243
202408300628,"2024-08-29 22:28:49.000000",170832,42802,170685,170832,21848,1224420,250046,11850225386071106479,11426688622775949735,10648719314127847335,6149868442702804969
202408300728,"2024-08-29 23:28:49.000000",170889,42802,170725,170889,21591,1231379,248825,3144732982918539023,8510046461331646523,56615396384408040,4963596289813309664
202408300828,"2024-08-30 00:28:49.000000",170929,42802,171726,170929,21599,1229612,247989,17273044927418681348,4389974529956381796,4701314897157483433,2507868802593407285
202408300928,"2024-08-30 01:28:49.000000",170906,42802,171289,170906,21483,1220290,253249,16867871320214603781,2279549084905748339,18354240471006237967,3757580892935540841
202408301028,"2024-08-30 02:28:49.000000",170873,42802,170475,170873,21546,1225516,249617,7512966818055738013,18268872018641920407,6414280550297110886,7312381481822674436
202408301128,"2024-08-30 03:28:49.000000",170903,42802,171271,170903,21572,1229688,249113,4261552984163884795,2809380145181997569,9699222342279572438,7341544050731987940
202408301228,"2024-08-30 04:28:49.000000",170904,42802,171448,170904,20349,1230957,243759,2885665256399426140,117460780176063654,14315296454129938002,16968893219925635036
202408301328,"2024-08-30 05:28:49.000000",170919,42802,171315,170919,20633,1231193,242613,17712897974164902142,1963687877572497952,6423032156511585517,16029748190721807371
202408301428,"2024-08-30 06:28:49.000000",170893,42802,170806,170893,20518,1231499,244114,3954297343728785846,14953338461447267916,4837725953822668472,17384571674946983324
202408301528,"2024-08-30 07:28:49.000000",170823,42802,170692,170823,20508,1228528,242218,14985144749579445459,16085213699375459863,10273639744395269425,6979945813730001515
202408301628,"2024-08-30 08:28:49.000000",170900,42802,171533,170900,20363,1234063,240883,15609558309381824240,8061126880945439862,12735216228815642255,15929603722339382081
202408301728,"2024-08-30 09:28:49.000000",170793,42802,170861,170793,20569,1226563,247493,9206654556289814424,6301028260269350732,1713211278104288031,4289332398997874885
202408301828,"2024-08-30 10:28:49.000000",170817,42802,170288,170817,20878,1231458,243972,11102709892052687151,17454044724964322309,12742980530511458272,934842127471875918
202408301928,"2024-08-30 11:28:49.000000",170842,42802,171434,170842,20844,1229169,247414,4158500072404694757,6351415578313529509,6165475277736761513,17825820487888983257
202408302028,"2024-08-30 12:28:49.000000",170794,42802,170792,170794,20999,1228569,248820,12834316356182777103,12390623746122217409,1386082210412733540,11060426309064386252
202408302128,"2024-08-30 13:28:49.000000",170867,42802,170600,170867,21657,1228506,249181,17834922309678244140,11874662090769213266,5367047873747597400,5807264533591289192
202408302228,"2024-08-30 14:28:49.000000",170893,42802,171049,170893,21426,1233865,243814,5533649550812509564,18157345718351069216,4109473135828076848,8411785406267009884
202408302328,"2024-08-30 15:28:49.000000",170795,42802,170814,170795,22205,1232370,248602,4302160660748423482,5975263260800593082,9662341155921172694,8752693822640402546
202408310028,"2024-08-30 16:28:49.000000",170802,42802,171156,170802,22026,1231036,247913,6759008146919347497,2056005728314306765,947241097704225068,14034581495012068008
202408310128,"2024-08-30 17:28:49.000000",170853,42802,171759,170853,21918,1231650,246736,3633099548988148433,1622473649979056307,8746167266985427750,1674632223386823438
202408310228,"2024-08-30 18:28:49.000000",170864,42802,171360,170864,22113,1232347,246466,2717071664150072391,4137705122014909985,15922727421572268223,9278582403710043925
202408310328,"2024-08-30 19:28:49.000000",170787,42802,170795,170787,21940,1225822,251365,1256608289363064046,15433822954829674662,14884852274840663581,1492147243324602131
202408310428,"2024-08-30 20:28:49.000000",170868,42802,171024,170868,22113,1232418,247275,4961249731255056067,9220185395317853347,15616599850398094317,4052001511194668489
202408310528,"2024-08-30 21:28:49.000000",170866,42802,170582,170866,22392,1232071,249172,6343108258073941803,12193360776809322463,8263538097586365814,13440006791471619362
202408310628,"2024-08-30 22:28:49.000000",170823,42802,170703,170823,22354,1229422,251352,16549212191079160454,8223641689680370004,16705409827492160307,17298348121357171557
202408310728,"2024-08-30 23:28:49.000000",170809,42802,170255,170809,22727,1224872,255240,10528214980824626315,8226327070801703731,7258199506038744146,4233171248937220710
202408310828,"2024-08-31 00:28:49.000000",170810,42802,170681,170810,23129,1221214,260233,14578243620620151139,17459840184664248663,4527485389595356253,11977167143356919089
202408310928,"2024-08-31 01:28:49.000000",170791,42802,170336,170791,22835,1222350,258708,871292060518702468,2116272321287430148,14949875339996880919,16915110028780207555
202408311028,"2024-08-31 02:28:49.000000",170744,42802,170098,170744,22936,1224397,259182,12101245720156704614,1512140810948639522,15098493784641170283,1750267636283319393
202408311128,"2024-08-31 03:28:49.000000",170783,42802,170799,170783,23302,1225226,258635,4572461470860241786,9041699942109796924,4542135632282481016,16872262605113123164
202408311228,"2024-08-31 04:28:49.000000",170790,42802,170637,170790,23016,1229250,256248,4599171371873368873,3889737858392312187,10179006732077366553,1796379834662968295
202408311328,"2024-08-31 05:28:49.000000",170830,42802,170814,170830,23196,1224326,259670,13129287233937915435,10913897956358378891,4934598928192070430,11092931371230154970
202408311428,"2024-08-31 06:28:49.000000",170850,42802,171035,170850,21477,1227806,249947,6240626637310829848,2730683973342422884,9338944335003771746,14189116878205195114
202408311528,"2024-08-31 07:28:49.000000",170812,42802,170167,170812,21072,1223539,251462,3155738983232210362,10962562627709876344,873703304686936541,6157916815333774941
202408311628,"2024-08-31 08:28:49.000000",170836,42802,170549,170836,21219,1227261,250926,17164118297409978832,16736307062220755396,6362540867114342089,11831095458305520837
202408311728,"2024-08-31 09:28:49.000000",170804,42802,170402,170804,21459,1225552,252850,8261774153671566240,8244686833516196836,6142381328916279508,18142887587581490206
202408311828,"2024-08-31 10:28:49.000000",170802,42802,170589,170802,21414,1223161,254792,9932630402370585547,15035212917345758753,7461498608393156011,11468191929573078761
202408311928,"2024-08-31 11:28:49.000000",170856,42802,170171,170856,22518,1227035,256199,7634918880875949175,16525342524274634123,7186992415092599982,17203201628539572736
202408312028,"2024-08-31 12:28:49.000000",170808,42802,171430,170808,22351,1221456,259018,8460039990027992514,18104298632530152720,1577396577422318132,12003222748166256670
202408312128,"2024-08-31 13:28:49.000000",170739,42802,170530,170739,22128,1221565,259404,14361708296549913327,6933747572900919465,10680020117895854167,1859708594352100073
202408312228,"2024-08-31 14:28:49.000000",170793,42802,170692,170793,21851,1227493,250114,1927086091230480136,13506518471567266836,14306391826828522803,2355812349470137135
202408312328,"2024-08-31 15:28:49.000000",170862,42802,171197,170862,21371,1226490,250593,9559578500490188507,3805156545344787821,1363226259617482424,15883287370630893662
202409010028,"2024-08-31 16:28:49.000000",170815,42802,170281,170815,21081,1235966,241026,12319261236320073727,8910692626359384267,12418230272800887628,5449682133920197234
202409010128,"2024-08-31 17:28:49.000000",170826,42802,171020,170826,20991,1228145,248304,16232283377546997965,16214266943433376967,2185158194377852442,17955377172791196420
202409010228,"2024-08-31 18:28:49.000000",170788,42802,170906,170788,21481,1231098,245707,16502327645139217960,1317361865817549994,5327701211587106892,1160307755110318046
202409010328,"2024-08-31 19:28:49.000000",170737,42802,171064,170737,21784,1226063,249562,15161847114168392502,15173830479730608736,5700851146197280028,1150973933512797982
202409010428,"2024-08-31 20:28:49.000000",170804,42802,171348,170804,21911,1230404,248034,18300945984775013780,3896901437885784226,10056896361916346817,1932850707001263543
202409010528,"2024-08-31 21:28:49.000000",170809,42802,171256,170809,21737,1230271,246150,17258674253512995238,12376357066571887842,6931573999918108668,15674920128542700034
202409010628,"2024-08-31 22:28:49.000000",170777,42802,170994,170777,21888,1228123,247024,3387554112902432715,16281796492734698903,9944094566054772636,1680083067926429202
202409010728,"2024-08-31 23:28:49.000000",170860,42802,171197,170860,21870,1227259,252612,16196661857079293976,11866061418338417124,6745985344089234823,7658351952820614413
202409010828,"2024-09-01 00:28:49.000000",170843,42802,170479,170843,22005,1228211,251671,9001626254218065056,9805569006845249824,9538977525928040485,13982112007104142745
202409010928,"2024-09-01 01:28:49.000000",170848,42802,170615,170848,22153,1234888,246768,14976272472649461767,10434031267752963987,13518585164089877724,1550069622443631158
202409011028,"2024-09-01 02:28:49.000000",170831,42802,171352,170831,22135,1233375,250848,19413736742340237,3249227890993808853,12717298261837312723,2617373916318344409
202409011128,"2024-09-01 03:28:49.000000",170832,42802,170884,170832,22104,1229576,252371,17922240143361086722,6046605324436544130,15828728121956264291,8708265699495145289
202409011228,"2024-09-01 04:28:49.000000",170790,42802,170928,170790,22293,1228830,254130,18332722254266788773,5525790687058624757,16570355308135205897,16206672252290401881
202409011328,"2024-09-01 05:28:49.000000",170845,42802,171212,170845,22252,1234432,248791,17561179821936078932,5654156282158093396,6683664718719442863,5461546102382176993
202409011428,"2024-09-01 06:28:49.000000",170816,42802,171049,170816,21236,1231090,248006,2190200843361353457,14397298171619396083,12053871743736987656,12967188615987607972
202409011528,"2024-09-01 07:28:49.000000",170764,42802,170725,170764,21369,1228140,249692,595293599664642689,16716069328964573087,17972038826415968468,7996563726680226812
202409011628,"2024-09-01 08:28:49.000000",170890,42802,171234,170890,21428,1233656,248425,12689314861665835181,15623329371858813909,643543967207051680,4709914041319055498
202409011728,"2024-09-01 09:28:49.000000",170807,42802,171345,170807,21668,1230196,251773,13078613604503179613,1262964537539641957,195478460955248590,1554343364071415158
202409011828,"2024-09-01 10:28:49.000000",170817,42802,170615,170817,21192,1232817,246767,15805535853746283435,4578400436797830485,412284113460244042,8652414116653446388
202409011928,"2024-09-01 11:28:49.000000",170807,42802,170288,170807,21665,1231135,251339,10974007842380000188,11349669326991087416,1195435478417888105,13959212704545786739
202409012028,"2024-09-01 12:28:49.000000",170748,42802,170519,170748,21475,1231767,247762,4256202689183922597,7952405290649583793,5787494512132444757,13948065191912884317
202409012128,"2024-09-01 13:28:49.000000",170790,42802,170799,170790,22197,1233568,246685,4937650979839151626,17335371851545853018,18181775853418590106,5141505218567666272
202409012228,"2024-09-01 14:28:49.000000",170846,42802,171027,170846,22053,1227901,250900,3457933686380971421,13829252660648349983,602924056080701437,12527019685447667407
202409012328,"2024-09-01 15:28:49.000000",170803,42802,170641,170803,22152,1235351,246940,12113682821031724161,7658466628479102089,4795298776773141812,7032055961338979744
202409020028,"2024-09-01 16:28:49.000000",170791,42802,171116,170791,22128,1234182,249415,462883447211206162,3389288908713584448,4813348247594733254,12503847348058337660
202409020128,"2024-09-01 17:28:49.000000",170789,42802,170259,170789,22002,1232329,249883,6989563019667098778,5033355882205869104,17390056352723758358,7565067592969027056
202409020228,"2024-09-01 18:28:49.000000",170806,42802,170200,170806,22394,1232800,248811,11599149683482779818,5978484523766260406,4878067803921708520,12856478550623174702
202409020328,"2024-09-01 19:28:49.000000",170828,42802,171537,170828,22135,1228151,250783,15631115211567034221,15428014532077851833,16479604090507696543,12127036872958934945
202409020428,"2024-09-01 20:28:49.000000",170809,42802,170836,170809,22574,1227139,251936,5979843348883319472,7534800327913876316,17563889750192062149,17466342227256047347
202409020828,"2024-09-02 00:28:49.000000",170837,42802,171031,170837,22810,1217490,256510,5718113233195597211,7683042653228486301,185498341842716279,6390871274987693897
202409020928,"2024-09-02 01:28:49.000000",170959,42802,171622,170959,22561,1218070,255442,1162583711987281625,16958367383998720775,12943677290715985165,14761033528312628611
202409021028,"2024-09-02 02:28:49.000000",170855,42802,170711,170855,22572,1217710,255775,11292859546396825148,2195969792128404484,776329284952302847,16618049353975616613
202409021128,"2024-09-02 03:28:49.000000",170909,42802,171075,170909,22596,1218708,252928,9404078838924431133,17160775898548873163,9976254559969812565,8349579961496783101
202409021228,"2024-09-02 04:28:49.000000",170889,42802,171127,170889,23009,1213789,262759,8025410505526578233,18048154071578437733,8838911965195727428,3644549620789668638
202409021328,"2024-09-02 05:28:49.000000",170847,42802,171035,170847,21494,1219741,249473,1381794664059326872,12658383403029800540,4171573963929223039,6028251508710781133
202409021428,"2024-09-02 06:28:49.000000",170874,42802,169769,170874,21520,1217068,252277,6304640159846811595,1968746528061695785,4407438616462638324,12763016323857118574
202409021528,"2024-09-02 07:28:49.000000",170879,42802,170464,170879,21674,1221776,251495,5621668717285751369,3345175578801640633,9623842203468020428,1480469030778920476
202409021628,"2024-09-02 08:28:49.000000",170767,42802,170567,170767,21280,1219354,247643,8352321885581497581,6124417723804434053,4406306021223042833,3546781268822446345
202409021728,"2024-09-02 09:28:49.000000",170829,42802,170707,170829,21378,1222378,250541,11303179951069082793,12718113346798478847,1411593859802999690,9294221624924039188
202409021828,"2024-09-02 10:28:49.000000",170739,42802,170564,170739,21346,1218228,252119,16261582796475926528,10666991709568176216,532757103143192847,13244999278872560929
202409021928,"2024-09-02 11:28:49.000000",170869,42802,170917,170869,21303,1220287,249439,13995578469960605604,10919038802011736278,6930987150209502141,7627596310453226079
202409022028,"2024-09-02 12:28:49.000000",170800,42802,171090,170800,21739,1216118,254156,6673414924200209666,10469379195742364710,18445093676210306993,5523308513576080639
202409022128,"2024-09-02 13:28:49.000000",170916,42802,170652,170916,22495,1221198,250423,11286319677598486290,6814300339706980308,17055342246442590419,6781219643900659813
202409022228,"2024-09-02 14:28:49.000000",170792,42802,170887,170792,22260,1214560,252106,4442564130373363698,15168699982393688054,14922334812656585589,1695089088482338213
202409022328,"2024-09-02 15:28:49.000000",170764,42802,170873,170764,22014,1218032,248351,8849751171432770337,11389462638889831363,1512050415508156893,5832768124457017865
202409030028,"2024-09-02 16:28:49.000000",170841,42802,171500,170841,22162,1222319,245819,6624934883152618746,15253303147212556798,3772330371448646477,11842629440950902373
202409030128,"2024-09-02 17:28:49.000000",170859,42802,170954,170859,22232,1231966,247850,6779765408159648238,12694553159815042272,6064345183299801696,8681448304827748112
202409030228,"2024-09-02 18:28:49.000000",170776,42802,170810,170776,22246,1230648,249397,5257281980014172138,16442923227738758562,13002621535069869029,18094976379930558393
202409030328,"2024-09-02 19:28:49.000000",170890,42802,170836,170890,21076,1233195,243072,4169653045840346017,12904202837073102573,12269540467963501494,16122823362402032278
202409030428,"2024-09-02 20:28:49.000000",170879,42802,171042,170879,20835,1232348,244403,9804952723006467911,14091119971675565027,7666981446931388735,9520086198991743607
202409030828,"2024-09-03 00:28:49.000000",170931,42802,170010,170931,21131,1225929,253321,4762666940912657687,14919795161148705713,310517073214273767,13711164581683469759
202409030928,"2024-09-03 01:28:49.000000",170863,42802,171057,170863,21479,1227295,252984,6320884429046025,6989159652995089073,6333529397014405903,569125719536487397
202409031028,"2024-09-03 02:28:49.000000",170873,42802,170821,170873,21355,1226972,252746,8372909142201103372,4682316223730019222,18114411894645337706,11706013697918707230
202409031128,"2024-09-03 03:28:49.000000",170959,42802,172373,170959,21381,1232868,249767,9293671790076078117,12945818405170703611,12895644198845861684,661375956897676030
202409031228,"2024-09-03 04:28:49.000000",170972,42802,171348,170972,20836,1233148,247734,3445340936972435408,13396989338465407074,12437771957900126075,16210896685093183123
202409031328,"2024-09-03 05:28:49.000000",170921,42802,171190,170921,20592,1230494,246940,13360141477511051238,5879885274096813520,15179108962919271153,16193158139673548955
202409031428,"2024-09-03 06:28:49.000000",170933,42802,171871,170933,20970,1233115,246310,24551857376969088,3246185049377907614,8440260531032215265,4690680746159685011
202409031528,"2024-09-03 07:28:49.000000",170820,42802,171094,170820,20715,1232467,244905,269876562023179629,8683888407107204249,14878900278291598388,6434603330244219504
202409031628,"2024-09-03 08:28:49.000000",170813,42802,170788,170813,20812,1228343,248825,2620924987152361403,15368002479627157275,16119070525726644065,7599087162102633575
202409031728,"2024-09-03 09:28:49.000000",170877,42802,170652,170877,21084,1230599,248847,9322640354682150739,202412888624166399,12123352638812030422,1256049014841049100
202409031828,"2024-09-03 10:28:49.000000",170696,42802,170666,170696,21286,1228598,249538,2366648010167309678,15843246240820248204,14855368993493879074,9196952318705914304
202409031928,"2024-09-03 11:28:49.000000",170813,42802,169915,170813,21813,1226234,253636,6173559634389251538,13008292285445310318,17941624556002144412,11519381904105570564
202409032028,"2024-09-03 12:28:49.000000",170844,42802,170832,170844,21916,1217167,261589,14539607167548729503,11650455851730957929,7927422821555242469,5802288849829244535
202409032128,"2024-09-03 13:28:49.000000",170804,42802,171182,170804,22503,1227604,255176,18122847374709779852,8154551796760326496,10744437490471557561,11277566401512987901
202409032228,"2024-09-03 14:28:49.000000",170778,42802,170814,170778,21935,1224117,253759,18034438087289504349,15649279012011558921,7163836058707230527,13606760719850682233
202409032328,"2024-09-03 15:28:49.000000",170852,42802,170810,170852,22306,1230552,249891,17212542482688359975,4834542048879524369,8603556668650143694,10125320712179983874
202409040028,"2024-09-03 16:28:49.000000",170759,42802,171120,170759,22079,1228143,252681,16965320477985225931,4523523101839690985,5788556940101502986,6861220738757042548
202409040128,"2024-09-03 17:28:49.000000",170865,42802,170593,170865,21711,1234596,247067,5176889205465511926,12332172144314414226,14540315780688406491,8063016149760163893
202409040228,"2024-09-03 18:28:49.000000",170820,42802,170659,170820,20866,1226802,248403,9321729030003756366,518015132797119976,16555706907875565863,10386681817684196297
202409040328,"2024-09-03 19:28:49.000000",170822,42802,170891,170822,21057,1230828,246667,12081796761682852793,7188402505982558823,5022889473952338093,3405822286788124543
202409040428,"2024-09-03 20:28:49.000000",170812,42802,170578,170812,21011,1230747,247828,15131605263921001003,3106220418263213349,14780383971304717383,14945158908556687955
202409040528,"2024-09-03 21:28:49.000000",170790,42802,170935,170790,21251,1231473,245490,1561176248236650572,4979059490881929042,15863140210450131823,7188793846009894731
202409040628,"2024-09-03 22:28:49.000000",170843,42802,171678,170843,19868,1235050,239786,6694364837469868490,1879789933783199756,13995928199302041271,7615718781177060215
202409040728,"2024-09-03 23:28:49.000000",170922,42802,170781,170922,21067,1227735,252099,3050825889449620697,17064313572739087591,15589383919466204128,3573485985980471016
202409040828,"2024-09-04 00:28:49.000000",170856,42802,171149,170856,21612,1223472,256459,9828543346851524313,16298491125411393113,7707732985086068481,3219035206907790695
202409040928,"2024-09-04 01:28:49.000000",171008,42802,171815,171008,22062,1219733,264349,13053492226887056542,2177125966431986302,15046033506071776889,2668675787971803885
202409041028,"2024-09-04 02:28:49.000000",170922,42802,171911,170922,21743,1227853,255020,18427811810998195275,6649560224006154975,5804731473305457722,7101417623660567776
202409041228,"2024-09-04 04:28:49.000000",170975,42802,171153,170975,21509,1228956,254062,5781447367848151947,13715934028914069981,13704870238561934343,15756561115371693813
202409041328,"2024-09-04 05:28:49.000000",170919,42802,170788,170919,21324,1226555,253919,18315922490361844384,7595126558079827340,17485773097952517884,2950381617868220940
202409041428,"2024-09-04 06:28:49.000000",170880,42802,170895,170880,21494,1227718,254253,13424819231137236950,16138602450674248050,9039001381439437399,12286420302826488793
202409041528,"2024-09-04 07:28:49.000000",170912,42802,171967,170912,21598,1233100,250367,17114674167370572994,2227913794118025302,4226961929780708328,8181532142388990412
202409041628,"2024-09-04 08:28:49.000000",170812,42802,170663,170812,21596,1231019,253130,9956264354194602662,15920273156462536594,12162802095068464069,2040120207637561169
202409041728,"2024-09-04 09:28:49.000000",170774,42802,170292,170774,21525,1227023,255180,14020063490114243271,14459132569604180279,13348961161463153959,3582316326241550217
202409041828,"2024-09-04 10:28:49.000000",170815,42802,170501,170815,21541,1229669,251528,7320487233269219764,12889900477409175306,2283184571331241105,486198650438795561
202409041928,"2024-09-04 11:28:49.000000",170836,42802,170854,170836,21345,1227033,252844,7504652295821567984,12080230164013557238,6908429707890570024,17454876414779766124
202409042028,"2024-09-04 12:28:49.000000",170826,42802,170575,170826,21170,1230921,249296,8114024992520777538,3655016886371105974,2492517964799577395,12273548555927592707
202409042128,"2024-09-04 13:28:49.000000",170823,42802,170898,170823,22415,1227229,256292,15604563549980179437,3038844141745336357,17973471202776543729,2048262312297642231
202409042228,"2024-09-04 14:28:49.000000",170839,42802,170685,170839,22096,1228647,252133,26100001481760873,9194187432516135921,16691488786151348617,12408165873997920529
202409042328,"2024-09-04 15:28:49.000000",170786,42802,170909,170786,22195,1225469,255585,1556202527114718294,5458258406228716698,2537726994313351294,10469000190323613108
202409050028,"2024-09-04 16:28:49.000000",170839,42802,170648,170839,21990,1233486,245818,18322520376080778303,1544897099747539611,16403348745980725508,5692400985258035472
202409050128,"2024-09-04 17:28:49.000000",170858,42802,171153,170858,22026,1232229,245459,7303013608176129363,7107391357470763155,8077709204085799994,4722619675719416014
202409050228,"2024-09-04 18:28:49.000000",170813,42802,171142,170813,22163,1230946,249587,710322432128998599,9029447441456650003,2789838532049875821,10254839797648284283
202409050328,"2024-09-04 19:28:49.000000",170816,42802,171075,170816,22465,1229365,251696,10243996554136904198,4374242113884192620,11026196218672143206,6926593831502533112
202409050428,"2024-09-04 20:28:49.000000",170839,42802,171363,170839,22750,1232071,250766,1060105470623474501,11472537685908521809,17319736969432680491,12517090192618967911
202409050528,"2024-09-04 21:28:49.000000",170860,42802,170413,170860,22889,1230953,253819,1141355975687363171,3230574703196879841,6601980155067940472,18047966145153913574
202409050628,"2024-09-04 22:28:49.000000",170868,42802,171300,170868,22696,1236309,250987,1822246302478195908,13112318732547360218,11817437177546760425,1603302792059609825
202409050728,"2024-09-04 23:28:49.000000",170986,42802,171046,170986,22877,1218119,267317,10615282133133123979,92518256701758311,1988261156663420042,16702377003404653994
202409050828,"2024-09-05 00:28:49.000000",171028,42802,171230,171028,22777,1220847,265600,7299285869801670591,2427459140350891667,18396846385243374272,10787250595360175578
202409050928,"2024-09-05 01:28:49.000000",170988,42802,170681,170988,22881,1219296,266358,13272052922749024194,13153179565698507336,8803825004952344674,7485006152963838888
202409051028,"2024-09-05 02:28:49.000000",171022,42802,170828,171022,22977,1223867,262168,675126251261537401,17674792289514219621,11112277655636981985,7629931733958522861
202409051128,"2024-09-05 03:28:49.000000",170923,42802,171330,170923,23141,1225380,259009,18285043472611578367,10875386502358155355,15613799533704594794,6901017089698012958
202409051228,"2024-09-05 04:28:49.000000",170937,42802,170755,170937,23051,1222539,260895,1448181688401985983,11834811524426837855,4824782859571669784,4964727036174345706
202409051328,"2024-09-05 05:28:49.000000",170878,42802,170252,170878,22943,1224258,258074,10993622509206044535,13352559522663658223,723120892137382604,16708194160239938826
202409051428,"2024-09-05 06:28:49.000000",170893,42802,170957,170893,23159,1227018,258785,11747043097450607301,17730139647203042649,9806584239223158085,13602730730466247535
202409051528,"2024-09-05 07:28:49.000000",170842,42802,170127,170842,22965,1228956,255017,3445420836717920506,11926180894242037184,10303537223414179259,11740715456541934829
202409051628,"2024-09-05 08:28:49.000000",170791,42802,170670,170791,23007,1231108,257591,4537178393779391495,13564735203769226147,9107690870768850273,18002612092560226649
202409051728,"2024-09-05 09:28:49.000000",170743,42802,170036,170743,23085,1227210,259042,3498954403142325170,17284264836239069858,4288641100682175979,14085698227243438205
202409051828,"2024-09-05 10:28:49.000000",170808,42802,170604,170808,22877,1227796,257717,315862329977642830,1737492449248109470,5998192100888473765,701417551635066247
202409051928,"2024-09-05 11:28:49.000000",170867,42802,171411,170867,22701,1228473,255098,3578046728423924804,17694884759320489798,17072201998984641889,9999251687061565075
202409052028,"2024-09-05 12:28:49.000000",170844,42802,170542,170844,22479,1230955,250763,5425758767269662959,8000285272488641071,4011232984193186945,8510481079363266905
202409052128,"2024-09-05 13:28:49.000000",170822,42802,170307,170822,22420,1231531,247996,15907941805020140091,6921910487687437799,5212740210677430409,5701776070802983875
202409052228,"2024-09-05 14:28:49.000000",170853,42802,170380,170853,22350,1225767,252760,11900907014845061834,15107994774380590242,8521904617479829097,143330321621056097
202409052328,"2024-09-05 15:28:49.000000",170770,42802,170578,170770,22200,1229211,245994,14974691905411013579,13901617096978421985,6536520410314684825,17815008586257859283
202409060028,"2024-09-05 16:28:49.000000",170789,42802,170987,170789,22157,1224585,249872,14221823929760793121,11067512443408687805,6857660469536296589,2511589538045194995
202409060128,"2024-09-05 17:28:49.000000",170769,42802,170736,170769,22132,1227328,250495,10875511966433324436,13261225741025760818,5211386662208629773,17701364046494143281
202409060228,"2024-09-05 18:28:49.000000",170840,42802,170277,170840,22071,1230107,248788,9584551655071557378,14683181795465094330,12705826913735539819,1422937161606162037
202409060328,"2024-09-05 19:28:49.000000",170823,42802,171356,170823,22328,1225822,252124,16667975927273003508,8349964359895524852,526811482930892395,5117978475482753165
202409060428,"2024-09-05 20:28:49.000000",170877,42802,170884,170877,22219,1229261,248509,584489872497080886,11090219061053938882,13458873032912825326,16850100058247665502
202409060828,"2024-09-06 00:28:49.000000",170915,42802,171400,170915,23572,1217426,269103,4723137575110184113,5031473597053253583,9298880377200211441,9966315072391568647
202409060928,"2024-09-06 01:28:49.000000",170945,42802,170189,170945,23309,1216199,269232,15958855630941695586,9114829048829071110,8432718934185967247,54823566815586533
202409061028,"2024-09-06 02:28:49.000000",170831,42802,170950,170831,23899,1214459,271960,10265086367165754106,6646668520021526594,2215733421879236767,4403177892106601985
202409061128,"2024-09-06 03:28:49.000000",170868,42802,171615,170868,23868,1217543,267736,11548256641258643067,7738933408422594545,7948935909259310728,3161765333042978638
202409061228,"2024-09-06 04:28:49.000000",170906,42802,170589,170906,23818,1216412,271364,15010054093923945753,1315811284182930121,4646477993443208816,9975778436915938170
202409061328,"2024-09-06 05:28:49.000000",170886,42802,170582,170886,23475,1219285,268984,12068911535938069910,9565105956810242212,3498788399371830924,9835768556001319980
202409061428,"2024-09-06 06:28:49.000000",170838,42802,170564,170838,23662,1224714,263175,5920157744302016260,4708102139178523542,11601508933640404940,3621913515316897676
202409061528,"2024-09-06 07:28:49.000000",170872,42802,171038,170872,23578,1227263,261223,8022014581921159856,15907498070258718722,6462911835256687627,6855891867583819713
202409061628,"2024-09-06 08:28:49.000000",170798,42802,171260,170798,22705,1224594,260922,2940205823966075617,12830733849660657399,10867529394516535802,8182022582841142466
202409061728,"2024-09-06 09:28:49.000000",170819,42802,170413,170819,22842,1227880,259646,13664390844245508557,14586655272773855601,6475357230150506470,6146950400017581890
202409061828,"2024-09-06 10:28:49.000000",170769,42802,170850,170769,23000,1225852,260244,17691267492133021051,14353805886691475745,12669253538639693950,315448481011965660
202409061928,"2024-09-06 11:28:49.000000",170789,42802,171153,170789,23254,1224521,262648,12745437470722080666,12816817873951148270,7763568618665143542,11586146471198880096
202409062028,"2024-09-06 12:28:49.000000",170827,42802,171112,170827,23850,1226221,265047,17013639669443506269,1715734635706500689,15695991106656722675,7543123214087704723
202409062128,"2024-09-06 13:28:49.000000",170805,42802,170954,170805,23946,1225737,261855,17895876606834205865,15856221490248893255,12312073143887146664,17625298788736948290
202409062228,"2024-09-06 14:28:49.000000",170858,42802,170917,170858,23770,1224986,261175,13712855621983508885,11836888227034171637,198632031987846470,14342907515893699654
202409062328,"2024-09-06 15:28:49.000000",170767,42802,170637,170767,23673,1223409,261338,18207129304500087874,13877942442065019080,1405781509636708974,3217719529632507112
202409070028,"2024-09-06 16:28:49.000000",170714,42802,170094,170714,23743,1221510,262039,17512302058280221797,735839345761070271,17002361135334183071,1598132283155751539
202409070128,"2024-09-06 17:28:49.000000",170727,42802,170442,170727,23886,1223554,259585,14468857180490017546,18118442278965916264,3276750135221743491,5882784050004378901
202409070228,"2024-09-06 18:28:49.000000",170761,42802,170556,170761,23903,1223778,261199,12910359629946860932,8573331896811010650,15217372332997500955,17461131715349194765
202409070328,"2024-09-06 19:28:49.000000",170814,42802,170659,170814,23567,1227199,254174,9126969906349547674,7199992413029773166,1906081090095573567,12412520041123896815
202409070428,"2024-09-06 20:28:49.000000",170740,42802,170891,170740,24220,1231530,264684,6169620088830262033,11334426002148960697,15176844400450020226,15078928823427416746
202409070528,"2024-09-06 21:28:49.000000",170786,42802,171626,170786,23843,1232877,261870,10331629069115480016,10712574518459600478,9083813512529768478,9429633308775172514
202409070628,"2024-09-06 22:28:49.000000",170772,42802,171053,170772,24047,1225546,259204,2116142035093514057,2560975962663323081,1368270338834559680,6712266512410320512
202409070728,"2024-09-06 23:28:49.000000",170722,42802,171035,170722,24197,1219985,263537,18024859322475357471,10819602437989056363,7607179913066669412,8292711387754266222
202409070828,"2024-09-07 00:28:49.000000",170735,42802,171116,170735,24005,1221304,262573,1049756809768153588,2543406246627043360,16615690014707957887,850320812940944007
202409070928,"2024-09-07 01:28:49.000000",170741,42802,171053,170741,24033,1220840,263355,13965685255235530200,11858027635594828950,15060339999943715403,3723274362436383649
202409071028,"2024-09-07 02:28:49.000000",170788,42802,171319,170788,24329,1226654,261003,3665138120487280129,2388104111390513213,9234229203990674283,7674997110605317319
202409071128,"2024-09-07 03:28:49.000000",170679,42802,170189,170679,24399,1219409,263707,12478811980535416180,9920770967472047476,2785547491089381819,6071209012592246141
202409071228,"2024-09-07 04:28:49.000000",170806,42802,171426,170806,24269,1223625,261092,10794659214163695779,1827896765239027901,15615496464269482835,413237955057911819
202409071328,"2024-09-07 05:28:49.000000",170733,42802,169999,170733,24385,1218521,263244,1355013540465800020,7291401635984336806,15373363590438705564,2462150004778381920
202409071428,"2024-09-07 06:28:49.000000",170715,42802,171142,170715,24391,1224382,260646,10207865935419150962,12285533294054798020,238113734392088359,5332914357039446563
202409071528,"2024-09-07 07:28:49.000000",170733,42802,171430,170733,24233,1218656,262987,1079544668375706260,15787487474040565342,1044437699895890765,9651343963209292731
202409071628,"2024-09-07 08:28:49.000000",170826,42802,170435,170826,24057,1223844,259550,16687262797678511285,15622425520250088319,13355942138502958724,5174925010465812122
202409071728,"2024-09-07 09:28:49.000000",170825,42802,171900,170825,24276,1224744,259309,7467999047536101323,2577822500977112649,5108260471556126082,3978906481099682694
202409071828,"2024-09-07 10:28:49.000000",170791,42802,170376,170791,24198,1224892,260530,8469146882344381974,12549038069150764106,2986288571706140247,13516743107768930119
202409071928,"2024-09-07 11:28:49.000000",170768,42802,170486,170768,24171,1226602,260862,9034806105553444517,4570779788651905971,15250893019679404296,7695035100388266102
202409072028,"2024-09-07 12:28:49.000000",170771,42802,170582,170771,24129,1227615,262510,3854523997434350398,17723640930560233908,11315484558981333826,14721489348739586388
202409072128,"2024-09-07 13:28:49.000000",170851,42802,170630,170851,24023,1231397,256758,13152444078639648069,4456861387858265907,7597510599899266419,7944581159730623287
202409072228,"2024-09-07 14:28:49.000000",170700,42802,170538,170700,24087,1222184,263032,14191652807266075311,3019267852102788695,15536348565966649567,15124156973359852019
202409072328,"2024-09-07 15:28:49.000000",170812,42802,170935,170812,23926,1235343,252668,7248731889249446260,10477133119238040920,3366930166764645641,12980011404646691991
202409080028,"2024-09-07 16:28:49.000000",170821,42802,170068,170821,23822,1222778,263093,5373226096364760622,8393342002424587036,4453524278728302194,1080492229183820922
202409080128,"2024-09-07 17:28:49.000000",170721,42802,170943,170721,23799,1224360,260497,94643869990647205,11985395846908189449,14683201850482408763,1149372660304686113
202409080228,"2024-09-07 18:28:49.000000",170821,42802,170332,170821,23893,1229386,256899,14558795265890351678,5088117369844032862,16305603633093930010,4078012787571436844
202409080328,"2024-09-07 19:28:49.000000",170730,42802,170943,170730,23834,1222539,261821,3832907483538299507,18172690019234409339,14829130285642792504,821824364351472914
202409080428,"2024-09-07 20:28:49.000000",170788,42802,172027,170788,23948,1228415,258359,8871972960574909156,914805780255745574,6383757626490650995,15074111415211314157
202409080528,"2024-09-07 21:28:49.000000",170731,42802,170369,170731,23810,1227082,263448,12798290451962082498,11050570899302647154,14145419546256157345,8986417614010045587
202409080628,"2024-09-07 22:28:49.000000",170779,42802,170248,170779,23929,1226327,260991,1386559136623704262,15491674963941202702,17429270982690033966,2872558245660653992
202409080728,"2024-09-07 23:28:49.000000",170769,42802,170696,170769,24017,1222546,264702,10825935734434247271,2466380087052847681,5439947063463361004,1668308610715148676
202409081128,"2024-09-08 03:28:49.000000",170691,42802,171212,170691,24089,1222288,265617,18184103076098979506,15164367022079884598,13026712981995282819,3757023928512438097
202409081228,"2024-09-08 04:28:49.000000",170810,42802,170792,170810,24381,1226731,262418,4308396701762621825,5231526538633881169,18309716505919782116,17778875583402805602
202409081328,"2024-09-08 05:28:49.000000",170764,42802,171323,170764,24535,1222628,267276,14499858815490549667,16446486094808842397,3914220152682746605,4222559530200220501
202409081428,"2024-09-08 06:28:49.000000",170765,42802,170248,170765,24249,1222956,267862,54468001606221524,3384231983308011666,16914110434853928820,6681567881714913118
202409081528,"2024-09-08 07:28:49.000000",170781,42802,170314,170781,24433,1226212,262403,9324067798952523989,3936400413978443771,12650029639785776347,1906499104610097977
202409081628,"2024-09-08 08:28:49.000000",170776,42802,170138,170776,24344,1225473,264621,16021714670962665972,11300901913263337504,17910783755672747520,15142604784962834798
202409081728,"2024-09-08 09:28:49.000000",170719,42802,170718,170719,24455,1222627,267517,12749969361297205684,10884829023213339028,4414618838092790845,16899535461173882783
202409081828,"2024-09-08 10:28:49.000000",170789,42802,171411,170789,24654,1224806,267262,10480411255887563248,7281121908085426914,13771673420720138777,15207292970384637099
202409081928,"2024-09-08 11:28:49.000000",170792,42802,171715,170792,24182,1226295,265086,4305899580343837311,529404882462408035,14684982655585949337,17639247278158776443
202409082028,"2024-09-08 12:28:49.000000",170801,42802,170442,170801,24192,1226022,264827,8183715987212111917,15452278521616016541,1558174272855692934,382668073557204850
202409082128,"2024-09-08 13:28:49.000000",170858,42802,170740,170858,24084,1224288,261076,13832641160874349041,11463309039399269307,4553764661631874284,16689145825499388006
202409082228,"2024-09-08 14:28:49.000000",170787,42802,170920,170787,23999,1226816,259468,15903745985485153025,5285484458091471695,15317521638781330567,3830904774722160519
202409082328,"2024-09-08 15:28:49.000000",170758,42802,170935,170758,23746,1224625,260006,3596934052098584872,778116761892384316,5802076086489972879,7616462413592733283
202409090028,"2024-09-08 16:28:49.000000",170831,42802,170766,170831,23849,1230934,255178,7470271845600448797,9597177586233063353,3662937591070911683,17213982031368788319
202409090128,"2024-09-08 17:28:49.000000",170757,42802,170957,170757,23642,1224069,260432,9907249252266508352,10575801542820466198,17066396270024107671,6194449080399453065
202409090528,"2024-09-08 21:28:49.000000",170819,42802,170784,170819,23980,1223273,258803,10485386621592752978,18426532099702238576,10905069415709144753,11052516777588447023
202409090628,"2024-09-08 22:28:49.000000",170823,42802,171696,170823,24257,1224856,258703,3175575375422531099,17753408481796733341,14096837214909529973,8364504659732028545
202409090728,"2024-09-08 23:28:49.000000",170929,42802,170718,170929,23863,1220089,263016,15507780081855582842,7314631416961815740,16639844935779040510,12230926158279602548
202409090828,"2024-09-09 00:28:49.000000",170948,42802,170655,170948,24195,1216844,266860,9554303527526234888,1137540882261449530,6673759680968663563,11378142265150130495
202409090928,"2024-09-09 01:28:49.000000",171035,42802,171485,171035,24132,1209910,274979,14913972621173610131,18050250658463359649,10320058311531672417,2493326169352314873
202409091028,"2024-09-09 02:28:49.000000",170890,42802,170762,170890,24305,1217727,267498,4316732986058029689,7053923445964621849,11913384408016578532,2734179720654835302
202409091128,"2024-09-09 03:28:49.000000",170882,42802,170689,170882,24123,1220869,262929,8924245561738530861,12359794289886051729,15120207492052550236,11192082182465728368
202409091228,"2024-09-09 04:28:49.000000",170898,42802,170486,170898,24404,1218007,268892,12931436931937359804,11861170956473846766,17415606880757284213,8562569149157206177
202409091328,"2024-09-09 05:28:49.000000",170906,42802,171079,170906,24419,1217500,268897,16445386502582313275,2736702888177956729,7523783742970485371,5273975956236829015
202409091428,"2024-09-09 06:28:49.000000",170871,42802,170858,170871,24460,1212992,271574,3200521566132057617,2595284838760486857,1836723587135063491,15242257648032392077
202409091528,"2024-09-09 07:28:49.000000",170805,42802,169962,170805,24397,1214854,268578,10125613412010689529,17315617577184246255,3860700258160648624,9330250649748404848
202409091628,"2024-09-09 08:28:49.000000",170790,42802,170428,170790,24561,1219337,266949,3401097755934330273,11371246277858939661,6169708772708976994,9051811628335345620
202409091728,"2024-09-09 09:28:49.000000",170781,42802,170795,170781,24549,1219842,266828,16684396038697773496,13069672242327137678,6377324238596282810,9990070242734573834
202409091828,"2024-09-09 10:28:49.000000",170745,42802,170799,170745,24397,1215327,270419,136653555310129945,15232062885922921537,10345868179608994950,5648889995943279724
202409091928,"2024-09-09 11:28:49.000000",170763,42802,170600,170763,24342,1220184,266580,11380853399380434593,10541541671976985165,4997259865637926013,2579248032488047115
202409092028,"2024-09-09 12:28:49.000000",170802,42802,170347,170802,24351,1216838,267143,14795275277455796037,961534613341005995,7825136448017634507,1991829700824177721
202409092128,"2024-09-09 13:28:49.000000",170777,42802,171215,170777,24053,1220926,260619,11312873550248501608,13057955469171055332,17246802849820603011,10679401103841586855
202409092228,"2024-09-09 14:28:49.000000",170806,42802,170589,170806,23700,1226607,268047,8115425480263261379,18373235058438584009,1749293943104356827,14691179551600254759
202409100328,"2024-09-09 19:28:49.000000",170838,42802,171730,170838,23820,1229922,254206,9097299324177898153,16738237377446718297,602717793823895315,279145954170043459
202409100428,"2024-09-09 20:28:49.000000",170738,42802,170248,170738,24158,1215385,262345,3440933732495608292,9106627522227778378,112356722911154296,17200764616148078760
202409100528,"2024-09-09 21:28:49.000000",170800,42802,170413,170800,24135,1220739,260153,5668398455110781229,11804125075967597679,2171488045081867424,13089814850986580104
202409100628,"2024-09-09 22:28:49.000000",170875,42802,171874,170875,24162,1239254,280016,9415605328270998448,16204242182025034426,5706268170856959767,8971614806908794165
202409100728,"2024-09-09 23:28:49.000000",170867,42802,170666,170867,24335,1209998,271486,7998609870844796577,1105181554149119571,5905961950724114521,6460097259416073453
202409100828,"2024-09-10 00:28:49.000000",170856,42802,171134,170856,24309,1205614,273515,3198522721105732115,2313693541288615919,1742077767861001176,9886289208865847944
202409100928,"2024-09-10 01:28:49.000000",170997,42802,171238,170997,24319,1199174,283554,534000725261241160,14756275247077677636,17996534719177410498,5078074537436954446
202409101028,"2024-09-10 02:28:49.000000",170859,42802,171489,170859,24284,1211547,268899,15552341489070353407,1049069872278512063,16975343447815776442,16732249769711231096
202409101128,"2024-09-10 03:28:49.000000",170849,42802,170755,170849,24310,1210473,274951,2806290698090371698,3695652066575336254,6084370587830116243,8617340306098700509
202409101228,"2024-09-10 04:28:49.000000",170886,42801,170806,170886,24260,1206617,279138,8584753876513318689,15675364553180910231,12439421149339476800,15930023070699647040
202409101328,"2024-09-10 05:28:49.000000",170840,42802,170630,170840,24241,1209125,273131,13271888783808224958,10308738326088790374,17874946246051364897,4990409053772393953
202409101428,"2024-09-10 06:28:49.000000",170870,42802,170931,170870,24491,1211235,272928,6186872238096541679,6015186066333571831,18084080769956282512,14890925057496699948
202409101528,"2024-09-10 07:28:49.000000",170709,42802,170707,170709,24479,1207382,274013,1208629594135403445,16052229151932118523,14411133160119472044,15244884223648939426
202409101628,"2024-09-10 08:28:49.000000",170791,42802,170979,170791,24593,1213892,273177,16707733495659973041,13773929761871471979,798910250986249641,13493740760344080663
202409101728,"2024-09-10 09:28:49.000000",170851,42802,170976,170851,24677,1208539,280779,3449098703224208903,15093121315944902095,6211743638157078817,16945883253693392485
202409101828,"2024-09-10 10:28:49.000000",170885,42802,170976,170885,24514,1212876,276524,9061473591273450321,6174063100091559827,12486917855995571822,11859998164050100510
202409101928,"2024-09-10 11:28:49.000000",170918,42802,171204,170918,24416,1202049,286523,2504512473649210017,6126285560548365791,2763211432382100031,13536996015163231931
202409102028,"2024-09-10 12:28:49.000000",170977,42802,171009,170977,24244,1209890,275814,7260701099250933179,2540692953612754471,1804756385294607352,7607021971533170590
202409102128,"2024-09-10 13:28:49.000000",170963,42802,171308,170963,23998,1213868,266443,17843894191841078117,17557247701717868817,6905626928954248309,13361802329458576923
202409102228,"2024-09-10 14:28:49.000000",170748,42802,170519,170748,24104,1215586,262612,5938968333414999863,10426746120970132753,12271576861624206265,7253814052717859761
202409102328,"2024-09-10 15:28:49.000000",170749,42802,171548,170749,24198,1216718,261416,11913194862642784780,9405440141537165896,7109392361771246103,10465199243845068103
202409110028,"2024-09-10 16:28:49.000000",170774,42802,171430,170774,24051,1220494,257628,1417867813378426487,11439971575649509153,17076240716514053555,7591077985393816693
202409110128,"2024-09-10 17:28:49.000000",170823,42802,169889,170823,23777,1223301,255700,7458662357048189293,14040329072283938673,13756547026169861986,9060389679350034582
202409110228,"2024-09-10 18:28:49.000000",170722,42802,170976,170722,23866,1225806,256224,623261017364438432,14980305039806117506,5157978843414713294,11257257817218327558
202409110628,"2024-09-10 22:28:49.000000",170826,42802,171745,170826,24156,1222828,263359,16722277800004206118,17097035874594348522,2723502766945811737,6104593766343085895
202409110728,"2024-09-10 23:28:49.000000",170905,42802,170854,170905,24425,1215264,271273,12569204471811690126,6660052201365684528,3446698493531391513,9302985008656045955
202409110828,"2024-09-11 00:28:49.000000",170946,42802,170917,170946,24263,1197589,271648,12220307557834787403,14218500081386160743,5277996209174618484,1764797481734327862
202409110928,"2024-09-11 01:28:49.000000",170942,42802,171001,170942,24372,1194294,276019,6812447520762724584,12597009209755394982,13576072300936579390,14216915195911658118
202409111028,"2024-09-11 02:28:49.000000",170918,42802,171289,170918,24354,1205749,264208,14666094985264155167,2006950111789223361,7205216817303988021,6192511794871829029
202409111128,"2024-09-11 03:28:49.000000",170913,42802,171219,170913,24480,1201366,266927,14414837636941819497,16992500328052059135,4060815968596186914,5237967104079532136
202409111228,"2024-09-11 04:28:49.000000",170919,42802,171201,170919,24524,1198051,271141,3029732512555171139,13264592306677249571,725615246163895407,13655493353760159983
202409111328,"2024-09-11 05:28:49.000000",170877,42802,170538,170877,24344,1202461,264768,13210460396187456375,15627022638839727865,1159652886174899846,5215013322931436862
202409111428,"2024-09-11 06:28:49.000000",170869,42802,171323,170869,24489,1207825,263857,9630256940372713261,13662621930751656047,4019561881593169400,7772735372104793298
202409111528,"2024-09-11 07:28:49.000000",170904,42802,170876,170904,24458,1209917,259979,13562282730456499925,3635634507757824207,10492210584924840796,6131644904705465268
202409111628,"2024-09-11 08:28:49.000000",170791,42802,171042,170791,24626,1211610,260067,6363695749192424734,15564000059735857398,11384103274719962268,5704953094099479404
202409111728,"2024-09-11 09:28:49.000000",170755,42802,170950,170755,24364,1206932,263805,13466399641271326619,17468418455090625141,2133066519655470316,13653959875664416582
202409111828,"2024-09-11 10:28:49.000000",170799,42802,171730,170799,24605,1209524,261084,881735965052327750,17828556959842123890,1776471361320738171,8254795163901449887
202409111928,"2024-09-11 11:28:49.000000",170724,42802,170810,170724,24467,1204783,263804,16028370295426628985,6737027709994187251,9813541381503044697,808012399099515445
202409112028,"2024-09-11 12:28:49.000000",170732,42802,170766,170732,24311,1209080,260719,15596774797859228294,9568297117634740870,2671610865551150082,6767442786865497768
202409112128,"2024-09-11 13:28:49.000000",170847,42802,170505,170847,24161,1210866,258695,60098192596886477,4657962427708216795,13721208446717426469,5753800229260862455
202409112228,"2024-09-11 14:28:49.000000",170775,42802,170468,170775,24071,1210507,260771,14812367050827554332,1369354357979549950,1689339213825765466,445071399458444546
202409112328,"2024-09-11 15:28:49.000000",170777,42802,171700,170777,23589,1215677,259281,14690243073543968061,12179431513202199535,17760848043685309314,960794331780122296
202409120028,"2024-09-11 16:28:49.000000",170718,42802,171131,170718,23704,1213523,261031,6375324188701872747,11981474095170840271,1239893184302593746,8574629606088783992
202409120128,"2024-09-11 17:28:49.000000",170774,42802,171371,170774,23776,1215260,261966,7847336797615052424,741583827096809936,11295996771945314044,18289688433704243914
202409120228,"2024-09-11 18:28:49.000000",170794,42802,170703,170794,24042,1214335,261582,11159102841241466744,14421006424385722272,7489720798008090115,12731097093675434635
202409120328,"2024-09-11 19:28:49.000000",170758,42802,170943,170758,24067,1221651,263528,25144199303226567,499243139641677975,4858071902214510244,413162854214782786
202409120428,"2024-09-11 20:28:49.000000",170783,42802,170530,170783,24022,1231542,259752,13605943930331934020,11771540189335352340,12228290042175042568,16866460566267021070
202409120528,"2024-09-11 21:28:49.000000",170813,42802,170788,170813,24296,1233165,267419,11546995272287320015,17456163630971467125,1194022495881206181,6946768140669457021
202409120628,"2024-09-11 22:28:49.000000",170807,42802,171042,170807,24390,1224136,266087,11118055445301312238,14106348576527259854,13709435048353528795,15630920721030174791
202409120728,"2024-09-11 23:28:49.000000",170876,42802,171682,170876,24254,1221626,267164,4017013583264524044,9369844712579640858,6941223134916932688,15754864867517146240
202409120828,"2024-09-12 00:28:49.000000",170924,42802,170799,170924,24307,1216241,272622,5144823327192732860,16179222743209911618,1527591286432818836,1186675227162487510
202409120928,"2024-09-12 01:28:49.000000",170979,42802,170670,170979,24317,1210901,280677,17345742268111283496,15697202925621395646,16336663023511644443,13628783904248416295
202409121028,"2024-09-12 02:28:49.000000",170930,42802,171171,170930,23141,1222541,265148,13044377792449447588,9085954548712933224,8143029049131811875,4712946509868638111
202409121128,"2024-09-12 03:28:49.000000",170948,42802,171341,170948,23513,1228915,260985,18208050674813874458,1632594603634562402,15020546284719845826,11416607185307112882
202409121228,"2024-09-12 04:28:49.000000",170912,42802,170928,170912,23331,1220267,266948,1391521753409880832,3175276132694107678,15255730732596584333,14920105199883738857
202409121328,"2024-09-12 05:28:49.000000",170842,42802,170792,170842,23209,1221446,266005,12253176954408177730,14256980290129323800,10764739324248198453,7120474542124531557
202409121428,"2024-09-12 06:28:49.000000",170893,42802,170979,170893,23188,1214462,272981,10080725240268333895,10924201233512214037,7508751525052768781,14650459743018114087
202409121528,"2024-09-12 07:28:49.000000",170833,42802,170979,170833,23280,1226178,260805,18255878431420029769,15461638506371967649,7251566922171637759,10547179770724714137
202409121628,"2024-09-12 08:28:49.000000",170907,42802,170865,170907,23231,1233400,257135,18224074134092950030,80108545617381138,14656825131943236080,9092614209456136692
202409121728,"2024-09-12 09:28:49.000000",170814,42802,170461,170814,23428,1228457,264158,10857541063151773178,8412184779943078582,1685427872177376960,17873108841215209622
202409121828,"2024-09-12 10:28:49.000000",170807,42802,170788,170807,23264,1235727,254695,17839672249907452060,10246876932386269514,1225116276790650798,6567247082300777896
202409121928,"2024-09-12 11:28:49.000000",170776,42802,170873,170776,23403,1226788,261411,10713090202044534080,2360084812692043394,4585395104248397539,4512000648610550281
202409122028,"2024-09-12 12:28:49.000000",170751,42802,170050,170751,24402,1233443,261075,7043414818539971085,8621545324966214319,11814978901402050179,5383153961148701389
202409122128,"2024-09-12 13:28:49.000000",170822,42802,171426,170822,24509,1233205,262121,2396725273038664672,3819882622901784522,6627362082106832134,10236434465434323528
202409122228,"2024-09-12 14:28:49.000000",170833,42802,170722,170833,24149,1228647,259289,17003180575009596723,13659230827298773331,12243876566937626953,464799382123835383
202409122328,"2024-09-12 15:28:49.000000",170814,42802,170387,170814,24178,1226343,259267,14892354899487685355,9850038125626640377,8616461255163145140,9297694069707511766
202409130028,"2024-09-12 16:28:49.000000",170850,42802,170810,170850,23936,1230040,255003,10184866827162368508,7627771283524720814,9759199526319451495,9812180558970590431
202409130128,"2024-09-12 17:28:49.000000",170786,42802,171900,170786,24000,1227520,257037,1774758528910409276,2346646716205563324,9623121281565813802,12020558701063975028
202409130228,"2024-09-12 18:28:49.000000",170801,42802,171596,170801,23967,1225784,257151,8038049512800835897,3308169118474037081,9700217046515100911,14211101042060463775
202409130328,"2024-09-12 19:28:49.000000",170739,42802,170766,170739,23846,1218849,260242,4676772202822321533,7257951270091889095,3698780468640983188,16223456651063427312
202409130428,"2024-09-12 20:28:49.000000",170833,42802,170652,170833,24138,1225808,256763,8843918554697602841,7736535852235982051,15600553435055342133,14334349544165448483
202409130528,"2024-09-12 21:28:49.000000",170822,42802,170490,170822,24073,1218441,263755,3903717348952931781,8658947104604294449,14498778838698289742,1978565193592685490
202409130628,"2024-09-12 22:28:49.000000",170825,42802,170619,170825,24348,1230583,266039,12712908340048002399,12815018447526600811,14348570658435568089,10480354532956858051
202409130728,"2024-09-12 23:28:49.000000",170938,42802,171644,170938,24336,1219447,269932,8399829655026297825,407112535057081859,17181583646756003421,14935863054511358113
202409130828,"2024-09-13 00:28:49.000000",170991,42802,171352,170991,24459,1209272,278836,17812890674666067599,12332969415258036973,14878472406204793846,13399621715399230310
202409130928,"2024-09-13 01:28:49.000000",170985,42802,170843,170985,24445,1216768,272340,1426705908720867322,8834220825078278376,462853569941240730,7551873871574024014
202409131028,"2024-09-13 02:28:49.000000",170946,42802,171286,170946,24675,1214079,271880,17805091562596723701,5292496534007255039,9051065728374159821,2416138934350611413
202409131428,"2024-09-13 06:28:49.000000",170886,42802,170384,170886,24590,1222024,265216,8740032329831879824,13395300567844969636,1592758497052726875,6338093022702206101
202409131528,"2024-09-13 07:28:49.000000",170859,42802,171767,170859,24649,1223440,260138,3580290003361446108,9959825688390554316,1535091991890710807,4279643433840312589
202409131628,"2024-09-13 08:28:49.000000",170812,42802,170725,170812,24662,1224135,260554,12742790586175498738,6728251336093867634,13413456655987446908,5047659259244194620
202409131728,"2024-09-13 09:28:49.000000",170781,42802,169820,170781,24659,1222256,261443,1347272622445875398,11980166149007505434,10736866100393953276,4490900946411711602
202409131828,"2024-09-13 10:28:49.000000",170774,42802,170843,170774,24734,1224646,258044,8803560837402017656,8223361161896378814,4191881034263859568,5701595492668777492
202409131928,"2024-09-13 11:28:49.000000",170735,42801,170935,170735,24599,1219672,261486,5818198219133106223,12301448166875395335,15078535488156274072,8700124215736516864
202409132028,"2024-09-13 12:28:49.000000",170948,42802,170928,170948,24352,1212158,267964,11423443455374319938,16840382144408817740,14655577335991174896,7117368081503795526
202409132128,"2024-09-13 13:28:49.000000",170918,42802,170850,170918,24232,1216269,264391,1197991478488314879,5360582510616478553,13329330011035664698,3038699779926765080
202409132228,"2024-09-13 14:28:49.000000",170809,42802,170347,170809,24316,1221974,259000,5306329427481749815,15067638554582926089,9663800391043493275,13084843890260719041
202409132328,"2024-09-13 15:28:49.000000",170780,42802,171719,170780,23946,1226641,254742,17242103133464177566,14245990530113059936,15455337991109399068,9686754664260826120
202409140028,"2024-09-13 16:28:49.000000",170728,42802,171208,170728,24171,1222347,260282,6737702493354520269,4856773882628566201,13616359684200424524,396755041677796772
202409140128,"2024-09-13 17:28:49.000000",170816,42802,170692,170816,24116,1220973,256835,12531362978429325002,210259442047954094,8410782205288776227,1559064291796684373
202409140228,"2024-09-13 18:28:49.000000",170761,42802,171289,170761,23800,1222357,255649,10073749300935908178,1210574841202052274,15168429792284760915,9617784597594373947
202409140328,"2024-09-13 19:28:49.000000",170766,42802,171060,170766,24104,1221891,257423,9902733650427448178,4348517432196734248,18103543682255115897,11570143967840169667
202409140428,"2024-09-13 20:28:49.000000",170777,42802,169721,170777,24010,1233994,261096,10143797444876273888,13351862021737584814,8823107674452785008,11923866195981965194
202409140528,"2024-09-13 21:28:49.000000",170760,42802,170887,170760,24282,1225949,261294,12632572622442203890,13563426066092978786,16529987022335186040,8276392350081469886
202409140628,"2024-09-13 22:28:49.000000",170864,42802,171120,170864,23636,1232590,262329,17524126698997634901,13582193322082538995,11874018051054268966,11597985042007825936
202409140728,"2024-09-13 23:28:49.000000",170798,42802,171201,170798,24473,1220267,264948,15769554882517450425,15583145559608373471,6755106194424475376,3334182554030316844
202409140828,"2024-09-14 00:28:49.000000",170748,42802,169977,170748,24343,1219383,262064,3455117899771681123,631769298949142113,17137135630886043304,1097679288850132184
202409140928,"2024-09-14 01:28:49.000000",170807,42802,171515,170807,24583,1223837,261398,17132691786115273048,5099608402781528178,10354310144920905438,17163630986794753880
202409141028,"2024-09-14 02:28:49.000000",170723,42802,170744,170723,24679,1226613,261059,1169327852716782485,5703504279411487659,4572671320876488059,2362072130624408527
202409141128,"2024-09-14 03:28:49.000000",170874,42802,170519,170874,24383,1228366,258806,16965809739785821703,2275624774798958391,17391510562939763039,8697221410455008995
202409141228,"2024-09-14 04:28:49.000000",170838,42802,171009,170838,24395,1228039,261302,8646179065561247053,17061548614061943707,5055644421882951620,14819712500201424854
202409141328,"2024-09-14 05:28:49.000000",170734,42802,170836,170734,24515,1225345,265042,5700762888144292668,5561577260547248692,12436733710619967960,1490789072371964240
202409141428,"2024-09-14 06:28:49.000000",170770,42802,170630,170770,24364,1223145,263008,7906654764765703806,8409370030028579490,5092313214882256188,9535916930157772010
202409141528,"2024-09-14 07:28:49.000000",170766,42802,170641,170766,24563,1222772,263833,1507029862137367995,5866097108720826423,10669295726570874431,5910504017593441891
202409141628,"2024-09-14 08:28:49.000000",170721,42802,170821,170721,24479,1220403,265613,1868912239464198177,4717194665680051601,361458806968417353,2640158095035442039
202409141728,"2024-09-14 09:28:49.000000",170802,42802,170703,170802,24596,1222469,263556,2057803144532601609,5332397498339286249,12671477956765770771,5643210867319499703
202409141828,"2024-09-14 10:28:49.000000",170789,42802,171212,170789,24519,1224305,262621,7474975846236284921,11498598808965507155,6510858060128685452,12068297508928998876
202409141928,"2024-09-14 11:28:49.000000",170831,42802,170850,170831,24602,1222295,264434,3504811820656336442,3674723257089925428,11697845066837072796,6385082197736195270
202409142028,"2024-09-14 12:28:49.000000",170747,42802,171182,170747,24367,1224236,263242,6872896015717656224,1299565378335812730,15553706848182607059,12941908868877260411
202409142128,"2024-09-14 13:28:49.000000",170720,42802,170943,170720,24241,1219863,262859,11591185235512656996,13125047645000733550,9298327757003072790,4922394446929319840
202409142228,"2024-09-14 14:28:49.000000",170833,42802,170641,170833,24072,1225137,258441,10547447641619690878,5503636777979232538,9031278028797678003,16343748165866933699
202409150228,"2024-09-14 18:28:49.000000",170839,42802,171430,170839,24029,1221653,262786,12220248299003923323,333922899900559117,1161974441764820549,1410886952571506465
202409150328,"2024-09-14 19:28:49.000000",170747,42802,171212,170747,23955,1216350,263623,15830741900852983342,15897077674945897942,4261986398103401782,15044231958567450980
202409150428,"2024-09-14 20:28:49.000000",170722,42802,171190,170722,24157,1214723,264713,1813162559416256201,789721686761052493,15767270367421241336,6472273177291372716
202409150528,"2024-09-14 21:28:49.000000",170757,42802,170979,170757,24135,1218230,261174,1126356439046385214,17323944648259687958,15257020157395834125,2328054434560833415
202409150628,"2024-09-14 22:28:49.000000",170751,42802,170553,170751,24308,1211335,268499,9224163095928868585,12634367693623705331,9352615236675391823,11671902969096884287
202409150728,"2024-09-14 23:28:49.000000",170846,42802,171385,170846,24158,1221942,261447,8843191641607012387,8578935558187060575,8915276724180400741,1913980501597024181
202409150828,"2024-09-15 00:28:49.000000",170768,42802,170545,170768,24327,1230414,262298,16363396812635481238,17305074364332618340,11050146357864578274,10369677056448813418
202409150928,"2024-09-15 01:28:49.000000",170766,42802,170703,170766,24298,1225428,260269,17330078350486990214,16125921097911685392,17418705800531350275,12677953429804527843
202409151028,"2024-09-15 02:28:49.000000",170749,42802,170593,170749,24379,1220818,261201,16441790755347717694,2323024518861039392,11365044118806821705,1657796934068434035
202409151128,"2024-09-15 03:28:49.000000",170799,42802,170784,170799,24313,1221848,260192,14011082827885586030,15216901666247289542,11973794497817594383,9520478840554362953
202409151228,"2024-09-15 04:28:49.000000",170791,42802,170722,170791,24279,1217748,262774,2929148044615207238,2043629728356840420,7767234398776917232,2400373010323254186
202409151328,"2024-09-15 05:28:49.000000",170753,42802,170777,170753,24414,1216853,265640,15928661488846366813,3385548126550760417,517255346771349420,16025356991181553624
202409151428,"2024-09-15 06:28:49.000000",170753,42802,171426,170753,24653,1216083,265947,1168514917835986227,14673101166681610003,4388863558597399278,8696013494496675168
202409151528,"2024-09-15 07:28:49.000000",170783,42802,170549,170783,24668,1222700,263508,14372983354491595065,764429910296793003,18244835388285984586,1748832240256804862
202409151628,"2024-09-15 08:28:49.000000",170774,42802,170248,170774,24446,1218674,266780,11124830312151622278,8399822217471477960,10973738210660855682,15974157000448236834
202409151728,"2024-09-15 09:28:49.000000",170829,42802,170663,170829,24724,1221251,263006,6998847797979379849,7951946056438170557,6659615765763120440,428605603111218054
202409151828,"2024-09-15 10:28:49.000000",170801,42802,170961,170801,24163,1221341,262404,1821031536636495380,11085310017754900622,10402771271204907638,2362918294938004890
202409151928,"2024-09-15 11:28:49.000000",170755,42802,170472,170755,24370,1218205,264448,7984401451473396145,5843918413621151549,2725222533532246335,6301649504006055479
202409152028,"2024-09-15 12:28:49.000000",170794,42802,171422,170794,24312,1212872,267640,357914166106366041,8385570795832770555,10329805590044361093,14543927946066639373
202409152128,"2024-09-15 13:28:49.000000",170815,42802,170700,170815,24282,1215317,261795,16323800043747847873,12557968403101434727,11988811990536662616,8091132518178008768
202409152228,"2024-09-15 14:28:49.000000",170794,42802,170909,170794,24118,1217119,260319,3092017822341655273,1263916499445138901,9666495263337088340,3803929269491442274
202409152328,"2024-09-15 15:28:49.000000",170807,42802,170891,170807,23980,1225753,259414,4013764809643235704,58057504191909268,3524245964026367393,12213210692221654243
202409160028,"2024-09-15 16:28:49.000000",170848,42802,169710,170848,23896,1227312,256885,5073417879087103079,262213436308488933,14987366463223895633,1470558526219938151
202409160128,"2024-09-15 17:28:49.000000",170782,42802,171134,170782,24032,1228909,256217,17996910879632425496,17989121206505178916,18156837367686241015,4975308337052583203
202409160228,"2024-09-15 18:28:49.000000",170758,42802,171156,170758,24251,1226263,263554,15532856443275920004,2309570984660546422,2708968274589817390,5395593532975317604
202409160328,"2024-09-15 19:28:49.000000",170807,42802,170516,170807,24009,1228485,258410,14483776588895136273,4691038293141790259,443184410926808597,4790676492312698545
202409160428,"2024-09-15 20:28:50.000000",170722,42802,170906,170722,24164,1229066,259565,6753060599279998374,12729618822089182266,5233741452580707842,14110576581242324050
202409160528,"2024-09-15 21:28:49.000000",170738,42802,170453,170738,24141,1219969,256570,1514128353064383643,17633516227499011673,502279948684298770,1960180144243747462
202409160628,"2024-09-15 22:28:49.000000",170862,42802,171252,170862,24485,1220731,258671,11156109255121714896,13520692757349983886,1045185724934664595,10359159179591922837
202409160728,"2024-09-15 23:28:49.000000",170944,42802,170263,170944,24330,1216673,269001,12894187776901489266,6077561122135524932,15447253015227853266,6696584252007430276
202409160828,"2024-09-16 00:28:49.000000",170807,42802,170976,170807,24576,1206842,273069,17849410894572845591,14961492206869833685,14122205541036275736,9722641757943215308
202409160928,"2024-09-16 01:28:49.000000",170928,42802,170983,170928,24293,1202357,278669,3256472800960058322,12719590721958946,10028908070495353429,1103448023044646079
202409161028,"2024-09-16 02:28:49.000000",170912,42802,170384,170912,24263,1203881,271238,12369935614552440908,1235864409557962174,13990396142366270187,4206189221698771257
202409161128,"2024-09-16 03:28:49.000000",170901,42801,171630,170901,24207,1203517,270839,7599469487374137703,3990076495897107215,16564789604458386400,18274300597843246516
202409161228,"2024-09-16 04:28:49.000000",170966,42802,170718,170966,24175,1207982,269356,6367163778058830488,1864212731855620152,16165047079101736320,17262220357208546370
202409161328,"2024-09-16 05:28:49.000000",170939,42802,171700,170939,24556,1208519,272834,1714848470525362675,17001315177884759525,9350769442033129280,2130639905661772252
202409161428,"2024-09-16 06:28:49.000000",170936,42802,170622,170936,24564,1210885,272289,6266147390162262268,8859882541295472136,7442465668232052793,457491804331918877
202409161528,"2024-09-16 07:28:49.000000",170866,42802,170123,170866,24402,1217092,265538,10248790075483574038,16262732603083300982,9877516914441382821,13842819135805780159
202409161628,"2024-09-16 08:28:49.000000",170813,42802,170439,170813,24472,1215110,265739,12232304800397111222,12184141282406988954,7786271834023380771,5825277189611661797
202409161728,"2024-09-16 09:28:49.000000",170830,42802,170266,170830,24681,1219435,262516,11376508936453328476,2172055958033767664,17095758760020072625,15081595926461484015
202409161828,"2024-09-16 10:28:49.000000",170818,42802,170777,170818,24583,1217462,264128,7269395278608347213,17380508507097743765,13216279538791384456,7953869527959007866
202409161928,"2024-09-16 11:28:49.000000",170748,42802,170417,170748,24458,1204631,276484,15482691818176474310,2622427521634863566,1701591784672234192,8397728239913213032
202409162028,"2024-09-16 12:28:49.000000",170868,42802,170924,170868,24465,1205839,273595,15237074889898719368,15966055550447817732,1479074871569086740,2396882342620105188
202409162128,"2024-09-16 13:28:49.000000",170814,42802,171330,170814,24139,1207426,269050,11474805721873083159,3778351762799176911,6393574423475045463,10746947229963839403
202409162228,"2024-09-16 14:28:49.000000",170738,42802,170626,170738,23937,1218389,256770,4337593709859530487,3679099511630906237,1734959332185539202,10549074869792528344
202409162328,"2024-09-16 15:28:49.000000",170726,42802,170913,170726,23928,1225367,254107,3119961383578447717,9885217926369395653,16376007644099128790,1836588248573184670
202409170028,"2024-09-16 16:28:49.000000",170680,42802,169845,170680,23818,1217303,257086,2923503725302266410,1205843484130565844,16107029842714232931,9363989061305832915
202409170128,"2024-09-16 17:28:49.000000",170791,42802,170252,170791,23742,1218180,270458,15421457075346202126,960241380425468282,17256884074351381355,14898404351416353693
202409170228,"2024-09-16 18:28:49.000000",170769,42802,170303,170769,24128,1215014,267650,17647442397811581694,9888821424673866984,6513618536742965929,1089834926397332695
202409170328,"2024-09-16 19:28:49.000000",170756,42802,170968,170756,23884,1223465,268594,7417220804722452766,12449729812319809812,14081906778768085030,758233026769078344
202409170428,"2024-09-16 20:28:49.000000",170720,42802,170281,170720,24340,1219503,267539,3136454946980854236,7178017610915617988,14159821136573963814,4943304637109086908
202409170528,"2024-09-16 21:28:49.000000",170822,42802,170898,170822,24323,1231282,265352,13421660439213716956,400487726915092222,6577627272279813489,9619030718567952637
202409170628,"2024-09-16 22:28:49.000000",170719,42802,170681,170719,24357,1208842,268483,13479445960392918881,2602305119595788279,17070837252732953503,14609447797228789557
202409170728,"2024-09-16 23:28:49.000000",170917,42802,170755,170917,24324,1210027,272493,13792252929545807736,8060184287568865150,13720739661509796732,6505004821460135016
202409170828,"2024-09-17 00:28:49.000000",170953,42802,171360,170953,24162,1205804,276437,15823339876209253720,14339680571038234636,16564271725639398641,16544334891178940027
202409170928,"2024-09-17 01:28:49.000000",170932,42802,171411,170932,24397,1198386,282788,15110933150287677779,2693868662439233607,10670988454987975928,13085777782136105094
202409171028,"2024-09-17 02:28:49.000000",170929,42802,171685,170929,24359,1206184,272862,9552390187179978881,1780791895751835579,9562598977257805000,775377838669999686
202409171128,"2024-09-17 03:28:49.000000",170909,42802,170847,170909,24333,1205157,274632,11726029079646731357,3303727756036204335,15367332336794661638,13612763761260340780
202409171228,"2024-09-17 04:28:49.000000",170919,42802,171548,170919,24329,1201874,275872,16328883889294844886,271182829614927586,2956245963466319825,9574480498643710067
202409171328,"2024-09-17 05:28:49.000000",170859,42802,170380,170859,24616,1201642,277450,4819708320171781126,3291523107248035778,10560701113706682707,17381077622576536443
202409171428,"2024-09-17 06:28:49.000000",170933,42802,170299,170933,24443,1206162,275310,18238676453978824170,9247665271110081732,2562537633400962753,16447027358075615493
202409171528,"2024-09-17 07:28:49.000000",170817,42802,170769,170817,24679,1208342,272278,16424805568173028155,6518375494442403287,2748408415086385605,4637650944097363181
202409171628,"2024-09-17 08:28:49.000000",170857,42802,170692,170857,24525,1216339,266138,8038120741880593919,11007354670902642339,1425256378057274796,14743083094200480124
202409171728,"2024-09-17 09:28:49.000000",170799,42802,170736,170799,24640,1209565,273191,3556188365052352634,10158676688564136526,12048507873675979406,3878185426532661530
202409171828,"2024-09-17 10:28:49.000000",170779,42802,170127,170779,24586,1213668,266683,2939033428248288641,14499056135201078541,9404721128853011200,2657088413040756520
202409171928,"2024-09-17 11:28:49.000000",170963,42802,170766,170963,24485,1192351,289441,5678979079594131280,1952053960166592856,8388788137359300263,12447121139053337281
202409172028,"2024-09-17 12:28:49.000000",170955,42802,170817,170955,24226,1198666,282708,18126121692101585762,12183173955092474478,17571571955539892879,14283614307733963217
202409172128,"2024-09-17 13:28:49.000000",170958,42802,171027,170958,24216,1203591,275727,9013517830573879553,9667317604034487495,7614882840134756638,1290230487812453226
202409172228,"2024-09-17 14:28:49.000000",171000,42802,170740,171000,24337,1210200,269719,14803831234738598887,10511583637079427647,6685846478840146194,10872691769825318268
202409172328,"2024-09-17 15:28:49.000000",170749,42802,170475,170749,24277,1213653,265664,12255408795550684815,1140906391004322097,9619041550374654338,1688732682145170370
202409180028,"2024-09-17 16:28:49.000000",170730,42802,171086,170730,24257,1215458,261168,12296722818778933196,1714432138597118520,10750989584907342304,3212504900660421930
202409180128,"2024-09-17 17:28:49.000000",170803,42802,170729,170803,24107,1221209,258055,6812652907025720049,1810171274675037165,5168076638438742277,593595181747820845
202409180228,"2024-09-17 18:28:49.000000",170847,42802,171153,170847,24069,1226118,254344,4777169181337994474,10080365928228502846,574189390893833364,17379763524620649206
202409180328,"2024-09-17 19:28:49.000000",170765,42802,170703,170765,24046,1221828,257795,2601385485754268224,1029147966742624070,8767971352399188122,13028457745212844512
202409180428,"2024-09-17 20:28:49.000000",170717,42802,171001,170717,24357,1217647,262755,5823363873007927834,1203056562945674348,17278697554090500520,17637268889028496850
202409180528,"2024-09-17 21:28:49.000000",170810,42802,170332,170810,24383,1217813,261119,3944091279659731301,7911377005636158891,6080474390687322115,14874930011963034071
202409180628,"2024-09-17 22:28:49.000000",170771,42802,171886,170771,24398,1206749,272766,867868223519326587,5214687606360575011,5513753018796021732,2526183855175247346
202409180728,"2024-09-17 23:28:49.000000",170943,42802,170744,170943,24433,1212204,268614,16227758099641120768,12162700738671978114,14240111337666435276,2431242837473973464
202409180828,"2024-09-18 00:28:49.000000",170973,42802,170965,170973,24781,1205304,274299,16287553877503648325,11814412551818263715,5639038579501439397,3595267143925522243
202409180928,"2024-09-18 01:28:49.000000",171003,42802,170439,171003,24485,1196105,284522,12758357899696159642,12041506882880126718,493580822681596868,15477909823084536170
202409181028,"2024-09-18 02:28:49.000000",170902,42802,170718,170902,24576,1207112,273850,10446897097689921865,16953811868727973769,1401936298051681531,6684474400110712409
202409181128,"2024-09-18 03:28:49.000000",170945,42802,170655,170945,24521,1207395,273513,10540032030028787227,3902702624114873045,9267644509612870706,2409064750391613876
202409181228,"2024-09-18 04:28:49.000000",170911,42802,171075,170911,24351,1205293,273925,12744829928806228114,9368745313939990968,11691322036434135684,11951955342494012224
202409181328,"2024-09-18 05:28:49.000000",170952,42802,171049,170952,24568,1200850,281387,12617097758397448607,8911268945943485367,1025288594308656430,15510728758710828922
202409181428,"2024-09-18 06:28:49.000000",170973,42802,171474,170973,24821,1214296,270032,13183381134396406731,2267930715027008505,9888327303566301642,13936053796388774570
202409181528,"2024-09-18 07:28:49.000000",170926,42802,170670,170926,24887,1212986,269148,11892380198325236643,5126611286158957747,6688993853116949852,7954883402513151978
202409181628,"2024-09-18 08:28:49.000000",170878,42802,170659,170878,24684,1218679,264644,4957079958442999446,5251934526546395202,9053857061739046253,3594026311314705643
202409182028,"2024-09-18 12:28:49.000000",170715,42802,170795,170715,24426,1215479,263915,14984835745002348679,6611996371696814639,8178267860893575584,7752853823334308910
202409182128,"2024-09-18 13:28:49.000000",170796,42802,171241,170796,24351,1218190,257039,10450484869993537667,5997299474014160463,3014337367065728737,5168509336054294757
202409182228,"2024-09-18 14:28:49.000000",170766,42802,170784,170766,24238,1215505,261288,14421876665985139415,2490793581113014007,7771521098097301311,5430944966595854883
202409182328,"2024-09-18 15:28:49.000000",170817,42802,170490,170817,24014,1220809,255372,13798888840756383416,2950501725748812290,5181091683234288224,11154939618608267942
202409190028,"2024-09-18 16:28:49.000000",170698,42802,171537,170698,23999,1211421,260502,2199837187004621960,228227276879357922,351029185043444810,5331094313952929970
202409190128,"2024-09-18 17:28:49.000000",170792,42802,171201,170792,24297,1219952,257240,338876024695215802,4572409119645036058,8591641775747380830,16980118261713043608
202409190228,"2024-09-18 18:28:49.000000",170678,42802,170560,170678,24171,1215909,261635,14495253877309850126,6614578444543630170,15608679300495833751,10246700115229949001
202409190328,"2024-09-18 19:28:49.000000",170772,42802,170847,170772,24239,1219065,257449,3886849541619153045,5780691573163486519,13258132470555767551,4453614756970938449
202409190428,"2024-09-18 20:28:49.000000",170717,42802,170700,170717,24397,1216719,262058,16619227717781023967,377115313239424393,12216352612565660348,9350228334749200524
202409190528,"2024-09-18 21:28:49.000000",170775,42802,170998,170775,24365,1220391,261747,3823284447552854241,18234937616783002615,11046903386390270424,13153714233408453822
202409190628,"2024-09-18 22:28:49.000000",170811,42802,171149,170811,24603,1217682,261853,4602137623370868148,12374009945388517798,10215596695223650276,9916851330705018864
202409190728,"2024-09-18 23:28:49.000000",170949,42802,170497,170949,24679,1211857,269853,11475279756572670113,5028298708182982757,7125113611610149027,8773736091099653053
202409190828,"2024-09-19 00:28:49.000000",170899,42802,171156,170899,24578,1206355,272967,994535394922290243,12572731774732405707,9574997133083348047,8165292565158793831
202409190928,"2024-09-19 01:28:49.000000",170958,42802,171745,170958,24777,1193094,287645,16623355973811086549,11640423047442520645,18105823806458348977,3455943614867779797
202409191028,"2024-09-19 02:28:49.000000",170882,42802,170153,170882,24515,1204494,273859,12209611706317438355,13164424669140346377,342766000372481108,10197599690114956906
202409191128,"2024-09-19 03:28:49.000000",170959,42802,170817,170959,24642,1212242,272606,17676961404121520430,7095042675357918150,18174951475308196195,17162780313546592061
202409191228,"2024-09-19 04:28:49.000000",170916,42802,170928,170916,24648,1208388,273857,8723080633618251081,16255932872231853415,12216798567788575166,16827227122452104020
202409191328,"2024-09-19 05:28:49.000000",170971,42802,170935,170971,24611,1210943,271957,2270428479746291568,16862120648948196598,932238694282584066,17841578568207726042
202409191428,"2024-09-19 06:28:49.000000",170912,42802,170994,170912,24573,1210858,271953,15716389371565836650,17185417927391009932,5912917628527623332,13011954436591347204
202409191528,"2024-09-19 07:28:49.000000",170840,42802,170677,170840,24614,1212664,269192,7108482466542933865,9413564789011558589,1708067527770087277,794967162823106433
202409191628,"2024-09-19 08:28:49.000000",170802,42802,170431,170802,24747,1217630,265788,18212303659346939986,5882158914580864278,15072171803962419836,13917978066526247738
202409191728,"2024-09-19 09:28:49.000000",170763,42802,170622,170763,24948,1213347,269181,7011597343022204448,6455551066039584322,16778950950425286519,4647583860140344019
202409191828,"2024-09-19 10:28:49.000000",170847,42802,171308,170847,24640,1216549,268006,1586379915803373572,4337343880586402510,12783851429471499976,15226040865076042512
202409191928,"2024-09-19 11:28:49.000000",170789,42802,170431,170789,24498,1216995,266021,15877171583440872050,12227484931535511456,4428275143431531220,6706418043881332992
202409192028,"2024-09-19 12:28:49.000000",170696,42802,171478,170696,24278,1214651,264009,3878737881021545948,13581631522787222436,6280048162357831365,12863871459179278025
202409192128,"2024-09-19 13:28:49.000000",170805,42802,171230,170805,24267,1215175,264718,12981758439470947362,14773140642704023144,10881163040137806892,9115625400940287176
202409192228,"2024-09-19 14:28:49.000000",170743,42802,170828,170743,24100,1214565,263138,6535134098064373969,7368159233133664453,5608150595013792980,1723236258539844038
202409192328,"2024-09-19 15:28:49.000000",170813,42802,171334,170813,24265,1219937,259705,8366746800051870980,7410287851614548386,17097562899891873709,4393552777017778489
202409200028,"2024-09-19 16:28:49.000000",170818,42802,170589,170818,23960,1212676,263815,2740062718810613469,718265171724574619,12392148331831441517,13912542360469220187
202409200128,"2024-09-19 17:28:49.000000",170823,42802,170887,170823,23923,1209198,262525,6543951897282428762,6161559826263364230,8093139799431724049,623441092561903465
202409200228,"2024-09-19 18:28:49.000000",170724,42802,170987,170724,23969,1212244,264360,14188574580414942098,11056419927414888586,10860619143482914002,8906302103537993034
202409200328,"2024-09-19 19:28:49.000000",170867,42802,170564,170867,23324,1225710,274185,11859326672685028290,6429695898403170922,17817425270091545572,6092808065235282950
202409200428,"2024-09-19 20:28:49.000000",170687,42802,170744,170687,24280,1221199,266758,17362977540985359562,11561971833722303694,3337912799773540365,4718260475494843079
202409200528,"2024-09-19 21:28:49.000000",170778,42802,170733,170778,24080,1216453,256207,17314966787330215926,12886291338228300658,3135960902502737292,16818368930763390132
202409200628,"2024-09-19 22:28:49.000000",170719,42802,171105,170719,24326,1212451,259217,3231305970677820239,2688108081982190845,539041963356898066,13843002897431795688
202409200728,"2024-09-19 23:28:49.000000",170665,42802,170711,170665,24125,1201355,264815,9738010373378102519,4459719177972170325,7229227509591187475,537160984757638005
202409200828,"2024-09-20 00:28:49.000000",170720,42802,171075,170720,24375,1208494,262910,16826205880710087992,12554405280400241672,2661102046643486740,17940816929702043334
202409200928,"2024-09-20 01:28:49.000000",170724,42802,171116,170724,24419,1207563,261238,13593075907155200679,17391646876485557101,193403924353412940,8304242804741860600
202409201028,"2024-09-20 02:28:49.000000",170751,42802,171570,170751,24532,1209672,260562,480030996722163999,13470305125584775639,3170217221088172874,17579197575975951324
202409201128,"2024-09-20 03:28:49.000000",170676,42802,170847,170676,24438,1206464,263159,17528851695961354711,10666147567808508399,5891496580607350246,1894475771038281514
202409201228,"2024-09-20 04:28:49.000000",170695,42802,170600,170695,24686,1207201,264003,8665021853423772506,17742656941724826156,16725248015382555977,10510099095688637559
202409201328,"2024-09-20 05:28:49.000000",170695,42802,171027,170695,24407,1206956,268246,17801002635258648161,6419311233449832653,16491329544029997730,4592680803906868514
202409201428,"2024-09-20 06:28:49.000000",170675,42802,170571,170675,24347,1202470,263757,5647964654198286792,14383311889342362208,10821310104434810315,4787560290451260373
202409201528,"2024-09-20 07:28:49.000000",170759,42802,170619,170759,24288,1208962,268722,15367788169160039265,8077402127062792123,12792968760904273756,14932283896002822360
202409201628,"2024-09-20 08:28:49.000000",170672,42802,171149,170672,24367,1204308,265385,13719180574225397675,15706364047023092371,4965351794604577956,434839654827332034
202409201728,"2024-09-20 09:28:49.000000",170726,42802,170784,170726,24475,1205059,265775,9786414350746721301,5881814936183589897,17444145368736958647,13051967489425142435
202409201828,"2024-09-20 10:28:49.000000",170696,42802,171363,170696,24646,1207138,264070,5250930863470570210,4256906862280519978,14002463092945127289,7871957998097513023
202409201928,"2024-09-20 11:28:49.000000",170703,42802,170869,170703,24329,1200683,270994,403932610956834039,6458980992388551271,11548747394299590075,12765227928647565829
202409202028,"2024-09-20 12:28:49.000000",170708,42802,170457,170708,24141,1201547,267683,9590025698489721189,12152572459581727233,11906952106937311031,13138354088483265423
202409202128,"2024-09-20 13:28:49.000000",170741,42802,170398,170741,24161,1208085,258685,13298183740187835044,17467030266196079322,14977793767720513148,5948913476859699692
202409202228,"2024-09-20 14:28:49.000000",170582,42802,170461,170582,24131,1199037,263724,10368404344718966921,14576357172274675403,14104075495065720351,14334911035229320181
202409202328,"2024-09-20 15:28:49.000000",170699,42802,169641,170699,24329,1209776,255090,368389759597707097,14947172378596795775,9565966050128484694,11205698219206018778
202409210028,"2024-09-20 16:28:49.000000",170706,42802,170039,170706,24404,1207465,257848,14987610556481870742,6423186601501835020,15612322623274477612,8114398415358934196
202409210128,"2024-09-20 17:28:49.000000",170687,42802,170692,170687,24147,1206766,256580,3285747909240125884,713551803843033394,12509411414907735414,16973055322119321672
202409210228,"2024-09-20 18:28:49.000000",170769,42802,170420,170769,24061,1203961,256518,708200101941924652,715670414690008006,5808186484440397557,4226154014192569515
202409210328,"2024-09-20 19:28:49.000000",170727,42802,170453,170727,24048,1203154,258196,8293979193080971807,10162231416636576187,16053116212632494212,3219869435578836246
202409210428,"2024-09-20 20:28:49.000000",170722,42802,170428,170722,24300,1204497,257408,14569134301436274687,14704658200542427337,17533948285121102928,4230967855241354172
202409210528,"2024-09-20 21:28:49.000000",170663,42801,170534,170663,24350,1201079,263448,6187449911997850017,7718853508212820499,6677015237159155902,5660251882387915948
202409210628,"2024-09-20 22:28:49.000000",170754,42802,171175,170754,24416,1199900,263533,3071022899427347513,16041660449353239825,8311391369107988638,14337515457431725314
202409210728,"2024-09-20 23:28:49.000000",170767,42802,170729,170767,24271,1202788,261237,15202106878056930024,9736221993235895632,13575602876768781320,10615271142808185128
202409210828,"2024-09-21 00:28:49.000000",170755,42802,171024,170755,24514,1205687,269617,11502588428527938544,6667411143051300082,4453851314315603394,5366400702603326698
202409210928,"2024-09-21 01:28:49.000000",170742,42802,170564,170742,24353,1204110,269558,15948895973552624648,9215495920109349124,333382818039411952,11092179410452063928
202409211028,"2024-09-21 02:28:49.000000",170757,42802,170648,170757,24136,1209350,267344,15528568223766995002,6552151072892749024,15838194961175728174,8553757060736072762
202409211128,"2024-09-21 03:28:49.000000",170605,42802,170222,170605,24194,1203038,271086,5996237211429457094,11197904234470445736,5893761112207283079,8191996832053004427
202409211228,"2024-09-21 04:28:49.000000",170737,42802,170593,170737,24404,1207667,268965,17996854659563756931,1683938133147959137,17583925221066898745,1569238521160162247
202409211328,"2024-09-21 05:28:49.000000",170693,42802,170285,170693,24356,1208585,267680,6932174886263640181,1035748913776979247,1723750606262541099,2698319148402733127
202409211828,"2024-09-21 10:28:49.000000",170699,42802,170490,170699,24527,1202697,273315,1095381845594388277,11182392299498830349,5049427901178485724,909074541253377154
202409211928,"2024-09-21 11:28:49.000000",170685,42802,170189,170685,24453,1206134,270310,4240093320816821665,6143691203844031603,8702798869952174317,14479761182010282223
202409212028,"2024-09-21 12:28:49.000000",170662,42802,170274,170662,24555,1202713,272356,3328683081168349910,5565205020121796446,17643352792952987249,17996488981958061551
202409212128,"2024-09-21 13:28:49.000000",170779,42802,170028,170779,24210,1213057,261676,1320062312413518472,13777064544429771026,15534648804626128785,4547596927536625887
202409212228,"2024-09-21 14:28:49.000000",170760,42802,171219,170760,24127,1205559,265077,2963758329115197006,15403939582762859578,11553490717279289013,15286653319209362105
202409212328,"2024-09-21 15:28:49.000000",170709,42802,171397,170709,23968,1206510,264868,9571426634731377497,15776021912062019365,10471359893437870332,17272394846895596478
202409220028,"2024-09-21 16:28:49.000000",170755,42802,171385,170755,24186,1208137,264028,5960680477407133424,3926494150771259756,6745798380095754345,7036030624844719253
202409220128,"2024-09-21 17:28:49.000000",170703,42802,170325,170703,24053,1209071,267289,7357779297699761813,12434779163744833223,9984263400494500205,13390645428493193935
202409220228,"2024-09-21 18:28:49.000000",170709,42802,170560,170709,24077,1209658,265963,10430374706084289297,10163105621860106611,7881616921557889188,633864195209858892
202409220328,"2024-09-21 19:28:49.000000",170730,42802,170795,170730,24262,1214256,262218,15112929354827560956,9571307587332220220,7070158998278268258,13495187933654106164
202409220428,"2024-09-21 20:28:49.000000",170690,42802,170453,170690,24357,1207709,268461,15885143604858108001,4803718268323441279,9488667317043280694,1047952912679953524
202409220528,"2024-09-21 21:28:49.000000",170748,42802,170850,170748,24388,1211083,265994,3441840482889639503,3289290653181774733,8018677095277109206,18345701656699999382
202409220628,"2024-09-21 22:28:49.000000",170708,42802,170406,170708,24243,1214020,263153,10970027614419877309,5732602519760202301,606792407640046508,1189303977700098554
202409220728,"2024-09-21 23:28:49.000000",170741,42802,170431,170741,24321,1210369,269521,4702963787544142002,13604684976074325536,10087456588686241982,3309647280186122594
202409220828,"2024-09-22 00:28:49.000000",170733,42802,170670,170733,24414,1214766,266164,16270579758794139608,7223901783274856296,3189031018831963841,13439205528965001747
202409220928,"2024-09-22 01:28:49.000000",170767,42802,170799,170767,24594,1210666,271238,3436780956110420690,12490264430959104950,2798248291893913316,8548717241777497202
202409221028,"2024-09-22 02:28:49.000000",170154,42799,169951,170154,24319,1200897,272011,9240112050535300155,18046587720322356715,524006703368709251,11586879078312474203
202409221128,"2024-09-22 03:28:49.000000",170738,42802,170674,170738,24548,1209772,272208,12782068772353065215,4861013124426264107,6622102862368013998,6141598791221147086
202409221228,"2024-09-22 04:28:49.000000",170763,42802,170722,170763,24655,1213244,268062,17512959030645301071,11402797692895635941,10098992151721506769,15915654423610249363
202409221328,"2024-09-22 05:28:49.000000",170753,42802,171367,170753,24620,1211189,269876,4225077696797101875,12585696952555896409,13367295563705316195,4603145992259178945
202409221428,"2024-09-22 06:28:49.000000",170721,42802,171127,170721,24622,1212636,269422,13320755985176214797,3955731085248587431,15672999422616469254,11475837118725331586
202409221528,"2024-09-22 07:28:49.000000",170686,42802,171245,170686,24768,1208601,272388,14992464239738004278,7390212403138188668,8374675892506443360,12667115511184947320
202409221628,"2024-09-22 08:28:49.000000",170762,42802,170744,170762,24797,1203492,276596,13645428213199922764,17257420224432542444,13935903497285606854,8923204619239942876
202409221728,"2024-09-22 09:28:49.000000",170739,42802,170329,170739,24945,1208587,270570,9895072234657984588,3011528706118614018,11053409794145808315,8315110797369604455
202409221828,"2024-09-22 10:28:49.000000",170671,42802,171489,170671,24783,1204828,269839,8531022307714644183,4724273074285620023,13120569843404976330,3470681509763267424
202409221928,"2024-09-22 11:28:49.000000",170751,42802,171079,170751,24625,1204494,268729,8471714248056751283,14838450295390784697,6347401212654173056,4788934621893987968
202409222028,"2024-09-22 12:28:49.000000",170823,42802,171278,170823,24517,1211918,259247,7602612154981198483,4396298325965902081,5194526968633824011,4922200581738138869
202409222128,"2024-09-22 13:28:49.000000",170726,42802,170318,170726,24501,1208017,259263,3432192014873735544,17528247708012462402,8531319149000139840,6222913236656761566
202409222228,"2024-09-22 14:28:49.000000",170706,42802,170906,170706,24665,1205271,263112,6333395129966474169,6423061443762681505,3476856080227790529,8260531770937119181
202409222328,"2024-09-22 15:28:49.000000",170665,42802,170472,170665,24166,1210976,256882,17706596927400856586,3520352813857458680,8597701057767834342,17096736667480409700
202409230028,"2024-09-22 16:28:49.000000",170725,42802,170891,170725,24169,1209684,258157,7057411110068074943,9659721530258237417,9221273864302720272,15740973568166063100
202409230128,"2024-09-22 17:28:49.000000",170750,42802,170655,170750,24290,1212681,258386,7745486416782185646,10453430376688717040,10046371306000480084,15735246207450419960
202409230228,"2024-09-22 18:28:49.000000",170724,42802,171186,170724,24163,1209077,261196,6590927525236921747,3920127746869982935,12335272863035692444,13269575039354621290
202409230328,"2024-09-22 19:28:49.000000",170735,42802,171101,170735,24304,1206216,261912,5890887563234935744,9831772059183101116,6497345070252122725,9401158608653228479
202409230428,"2024-09-22 20:28:49.000000",170703,42802,170909,170703,24350,1195014,260178,4715914245781839843,14865956506219417259,13535553089551694271,5355412756088350229
202409230528,"2024-09-22 21:28:49.000000",170767,42802,171567,170767,24384,1194321,260162,3763011020274163995,5479481184381184185,5509485182048598736,524969440839929594
202409230628,"2024-09-22 22:28:49.000000",170669,42802,170689,170669,24536,1203041,263465,5990324764881102085,1070389189782035887,11512822462056360090,14883276624826942578
202409230728,"2024-09-22 23:28:49.000000",170797,42802,171385,170797,24512,1197805,258694,7411634297434084033,8919701102164532533,17028729053916945059,17822481111212508631
202409230828,"2024-09-23 00:28:49.000000",170692,42802,170608,170692,24801,1194041,264197,15182468849578148894,16982946496447787654,3007310554722011282,10688177343105476282
202409230928,"2024-09-23 01:28:49.000000",170677,42802,170725,170677,24381,1193461,261778,12954907205620926618,10655800729455644156,5495235588437707044,8414303758242953340
202409231028,"2024-09-23 02:28:49.000000",170769,42802,170707,170769,24690,1196211,262915,3327509752564261515,9794483095104134551,256985942296911174,4617682496399491900
202409231128,"2024-09-23 03:28:49.000000",170700,42802,170409,170700,24542,1194927,262774,2958343447539848064,18143560046054752174,13862779170214115741,17057194685785387121
202409231228,"2024-09-23 04:28:49.000000",170668,42802,169959,170668,24537,1195704,263126,70897828021922542,4240241691007887086,8133122525807720894,12428734599258699302
202409231328,"2024-09-23 05:28:49.000000",170704,42802,170318,170704,24546,1196685,261279,7897817158664852743,1233619652698004657,493532971407318607,6184941779697901639
202409231428,"2024-09-23 06:28:49.000000",170778,42802,170773,170778,24867,1196983,262609,2060178983530788755,14911663758785566611,15560424275843003352,1869680670236383080
202409231528,"2024-09-23 07:28:49.000000",170744,42802,170420,170744,24869,1198300,262647,6675823230314841765,13173944692474053493,18387815133579891372,4284796943982814644
202409231628,"2024-09-23 08:28:49.000000",170697,42802,169929,170697,24900,1197864,263081,1650870893999934983,4386028027829207745,6141275059320744403,3682282329035669765
202409231728,"2024-09-23 09:28:49.000000",170686,42802,171160,170686,24919,1196131,267508,3173622718508382080,7534328108605878620,9038683103302252718,11134974909040166790
202409231828,"2024-09-23 10:28:49.000000",170711,42802,170464,170711,24972,1201079,263357,9567400544700132432,6427229563015558040,6040370992113478033,6651673848554476769
202409231928,"2024-09-23 11:28:49.000000",170808,42802,170321,170808,24683,1195149,267078,11509929119058301280,17105198064985255098,12621150381952068777,7720903705323963459
202409232028,"2024-09-23 12:28:49.000000",170735,42802,170314,170735,24595,1194345,260687,17368244584051451379,11982141097758649807,4895871182516112058,3266114334361908426
202409232128,"2024-09-23 13:28:49.000000",170725,42802,170270,170725,24570,1195455,257220,18110209770164295275,17688755757570593021,10713686042841974281,1191572069352456473
202409232228,"2024-09-23 14:28:49.000000",170642,42802,170865,170642,24564,1193383,259046,3819549700225403287,7811964727052816233,10444726793934854962,3231043726795129418
202409232328,"2024-09-23 15:28:49.000000",170735,42802,170464,170735,24274,1196436,255616,13633812358409026025,18037359556883667921,6686432783063019072,13635409317888288958
202409240028,"2024-09-23 16:28:49.000000",170729,42801,170814,170729,24388,1195431,256710,196136636430365471,17184792647000698255,1425480729082533654,1662765925597846524
202409240128,"2024-09-23 17:28:49.000000",170723,42802,170497,170723,24396,1210915,261153,11834239103977998992,7400677439107781508,15063739884361172165,14229452454457075727
202409240228,"2024-09-23 18:28:49.000000",170760,42802,170994,170760,24431,1230217,282467,2388183536044068404,9249189553533355480,4339678938234902875,14655424932869291723
202409240328,"2024-09-23 19:28:49.000000",170719,42802,170758,170719,24416,1219385,268517,963125943984223239,9941863368792873949,8694656207974440857,622199262614515317
202409240428,"2024-09-23 20:28:49.000000",170761,42802,169805,170761,24555,1215441,257274,14338523093995077566,2177085502256240824,11530280358380652909,117831466220337683
202409240828,"2024-09-24 00:28:49.000000",170766,42802,170472,170766,24799,1217452,257399,17511764942692688220,8851259824552005418,12582961122110923058,12387480254207941622
202409240928,"2024-09-24 01:28:49.000000",170689,42802,171404,170689,24428,1210907,263495,16773227944248700044,12478617416709799328,1250288655594810884,4440546631917259110
202409241028,"2024-09-24 02:28:49.000000",170783,42802,170637,170783,24396,1210315,262900,11876596240406071283,10750358812200834997,18366589938339880759,292077813424422663
202409241128,"2024-09-24 03:28:49.000000",170755,42802,170318,170755,24678,1212971,261368,2002676684197198796,16004392854509455780,13809406018354224062,17178251958330171676
202409241228,"2024-09-24 04:28:49.000000",170746,42802,170567,170746,24517,1214059,261436,4457755617423749037,6983602689743305249,6783410401523922766,4917858259692332600
202409241328,"2024-09-24 05:28:49.000000",170772,42802,171663,170772,24625,1210765,264073,16031061622240582998,16622041250284677242,5432996151621243997,12205971917335326847
202409241728,"2024-09-24 09:28:49.000000",170751,42802,170417,170751,24715,1213507,266660,2953395096051315019,12780280339249036075,1019066233799512743,7792989138088573023
202409241828,"2024-09-24 10:28:49.000000",170749,42802,170351,170749,24801,1213778,263977,17020358823590123646,16549422623297727616,208995083108426463,13993762292670610859
202409241928,"2024-09-24 11:28:49.000000",170715,42802,171120,170715,24898,1213283,266821,16704576333843647029,3406765164790770013,6204959773019808283,3034596732668879351
202409242028,"2024-09-24 12:28:49.000000",170789,42802,171149,170789,24625,1213369,261422,3977712235363199007,16485325007509036373,15235608414065027142,18334285261540347746
202409242128,"2024-09-24 13:28:49.000000",170723,42802,171090,170723,24464,1211231,260152,8392160072977454017,15435821563070599977,9977504506596830385,5057723323895464221
202409242228,"2024-09-24 14:28:49.000000",170790,42802,170204,170790,24621,1211764,261494,7648564760703077150,8726000663792829554,15542539708237099990,5425337605248013678
202409242328,"2024-09-24 15:28:49.000000",170828,42802,170633,170828,24256,1212514,259527,364624675793777778,11250344570913768,5414209776924530360,12073587402990190570
202409250028,"2024-09-24 16:28:49.000000",170736,42802,170233,170736,24247,1214253,256956,11882715389399636365,6333295903335297579,12767312583299294446,2445545489165548786
202409250128,"2024-09-24 17:28:49.000000",170716,42802,170604,170716,24105,1209984,257471,11470336634506589106,17335820992593023544,17513944868568361918,7031797769705149792
202409250228,"2024-09-24 18:28:49.000000",170755,42802,171278,170755,24243,1211655,258196,11038798166630499046,8721787677555630290,9756200096922495215,4980892823191544367
202409250328,"2024-09-24 19:28:49.000000",170740,42802,170457,170740,24684,1214433,256444,3737962979687195838,11997269135944214160,17806737224624841376,3140435632634441618
202409250428,"2024-09-24 20:28:49.000000",170774,42802,171116,170774,24456,1211926,258105,16570839199770557005,8579895401889679175,6986305924258747719,7681571404851862839
202409250528,"2024-09-24 21:28:49.000000",170762,42801,170611,170762,24566,1210013,260543,6399019423193992893,2924492626690674635,15536247501516626639,771588066583891455
202409250628,"2024-09-24 22:28:49.000000",170710,42802,170428,170710,24676,1222172,264330,10677027137127991471,13658333647392931627,15766666710456475685,13712112808112635115
202409250728,"2024-09-24 23:28:49.000000",170811,42802,170766,170811,24762,1213135,260640,5141865636181150653,2189451577178398115,5215704891811406134,14691896732740702622
202409250828,"2024-09-25 00:28:49.000000",170791,42802,170519,170791,24692,1213688,260380,117403368104478789,8807359519758433789,15786551576171665227,16175365531930130887
202409250928,"2024-09-25 01:28:49.000000",170719,42802,171105,170719,24712,1206123,263230,17284845322380175740,12338490871320388620,717808241657934941,14672014507289173769
202409251028,"2024-09-25 02:28:49.000000",170739,42802,170773,170739,24848,1208920,263318,14163271871718301760,1417288167373297670,9988042047292205528,17273976702298058108
202409251128,"2024-09-25 03:28:49.000000",170670,42802,170193,170670,24590,1206159,266339,14800266894874543836,16896696247267403958,18080801008258756282,9066860648501847576
202409251228,"2024-09-25 04:28:49.000000",170783,42802,170571,170783,24509,1211519,264320,10435662285031024292,1139990550339514938,2546575316357538804,4314951125726136874
202409251328,"2024-09-25 05:28:49.000000",170733,42802,170365,170733,24639,1212357,262326,1918443611642576973,11500346503185075289,15799342289326260742,11283932695229873972
202409251428,"2024-09-25 06:28:49.000000",170751,42802,171097,170751,24729,1210680,265079,15024799546081453465,10611071977921566565,7661209646692872524,7478880323111737152
202409251528,"2024-09-25 07:28:49.000000",170724,42802,170670,170724,24790,1212984,263637,318833339606560221,8504483219812459727,13194165621288052853,15142019865744880211
202409251628,"2024-09-25 08:28:49.000000",170797,42802,170054,170797,24930,1214203,264472,8110203905496169390,3103102333139054024,8772991814067665699,9633215129204610229
202409251728,"2024-09-25 09:28:49.000000",170812,42802,170755,170812,24591,1212668,265510,14468418379378451225,12763383307670588763,12658987174591601280,13823246980276289756
202409251828,"2024-09-25 10:28:49.000000",170766,42802,170351,170766,24902,1215094,265137,14512469429800138277,1667664047027083773,6579287125767932943,14236525111170112673
202409251928,"2024-09-25 11:28:49.000000",170754,42802,170943,170754,24857,1210230,269396,7335414678942632512,12280217537774115454,14202361933290959890,17368347820224097302
202409252328,"2024-09-25 15:28:49.000000",170755,42802,170123,170755,24555,1208216,260123,477921231946383492,13409991264852044334,4573243934967509576,17519764592919751088
202409260028,"2024-09-25 16:28:49.000000",170722,42802,170266,170722,24497,1199635,266642,10867293460317285617,13762612095824217167,17722193814491545680,13387818372284626416
202409260128,"2024-09-25 17:28:49.000000",169826,42765,169521,169826,24190,1193651,259642,9583307508432117107,10245182359948851973,14132561379115352622,261806196334716462
202409260228,"2024-09-25 18:28:49.000000",170671,42802,170486,170671,24247,1201450,260308,9894313681135753956,5787055034235454454,8077829609473605986,1407326765021985576
202409260328,"2024-09-25 19:28:49.000000",170716,42802,171471,170716,24404,1198410,263222,7322290293177256726,9550560883385808174,4972787547774416391,2998740299097291797
202409260428,"2024-09-25 20:28:49.000000",170695,42802,170692,170695,24512,1198918,264518,5370549093081224832,9168846781308794120,12693038050781687161,3472685264688402917
202409260528,"2024-09-25 21:28:49.000000",153549,41008,153533,153549,22422,1031235,273189,3660492789952449982,7276769589307070172,6681862420601969663,7260122468486852095
202409260628,"2024-09-25 22:28:49.000000",170549,42802,170725,170549,24819,1188827,263800,18203256777439823261,15516014053295557313,12563244824544173445,17358116204513874457
202409260728,"2024-09-25 23:28:49.000000",170638,42802,170530,170638,24771,1203188,265805,13082873544437308518,11943161074931517360,2034300840790710793,1360374959330252087
202409260828,"2024-09-26 00:28:49.000000",149506,40736,149749,149506,22074,983805,287736,10971842058771551387,8643499970422896161,17619892928182026255,3649227928184608787
202409260928,"2024-09-26 01:28:49.000000",170610,42802,171031,170610,24893,1177932,260855,18119269477378452034,17050749689048090152,14876351481609218342,1184722301286554302
202409261028,"2024-09-26 02:28:49.000000",170592,42802,170208,170592,24798,1182004,260172,13761486720123008952,17033984513397050860,3464394368085738531,4880531032925610209
202409261128,"2024-09-26 03:28:49.000000",170606,42801,170847,170606,25015,1183146,263842,15969552009776254388,13506680557151076442,14972449606782014244,12484312734163232992
202409261228,"2024-09-26 04:28:49.000000",152861,41023,153027,152861,22098,1003095,271374,15735274169623949624,16886708719982123980,3539860650821444977,8024614258273110981
202409261328,"2024-09-26 05:28:49.000000",170660,42802,169856,170660,24806,1166479,272712,12532926952536618920,1997091732956779374,13912395979060725201,11412103930220699973
202409261428,"2024-09-26 06:28:49.000000",170598,42802,170178,170598,25037,1183203,263252,18008411364666067305,3721673419908901097,13538091714810692506,13653745788464893232
202409261528,"2024-09-26 07:28:50.000000",170568,42802,170468,170568,25023,1182173,263733,1910463027663537189,7414421859709048027,8529167872971235158,4348030097657655152
202409261628,"2024-09-26 08:28:49.000000",170647,42802,170134,170647,24977,1180288,266637,17521966452411810946,7462573983175684010,3690387467727573940,853648891701049724
202409261728,"2024-09-26 09:28:49.000000",170607,42802,170839,170607,25211,1159782,266270,63065171444665385,13758012223278901667,7829469670605808801,12129005825744430151
202409261828,"2024-09-26 10:28:49.000000",170594,42802,170384,170594,25066,1175606,267765,3132809792328083283,13508927453558087897,17047634556469852387,7732827576614685067
202409261928,"2024-09-26 11:28:49.000000",170638,42801,170571,170638,25092,1187240,266452,2417669152385980322,12112827129211090554,3866336157620498373,17234007510890985441
202409262328,"2024-09-26 15:28:49.000000",170684,42802,170486,170684,24520,1200494,259721,1511321726157349323,11817524207992573099,14042266639433851690,10545620696633867680
202409270028,"2024-09-26 16:28:49.000000",170689,42802,170803,170689,24450,1228574,274821,8566218149170758210,13741126123555052178,8426038313519154602,5205864565792230736
202409270128,"2024-09-26 17:28:49.000000",170721,42802,171219,170721,24464,1210111,259440,3297623263912740529,12715555571450644961,424398675403862010,1214396636366360538
202409270228,"2024-09-26 18:28:49.000000",170697,42802,170755,170697,24498,1214090,260460,1795994626771118769,116004632420992971,10401421960994128466,15003946572130414846
202409270328,"2024-09-26 19:28:49.000000",170746,42802,171186,170746,24655,1216129,259941,5781610870834077818,17062140202719099446,9891043581958181950,4218976188826014816
202409270428,"2024-09-26 20:28:49.000000",170686,42802,169933,170686,24710,1215408,259604,7408853960333759911,17370687372156449101,2952945550188738655,2363656553810648295
202409270528,"2024-09-26 21:28:49.000000",170729,42802,170597,170729,24696,1206214,258313,2102430550245288122,9761814794978997126,1095112972020944833,639365000097902905
202409270628,"2024-09-26 22:28:49.000000",170608,42802,170755,170608,24816,1185579,259751,5268661122076420269,8613830938133518199,12396096167325244027,17030500768930614715
202409270728,"2024-09-26 23:28:49.000000",170658,42802,170167,170658,24596,1171302,282120,6699258270134383043,5981791207373076447,5830690135730925930,16152282163303046396
202409270828,"2024-09-27 00:28:49.000000",170716,42802,170810,170716,24617,1187613,256741,12246561291419391084,12495517919753702858,14227802183404868863,16760442131128195381
202409270928,"2024-09-27 01:28:49.000000",170601,42802,170054,170601,24908,1196401,261735,16453932703005700458,9572348411651129088,2587799054778667891,16865528322450438977
202409271028,"2024-09-27 02:28:49.000000",170699,42802,171522,170699,25026,1194028,257539,3093300099382633093,14902604361252205213,717243739068639964,9927425811461624934
202409271128,"2024-09-27 03:28:49.000000",170674,42802,170865,170674,24886,1188627,258030,14498395209337920209,15571448227365177429,6354477039702399742,6341014832090155072
202409271228,"2024-09-27 04:28:49.000000",170690,42802,170626,170690,24897,1180957,277127,11943923865495394076,179245647230343382,14742306584321283928,6337018449499593996
202409271328,"2024-09-27 05:28:49.000000",170608,42802,170266,170608,24852,1195203,257851,5337166516891476166,12010533261954898606,3443578636097791915,3378754945727756585
202409271428,"2024-09-27 06:28:49.000000",170700,42802,170924,170700,24988,1204808,257981,3624560723446637966,2855253181720858066,11519395209275941998,10978102858394506852
202409271528,"2024-09-27 07:28:49.000000",170700,42802,170241,170700,24813,1185672,257234,7293681482017365091,6957619536738278439,3195011636644346915,3877234778445785681
202409271628,"2024-09-27 08:28:49.000000",170472,42802,169113,170472,24910,1183091,261575,4429328316471323460,2837528298302424032,14711724011316900248,9267233421966969696
202409271728,"2024-09-27 09:28:49.000000",170571,42802,170983,170571,24836,1175731,265949,1791326140394457401,6806752227264263081,4129490112224015365,2738703079430329995
202409271828,"2024-09-27 10:28:49.000000",170514,42802,170850,170514,25154,1184499,265746,15179176906460600230,14426982535152694242,14641423241670957291,9988620954464749105
202409271928,"2024-09-27 11:28:49.000000",170682,42802,170076,170682,24757,1199771,263567,8542993247867746288,5970620706047996926,13478874230056329519,15276133414918339637
202409272028,"2024-09-27 12:28:49.000000",170714,42802,170740,170714,24667,1213759,260471,216403055002695580,5110852786026611398,13562812160960021090,2388947352216145098
202409272128,"2024-09-27 13:28:49.000000",170804,42802,171120,170804,24319,1218696,257039,12355100617712802448,1848956111915830070,18218329576964243340,9403794456264681444
202409272228,"2024-09-27 14:28:49.000000",170723,42802,170821,170723,24374,1216093,256146,15380825816344077055,2153632454375040935,3702539942005638679,6332416110212136645
202409272328,"2024-09-27 15:28:49.000000",170758,42802,170795,170758,24257,1218344,255988,12347102846907045988,8961946493919439896,5335167534499825960,10403718508204193318
202409280028,"2024-09-27 16:28:49.000000",170744,42802,170530,170744,24373,1215847,259304,5241487427031824768,17129920535275668730,8916738065358791910,18367894386099157680
202409280128,"2024-09-27 17:28:49.000000",170681,42802,170663,170681,24281,1220331,263858,15552555570764894388,16811005060780891366,12389752956091926893,8097281109306095437
202409280528,"2024-09-27 21:28:49.000000",170719,42802,171031,170719,24639,1207931,260429,4915018228194869395,17137871590150200277,9815641013919706955,14595946490370606315
202409280628,"2024-09-27 22:28:49.000000",170515,42802,170593,170515,24556,1199730,270480,1884323698178361066,299141011629624312,17704441111831848079,1340110415359589339
202409280728,"2024-09-27 23:28:49.000000",170623,42802,170622,170623,24947,1204795,267507,7771281177018391917,7971540156335303001,3169092251676978308,871546960614852594
202409280828,"2024-09-28 00:28:49.000000",170656,42802,170112,170656,24617,1203952,269754,6765735285819568716,2438689134603849322,7899362401424814380,10384953907543066168
202409280928,"2024-09-28 01:28:49.000000",170595,42802,170519,170595,24776,1197564,273916,11894293222841357380,16033068058712317888,11755161633002463723,4533188684687390351
202409281028,"2024-09-28 02:28:49.000000",170742,42802,171360,170742,24640,1205070,268880,979294987992123210,11708266327834824052,13364449147302195623,18374361259677533263
202409281128,"2024-09-28 03:28:49.000000",170713,42802,170296,170713,24764,1199375,270720,10066589056566549910,3314685379866297996,11091322685089362939,13266629965080606571
202409281228,"2024-09-28 04:28:49.000000",170648,42802,171164,170648,24866,1203198,270428,9492968850649535971,5731180420306926751,17229440249837390213,12202553826590689413
202409281328,"2024-09-28 05:28:49.000000",170613,42802,170296,170613,24770,1197997,269186,972191629963090128,6941230292406804636,4750332332640714625,90050360207818287
202409281428,"2024-09-28 06:28:49.000000",170606,42802,170652,170606,24726,1198683,267810,17113602786591917210,8204372100810174712,4473401816626853309,4216124016951862243
202409281528,"2024-09-28 07:28:49.000000",170568,42802,170586,170568,24938,1197362,267930,12977581424592007746,7243591794119491658,8967998136204943379,13627604349068172877
202409281628,"2024-09-28 08:28:49.000000",170604,42802,170182,170604,24781,1179881,273301,9872656223381786911,2383846376710247433,16561623452471380283,1592586440672575175
202409281728,"2024-09-28 09:28:49.000000",170562,42802,171060,170562,25102,1191075,270926,16056887506223095162,14874686520228476470,3066761939340091119,2115195642571574511
202409281828,"2024-09-28 10:28:49.000000",170657,42802,170589,170657,24898,1193696,272101,11880027064664314415,10402906895572044773,17200978301171828431,4284678950883808691
202409281928,"2024-09-28 11:28:49.000000",170581,42802,170965,170581,24573,1188586,272789,3547953856585324416,12217976051082627206,6434568975913884281,14115295695906200403
202409282028,"2024-09-28 12:28:49.000000",170612,42802,170644,170612,24576,1206409,269189,2409072619669776017,9289299778646578261,7149511513090015651,10256254567418890689
202409282128,"2024-09-28 13:28:49.000000",170644,42802,170689,170644,24526,1207958,268533,8042454770887990623,14535564838857759403,10375041199670134551,4114399033075078929
202409282228,"2024-09-28 14:28:49.000000",170760,42802,170244,170760,24418,1217198,258331,17860244936018219046,4057668099472013982,8655527752727077627,13237566765730117057
202409282328,"2024-09-28 15:28:49.000000",170637,42802,171256,170637,24389,1214533,256583,982315958679955766,15707387595152846444,10337085753325504444,16573957896955223492
202409290028,"2024-09-28 16:28:49.000000",170764,42802,170475,170764,24368,1221250,252381,9175054628573808855,18312857256464605049,1840127530699221731,15209887740339419723
202409290128,"2024-09-28 17:28:49.000000",170719,42802,170644,170719,24522,1219583,255456,12125779817837825258,6405333053623685810,7382414216128639403,15686872984184409843
202409290228,"2024-09-28 18:28:49.000000",170703,42802,170850,170703,24265,1227554,257622,13789480326096960450,16855878126724726706,3378592825287710791,11080139413186239647
202409290328,"2024-09-28 19:28:49.000000",170785,42802,171474,170785,24676,1218879,257216,6479102059481244773,5057246044481101225,16282404876599000751,17569366901047223209
202409290428,"2024-09-28 20:28:49.000000",170714,42802,171167,170714,24560,1214284,258761,13878336205908826956,7270449625226572924,13248047034273892075,12743733548315981229
202409290528,"2024-09-28 21:28:49.000000",170775,42802,170722,170775,24543,1221327,255071,5664650227948323055,14927741145807424523,14671121940939118717,15733741458248613809
202409290628,"2024-09-28 22:28:49.000000",170695,42802,170384,170695,24690,1211795,259824,6487074883069044422,17068623250211321784,12076673493503348243,4848406116203860407
202409290728,"2024-09-28 23:28:49.000000",170683,42802,170098,170683,24866,1210845,261079,6920555265763091454,15044621980512200860,14808303274548523256,4074322770156724758
202409290828,"2024-09-29 00:28:49.000000",170656,42802,170127,170656,24622,1208179,257732,18261996646263932461,5466997751208439929,18087369818842128760,4523538982103623180
202409290928,"2024-09-29 01:28:49.000000",170766,42802,170810,170766,24786,1212271,257582,16671888933350051613,11392623563649979233,15580732166927387634,6756138418314119762
202409291028,"2024-09-29 02:28:49.000000",170712,42802,170847,170712,24899,1207294,257354,15976902958239569373,5624273285452401795,13291857200240911999,5639931706008334119
202409291128,"2024-09-29 03:28:49.000000",170692,42802,170895,170692,24888,1210152,258281,13399492326070154287,13853712009849460165,17616994480522052494,7925351747022190198
202409291228,"2024-09-29 04:28:49.000000",170644,42802,171009,170644,24953,1207283,261363,4124584087670039545,1786377349067394919,3134441173653162214,7289723546003622208
202409291328,"2024-09-29 05:28:49.000000",170603,42802,169732,170603,24929,1210326,261559,2026766301142605894,14256444803819508442,17017260952554157846,137366941619569218
202409291428,"2024-09-29 06:28:49.000000",170708,42802,171171,170708,24730,1209848,261103,5952926641935248090,16067966316740502696,632121487913301536,14302502352548952460
202409291528,"2024-09-29 07:28:49.000000",170643,42802,170435,170643,24894,1209357,259152,15896842946314979545,16553895791082769151,15642426689595825989,10493446180193068847
202409291628,"2024-09-29 08:28:49.000000",170691,42802,169772,170691,24914,1209624,257328,7386574929259762799,5863956350282456949,227761861136069207,9256726353188013057
202409291728,"2024-09-29 09:28:49.000000",170587,42802,170560,170587,25057,1198764,260045,343290869884808572,4059531956421711808,3238903777900770290,15393980876202307174
202409291828,"2024-09-29 10:28:49.000000",170619,42802,171230,170619,24928,1201419,259690,8835732475356970515,1434625268655057091,9649847630827315284,5019741356226240848
202409291928,"2024-09-29 11:28:49.000000",170705,42802,171404,170705,24945,1210197,259650,7956585155997052331,5019564814439373687,4176078758158580766,1538787237232917742
202409292028,"2024-09-29 12:28:49.000000",170670,42802,170409,170670,24730,1211762,262032,11826309794976157994,4280817574333111410,8871970487323809995,6436893795854790389
202409292128,"2024-09-29 13:28:49.000000",170711,42802,170288,170711,24449,1220405,257250,8479248179257989205,2633811625496963579,1648600795187398780,8599788991567924052
202409292228,"2024-09-29 14:28:49.000000",170743,42802,171482,170743,24552,1221091,256468,2117762634126385627,6206718402590550995,17487585810821415543,13065449273894375929
202409292328,"2024-09-29 15:28:49.000000",170682,42802,170347,170682,24469,1217851,259202,7417422026399086097,2759302672390984145,1026040152298499293,14820167473816127975
202409300028,"2024-09-29 16:28:49.000000",170739,42802,170472,170739,24378,1212956,252081,875594649144220811,4970261640608814213,6130259084230715996,14825314405078113854
202409300128,"2024-09-29 17:28:49.000000",170828,42802,170939,170828,24432,1212672,253154,15428262858156825661,13776707252535643895,15865436872323149230,13383866502897129710
202409300228,"2024-09-29 18:28:49.000000",170740,42802,170828,170740,24387,1208721,254626,468206954366345451,6738180696570433729,9722765952359372393,15226620932241476183
202409300328,"2024-09-29 19:28:49.000000",170763,42802,171289,170763,24249,1230847,274669,3423908507052789208,17853595218060550796,12679343358681562373,13348460473817853443
202409300428,"2024-09-29 20:28:49.000000",170702,42802,170961,170702,24505,1202451,256468,11738892778681392356,6123409134522421370,5785890927326729895,3819836826110029213
202409300528,"2024-09-29 21:28:49.000000",170602,42802,170138,170602,24478,1191314,254662,1358588455135258899,8846674192091561675,7766140307773965424,11401323496667777644
202409300628,"2024-09-29 22:28:49.000000",170645,42802,169718,170645,24889,1189691,253088,6066156320395800611,7076785468628014153,3071503993215909677,7471900747844086041
202409300728,"2024-09-29 23:28:49.000000",170579,42802,170358,170579,24854,1183912,256534,1447406842356286603,3961751854229809077,6535143806475623433,8501792314852430175
202409300828,"2024-09-30 00:28:49.000000",170671,42802,170677,170671,24926,1186550,254479,779102643765184306,5598398616938522808,6193865325753963099,11909888235933159021
202409300928,"2024-09-30 01:28:49.000000",170647,42802,170189,170647,24648,1183826,255315,6983990957244692373,12201733611691215553,7261579907240091240,2786321788823550914
202409301028,"2024-09-30 02:28:49.000000",170638,42802,170182,170638,24777,1182766,258333,13239241155200002688,15779768311215500806,4750673109787015262,15398291768966589666
202409301128,"2024-09-30 03:28:49.000000",170486,42802,170523,170486,24925,1171263,262252,10639244047412038480,8153895873902612588,11985994118155964230,9232096908022788278
202409301228,"2024-09-30 04:28:49.000000",170600,42802,170718,170600,24990,1180081,260634,1394870286121081445,6000445218838970191,3351198684760633125,376439581904631713
202409301328,"2024-09-30 05:28:49.000000",170664,42802,170887,170664,24929,1182595,258597,7452435059249880712,15333731606947518684,7430252693104449488,15859697926140893406
202409301428,"2024-09-30 06:28:49.000000",170576,42802,171097,170576,24966,1176469,260839,1621493909784161545,8030978878745139813,2173126314842369596,15393828008631651452
202409301528,"2024-09-30 07:28:49.000000",170633,42802,171053,170633,25073,1169362,257008,578090519751620972,11202339458085050534,17688190323517250479,11057170650596325309
202409301628,"2024-09-30 08:28:49.000000",170444,42802,170769,170444,24940,1170282,261398,14634738240267491955,9995225659464629559,17517915755965802591,2411698298713478929
202409301728,"2024-09-30 09:28:49.000000",170501,42802,170891,170501,24847,1171027,263128,10121382310906871217,10976324455167782709,13651291888045806550,12787326930283497734
202409301828,"2024-09-30 10:28:49.000000",170694,42802,170090,170694,24759,1173488,264639,14690612459156745379,12903267988380876711,18088240003227879361,5885055414057924497
202409301928,"2024-09-30 11:28:49.000000",170634,42802,170527,170634,24882,1176889,263717,6570989303887772330,969660303400551208,6835148979908489705,11892014601441025313
202409302028,"2024-09-30 12:28:49.000000",170613,42802,170906,170613,24619,1183695,262059,5720047909870840934,713342119885550824,6513862851288188937,8361815166588092247
202409302128,"2024-09-30 13:28:49.000000",170684,42802,171031,170684,24163,1193548,254603,15264393449593695176,12477382321454212648,1467891794982819821,7397658741653937255
202409302228,"2024-09-30 14:28:49.000000",170660,42802,170755,170660,24073,1194620,255777,17646813371492048830,2628991058779099470,16063848886316665989,9410445743885619887
202409302328,"2024-09-30 15:28:49.000000",170608,42802,170666,170608,23987,1190653,259201,17595998034543004262,3954816499542311352,16717168484033804005,2225028058441533419
202410010028,"2024-09-30 16:28:49.000000",170687,42802,170861,170687,23485,1195135,250307,5218936479882739114,17277028542100893544,3438210630163794618,6032016088762996274
202410010128,"2024-09-30 17:28:49.000000",170697,42802,171326,170697,23340,1194085,248672,9226801310412535889,9252036738254995959,15961539153752115010,8433059678517327076
202410010228,"2024-09-30 18:28:49.000000",170767,42802,170674,170767,23721,1197021,248436,5743286011189456560,14713407167367277316,7789484765286761288,6634960460754758080
202410010328,"2024-09-30 19:28:49.000000",170677,42802,170490,170677,23640,1197181,249182,8881408253085368523,2732631762622931101,17740949755660336281,2603401623162865493
202410010428,"2024-09-30 20:28:49.000000",170669,42802,171278,170669,23924,1190786,252062,14740061141318863866,5052001047192360530,15832111791286855085,13962057179368340343
202410010528,"2024-09-30 21:28:49.000000",170605,42802,170479,170605,24199,1176616,252567,11171952899225989524,13385500357526526104,14366062859687431491,8503727154623056643
202410010628,"2024-09-30 22:28:49.000000",170588,42802,169962,170588,24296,1177903,252634,5717320644246464629,9703828360646857289,1659436086301983712,14629792057480369834
202410010728,"2024-09-30 23:28:49.000000",170569,42802,170380,170569,24585,1174609,253018,10567468354808495881,2144218355022193377,14922443833968518653,15728834601692720991
202410010828,"2024-10-01 00:28:49.000000",170621,42802,170083,170621,24399,1175816,252202,355053266975093844,18061134392789323626,1749747505075104054,6378346631242221844
202410010928,"2024-10-01 01:28:49.000000",170603,42802,169919,170603,24483,1173598,253546,6851646290474914127,3602496065974203085,6173599107598999149,4993659220672864179
202410011028,"2024-10-01 02:28:49.000000",170605,42802,169542,170605,24722,1172976,253674,6371319837876203313,16242707934831539593,4300105767709140952,9645168275694226246
202410011128,"2024-10-01 03:28:49.000000",170656,42802,171670,170656,24613,1173334,251348,2079486060046898196,18413624309202109124,7821517814467692198,14406687801437030916
202410011228,"2024-10-01 04:28:49.000000",170465,42802,170417,170465,24721,1166569,260655,16969614660628697324,9749576347193722022,1091439932031093558,4696318168938190922
202410011328,"2024-10-01 05:28:49.000000",170474,42802,170200,170474,24712,1158792,261139,10303428195911302867,18428203980533126893,17854417479035412164,7777321835066680206
202410011428,"2024-10-01 06:28:49.000000",170513,42802,170461,170513,24812,1160518,258938,16954493382825828381,1604589207416712423,4426962766862307003,688808080714492187
202410011528,"2024-10-01 07:28:49.000000",170556,42802,170961,170556,24652,1163906,260583,5591486054619647232,16649699803336950364,6455585721817366876,10963799472282447924
202410011628,"2024-10-01 08:28:49.000000",170498,42802,170674,170498,24965,1147346,262878,14473733595172064218,5093967764553656536,17310177152195676095,7041973179677145729
202410011728,"2024-10-01 09:28:49.000000",170507,42802,171267,170507,24947,1162103,259939,12057732160371139089,18205123473201490797,11110779968047299025,11112809134825047737
202410011828,"2024-10-01 10:28:49.000000",170516,42802,170014,170516,24765,1159821,262114,2296231002470092931,14935583042448754873,13597580473868137542,6101325740095239868
202410011928,"2024-10-01 11:28:49.000000",170603,42802,170873,170603,24830,1165929,263855,4931267022416847616,244386005930391392,14178851319268632938,8904146883533966656
202410012028,"2024-10-01 12:28:49.000000",170638,42802,170648,170638,24643,1175046,258613,17842681350114966629,7705898181784388949,8587236112889743921,2450354201894528925
202410012128,"2024-10-01 13:28:49.000000",170619,42802,170655,170619,24476,1180585,257878,14471302564272321947,13599849645230172041,2773905605622019257,3515549639973115589
202410012228,"2024-10-01 14:28:49.000000",170616,42802,170792,170616,24324,1181182,255542,9977335568769973323,15192526966678304969,17031081738764193821,12586308788051284973
202410012328,"2024-10-01 15:28:49.000000",170622,42802,171156,170622,24393,1185696,252328,3397998405268888721,6402616394062836463,4451561648435284781,17989836519025836271
202410020028,"2024-10-01 16:28:49.000000",170642,42802,170402,170642,24443,1186524,250169,13549887473720670513,10324742189782581959,573944891188631008,15311837458376858032
202410020128,"2024-10-01 17:28:49.000000",170800,42802,171260,170800,24223,1198818,257777,9896291374430067448,14156178720184111988,993422655102540552,2254233104871826612
202410020228,"2024-10-01 18:28:49.000000",170800,42802,171693,170800,24420,1211025,259660,1875393937569579524,9181678950333324840,12488071265160860161,7880952818618150569
202410020328,"2024-10-01 19:28:49.000000",170724,42802,170575,170724,24469,1207408,258692,7582187614448142018,16842264794507806624,18352229036465970445,3853071946124357083
202410020428,"2024-10-01 20:28:49.000000",170616,42802,170869,170616,24531,1202895,260667,1801256670127552601,17377654430115313357,2158908628909805855,5397705415482414697
202410020528,"2024-10-01 21:28:49.000000",170634,42802,170560,170634,24554,1207279,256158,8703326223590157018,11919262915431780396,2195945102478053592,17708372429473365142
202410020628,"2024-10-01 22:28:49.000000",170543,42802,170303,170543,24738,1195477,259458,524831432287227892,1709743533700349252,4822149585099003213,5353026434876962243
202410020728,"2024-10-01 23:28:49.000000",170716,42802,170079,170716,24672,1187413,256076,8730680715627697727,8471825266830959665,1648078543789403575,17946149501687076413
202410020828,"2024-10-02 00:28:49.000000",170647,42802,170597,170647,24667,1192241,258998,5574325913406438384,13375601265219825856,1324271280972571577,15161709504214881331
202410020928,"2024-10-02 01:28:49.000000",170628,42802,169853,170628,24669,1188734,265181,9544242016458018337,4939026404820283755,14670873613845104761,9057666641448031965
202410021028,"2024-10-02 02:28:49.000000",170673,42802,170373,170673,24770,1176252,264767,10607097877502332195,4665696491180607819,5499934082765116040,2322732998243208892
202410021128,"2024-10-02 03:28:49.000000",170756,42802,169455,170756,24773,1185778,271998,12996857204044275409,9085814012640607167,11716029598664494230,15022729715784579692
202410021228,"2024-10-02 04:28:50.000000",170688,42802,170582,170688,24779,1179425,262459,5850775723131806524,16423783788685258430,17667504798858608198,1101322781679190350
202410021328,"2024-10-02 05:28:49.000000",170692,42802,170387,170692,24741,1185132,259846,5468406219660314405,9691056282629967861,4800856055451005209,13458775072089695147
202410021428,"2024-10-02 06:28:49.000000",170651,42802,170376,170651,24831,1178804,260402,13848801466383029506,4818197259483346410,1495466195378459059,1703639562260431215
202410021528,"2024-10-02 07:28:49.000000",170618,42802,170979,170618,24861,1180673,260865,6166595140555518618,1050663756670888960,15621687197275130917,12713964439215711035
202410021628,"2024-10-02 08:28:49.000000",170615,42802,170277,170615,25020,1139487,305976,8059134259656184682,5955565910439161632,12759755499834562370,10364681901681196728
202410021728,"2024-10-02 09:28:49.000000",170623,42802,170641,170623,24809,1183161,258842,7035762115625670926,12345861344408608000,9053837360429945242,16131107034271918810
202410021828,"2024-10-02 10:28:49.000000",170525,42802,170505,170525,24875,1164153,277548,6809292648454770964,10694511634381805882,4880780800846529306,3214847189311652976
202410021928,"2024-10-02 11:28:49.000000",170632,42802,170494,170632,25049,1193041,261611,11010576051065182817,7598528422296594427,16914685173093186716,94695018024723304
202410022328,"2024-10-02 15:28:49.000000",170698,42802,170586,170698,24566,1205183,257151,11255490321135221440,9451696070323308016,8938734030894507154,1135479159757237206
202410030028,"2024-10-02 16:28:49.000000",170763,42802,170817,170763,24524,1191271,262611,5237550196328928368,9557262347541721158,10890405482827064130,11053559445922687886
202410030128,"2024-10-02 17:28:49.000000",170721,42802,171156,170721,24546,1205320,258841,14216953716888180756,8290550381449758386,10809171275834379179,8630811830794711453
202410030228,"2024-10-02 18:28:49.000000",170695,42802,170321,170695,24329,1202362,262449,4380557397042768767,12863667814685813349,11862489750993125879,5578952168015564767
202410030328,"2024-10-02 19:28:49.000000",170724,42802,170512,170724,24331,1206267,260999,14151728285383908197,18328271462135748921,7384510939985972564,11329386726322154634
202410030428,"2024-10-02 20:28:49.000000",170651,42802,171337,170651,24604,1201583,263656,18173230906997155187,12767620866834932075,7450417753157724310,90602081619781538
202410030828,"2024-10-03 00:28:49.000000",170674,42802,170924,170674,24601,1182433,260266,17686690690054182678,5983346445908068930,12259097613875119082,13431288585912244908
202410030928,"2024-10-03 01:28:49.000000",170608,42802,170641,170608,24550,1196903,255994,9908996479839532497,113120300923880789,14612076651555863338,7655819886623652266
202410031028,"2024-10-03 02:28:49.000000",170618,42802,170836,170618,24554,1192480,257464,12489503630100158693,10353897694796760731,7004081708203725432,17837990465011145020
202410031128,"2024-10-03 03:28:49.000000",170494,42802,170204,170494,24737,1190289,260564,3981463685024468376,12059568859685655272,17901753706292882877,7979254728610853235
202410031228,"2024-10-03 04:28:49.000000",170559,42802,170843,170559,24664,1182244,258293,17620060589957483839,8745205469993268663,7642980064640983754,10123969872488805144
202410031328,"2024-10-03 05:28:49.000000",170616,42802,170873,170616,24848,1181633,262673,410604017303383092,17561076109633554088,6428996126271391525,17192518590561697667
202410031428,"2024-10-03 06:28:49.000000",170628,42802,170873,170628,24592,1180053,264374,1824925515869971922,9821442695319786422,5112982812996880167,11641500888018502155
202410031528,"2024-10-03 07:28:49.000000",170648,42802,170516,170648,24460,1175031,265336,623859578025340265,13779326572945952361,12767710860083570881,17036833439704434267
202410031628,"2024-10-03 08:28:49.000000",170617,42802,169929,170617,24804,1175268,261937,16174639674095300109,10752604355651067253,5101035582655395191,12352408616968315727
202410031728,"2024-10-03 09:28:49.000000",170478,42802,169568,170478,24794,1168641,266117,10535524856833604522,17243253111804654036,16772284091533107375,17244900724351230687
202410031828,"2024-10-03 10:28:49.000000",170460,42802,170318,170460,25087,1164114,270844,1810493254862804639,15357599678848840273,7083122323759165917,16625351914936297897
202410031928,"2024-10-03 11:28:49.000000",170580,42802,170244,170580,24695,1182033,274928,11674246390905846205,6742813941590251691,14551987851846789677,15203062535674979619
202410032028,"2024-10-03 12:28:49.000000",170581,42802,170208,170581,24860,1145630,315418,4554166248216357082,8957014878894839022,8825010986105950025,2473889559675878659
202410032128,"2024-10-03 13:28:49.000000",170680,42802,170387,170680,24637,1202279,263246,3488362119063717127,10838251286989849869,16146431126758524723,2159809336109184923
202410032228,"2024-10-03 14:28:49.000000",170602,42801,170769,170602,24772,1153373,312509,15006489731684951639,7362843947019608991,13281353604568519230,9552142567437874578
202410032328,"2024-10-03 15:28:49.000000",170757,42802,170010,170757,24552,1211431,256485,15783763298815562959,5900428923523275859,7451380902122028545,18173731942368809411
202410040028,"2024-10-03 16:28:49.000000",170731,42802,171323,170731,24712,1213443,255584,6438518189326545381,905707465386693159,3623274955371125215,8993591753630135655
202410040128,"2024-10-03 17:28:49.000000",170759,42802,171160,170759,24660,1209392,257047,7583614832090985172,4168151136876319606,1114066846891930175,3936867219539207611
202410040228,"2024-10-03 18:28:49.000000",170770,42802,171263,170770,24565,1212711,253147,5708349704080040451,391992666578371835,7004455038744659718,16028715232813328854
202410040328,"2024-10-03 19:28:49.000000",170699,42802,170655,170699,24674,1211631,254900,16742311118100338163,5324048631272357693,3282724817977337035,3286870167367797187
202410040428,"2024-10-03 20:28:49.000000",170660,42802,171648,170660,24713,1201151,262132,6979747543285822296,14436877875806515146,942703089588775905,11270276162019013305
202410040828,"2024-10-04 00:28:49.000000",170620,42802,170373,170620,24862,1147979,298032,16629521459634503515,4296206859052656201,14267938720915671731,9331187884277573033
202410040928,"2024-10-04 01:28:49.000000",170637,42802,170766,170637,24828,1180616,261833,11514427786677640719,6412637449887618319,4893739608661762792,4654790253872883472
202410041028,"2024-10-04 02:28:49.000000",170598,42802,170711,170598,24884,1186012,262510,8221128227324422471,157452153849059661,5783376849573306410,17114051978073727056
202410041128,"2024-10-04 03:28:49.000000",170590,42802,170409,170590,24932,1174411,263759,3234757736441138914,9965090769272771236,2690280466021511545,5214622832123821145
202410041228,"2024-10-04 04:28:49.000000",170706,42802,171241,170706,24858,1188988,253322,697667452780112216,15866056298850448484,8888364804442546378,13041393820353313202
202410041328,"2024-10-04 05:28:49.000000",170651,42802,170920,170651,25011,1178734,260614,12098172865340627135,2691904696450569733,197580795576271126,6002562448022797624
202410041428,"2024-10-04 06:28:49.000000",170565,42802,170553,170565,24960,1179317,263215,15820945036799932761,11692882629134747079,15513608348579414255,12932162552248411785
202410041528,"2024-10-04 07:28:49.000000",170532,42802,170976,170532,24901,1186861,266708,17880478967707656229,1175626155240442861,2856923226176780731,2030547519145008517
202410041628,"2024-10-04 08:28:49.000000",170557,42802,170589,170557,25019,1181103,266916,4365925297037936809,15360460615038285559,11691403952941401556,11446723846181222946
202410041728,"2024-10-04 09:28:49.000000",170439,42802,169470,170439,25242,1177356,262360,10155646336228631957,2973260739325882463,13175378584644934212,13532638964565517966
202410041828,"2024-10-04 10:28:49.000000",170549,42802,170354,170549,25026,1174478,264890,1364627228671207545,6974859854496508137,8897675110586026680,7831321463632522680
202410041928,"2024-10-04 11:28:49.000000",170563,42802,170681,170563,24823,1171146,277152,4009202133865865947,2059649947447496407,6278633914515795664,12659835647697351454
202410042028,"2024-10-04 12:28:49.000000",170627,42802,170677,170627,24766,1191920,264049,130591419277260311,11976334276571505187,8538239403981065486,3463121671570946016
202410042128,"2024-10-04 13:28:49.000000",170648,42802,170468,170648,24728,1197322,264219,9400922152218572472,12193893861811060984,5550020041938521069,16766938983314747971
202410042228,"2024-10-04 14:28:49.000000",170734,42802,170380,170734,24544,1208789,255961,2272310454544079356,12777627784747064556,5084417279808915555,17173745062402703253
202410042328,"2024-10-04 15:28:49.000000",170767,42802,170189,170767,24381,1209582,255081,15200119694216495049,11383292616247425749,3614322751269597877,15359577084599863821
202410050028,"2024-10-04 16:28:49.000000",170733,42802,170703,170733,24161,1206520,259138,16856455314822261742,77985086719485356,13252177100791999601,4147740026486783113
202410050128,"2024-10-04 17:28:49.000000",170760,42802,171057,170760,24298,1205773,254875,17650372262128549452,10037178226612740524,14057225294678110045,7149168936144835009
202410050628,"2024-10-04 22:28:49.000000",170659,42802,171252,170659,24674,1202826,258554,13805259791165895584,16729753926881349492,17058306970568931565,1581201068940794617
202410050728,"2024-10-04 23:28:49.000000",170682,42802,170292,170682,24690,1205000,254479,4109065883705427034,10588495266236942370,4711225440396563139,8160346037043252853
202410050828,"2024-10-05 00:28:49.000000",170689,42802,170351,170689,24718,1200906,253072,379681823175209082,11666288724724523108,13470881510128044965,13326412463661499857
202410050928,"2024-10-05 01:28:49.000000",170652,42802,169455,170652,24585,1188271,256082,8583859069812088603,17769037112973421499,8717736864787222157,4243830704627030483
202410051028,"2024-10-05 02:28:49.000000",170766,42802,171090,170766,24819,1195821,256593,4069846176839925746,8938660154709472620,7666775663365327340,7309030896412134532
202410051128,"2024-10-05 03:28:49.000000",170699,42802,171105,170699,24775,1190845,258201,10319013126746894951,7556201545689318515,946515970449864447,15691747253332939573
202410051228,"2024-10-05 04:28:50.000000",170627,42802,170946,170627,25088,1189018,257466,5606614826486980072,13981330701722163066,12913723797797667728,14357620623018484938
202410051328,"2024-10-05 05:28:49.000000",170614,42802,171094,170614,25142,1182517,260821,12807547676028964663,14854252924173389677,17121823839398524287,3739181134638239191
202410051428,"2024-10-05 06:28:49.000000",170553,42802,171101,170553,25151,1177226,263867,9819518970407387531,7661993446377619617,12261083069707248688,2097265547804605964
202410051528,"2024-10-05 07:28:49.000000",170649,42802,170906,170649,24879,1191509,261129,15214517423850616455,10741935201674902621,6549904860688432476,11664803820374885462
202410051628,"2024-10-05 08:28:49.000000",170512,42802,169893,170512,25153,1175087,261439,16634246265382200520,4264806531292736540,2550493377303138407,1181142755651521283
202410051728,"2024-10-05 09:28:49.000000",170626,42802,170758,170626,24999,1183867,260713,13304714683916119779,10955094212826416787,11510167792079885262,14775234239852384624
202410051828,"2024-10-05 10:28:49.000000",170506,42802,170729,170506,25109,1178511,264913,5551600956126367001,10575942260753922663,17215250785452433102,7374819468834310410
202410051928,"2024-10-05 11:28:49.000000",170579,42802,170758,170579,24883,1181650,265626,5678390133395013829,384198276844061703,3937100527248325388,10561475960233433310
202410052028,"2024-10-05 12:28:49.000000",170608,42802,170972,170608,24821,1191214,262902,7704509913087065054,11171815119605922394,17635747208759280838,9920435167689174218
202410052128,"2024-10-05 13:28:49.000000",170634,42802,170928,170634,24709,1195096,266925,1230003012454388770,1292297831697158386,5832904213586652431,2615769854578703133
202410052228,"2024-10-05 14:28:49.000000",170809,42802,170369,170809,24613,1208866,255402,16062037547182137236,6263660721566158288,15308439406316793195,4943410533071786423
202410052328,"2024-10-05 15:28:49.000000",170652,42802,170120,170652,24679,1167080,297728,1828131555202303938,9439300525521607488,7808134229392864026,11823901548432555622
202410060028,"2024-10-05 16:28:49.000000",170698,42802,170325,170698,24705,1202597,258800,246857111149065790,9442812440619431026,6194219987707131724,2187971393494341586
202410060128,"2024-10-05 17:28:49.000000",170718,42802,169911,170718,24453,1205248,259233,17307659023219665306,3777976431142462360,6716516627114517727,8050092370951387679
202410060228,"2024-10-05 18:28:49.000000",170649,42802,170457,170649,24427,1202695,261431,12995647709903882773,12419580326005462523,2329339855761712076,17607706807957129364
202410060328,"2024-10-05 19:28:50.000000",170706,42802,170153,170706,24471,1207918,256322,14016187051948959281,3356541399327540039,8405055875090091169,7524009621554707049
202410060428,"2024-10-05 20:28:49.000000",170675,42802,170722,170675,24440,1203521,256978,1916820498880512704,3236078227673966692,16531793896821132118,5372860333676032152
202410060528,"2024-10-05 21:28:49.000000",170681,42802,171020,170681,24924,1203198,260086,2487232410325034753,14494800251911577521,2240157798335755274,13327386444538728270
202410060628,"2024-10-05 22:28:49.000000",170700,42802,170417,170700,24605,1199840,262314,3977531099188167967,8757686869473700599,18093131160050186106,1633846267560437402
202410060728,"2024-10-05 23:28:49.000000",170563,42802,170237,170563,24863,1194840,259709,11156937329043452130,1259380229678447796,11093773163689888682,16784181694895392126
202410060828,"2024-10-06 00:28:49.000000",170455,42802,170105,170455,24965,1182130,263380,13255995199975879705,15335014003560392729,11716699813458664094,12140122843386447216
202410060928,"2024-10-06 01:28:49.000000",170550,42802,171204,170550,24756,1193718,262437,13755089225054532160,1248718249882982616,2978923192954982827,212888777409656937
202410061028,"2024-10-06 02:28:49.000000",170634,42802,170755,170634,25010,1192655,259998,15767012511579505173,5279783879749781665,66002479803139960,1564212878740700148
202410061128,"2024-10-06 03:28:49.000000",170681,42802,170917,170681,25017,1188219,263291,17435238534886095652,11127869037827407444,1100966105267336349,5286319790458289021
202410061228,"2024-10-06 04:28:49.000000",170592,42802,169823,170592,24905,1183961,263987,12915191807388919449,2120997207583312857,512849883242270249,6164028378652996623
202410061328,"2024-10-06 05:28:49.000000",170641,42802,170461,170641,24918,1188845,262633,5526127759061052275,11732868169257669263,2028593519948263691,8263098599983877027
202410061428,"2024-10-06 06:28:49.000000",170578,42802,169798,170578,25016,1188015,262791,283886011724376814,15615157821988678376,15104025195732996969,9910819794133034489
202410061528,"2024-10-06 07:28:49.000000",170524,42802,169849,170524,24806,1182192,263629,5189850464426884668,6067870160883839990,2637199728589902610,4122363738707730486
202410061628,"2024-10-06 08:28:49.000000",170585,42802,171860,170585,25173,1183436,265732,10358361343972650265,7615964004881088241,792837612557492385,14679114376172109957
202410061728,"2024-10-06 09:28:49.000000",170520,42802,170670,170520,25175,1177532,264995,2928344445198235070,3073614678587722582,8705006954165665440,12773405469902021384
202410061828,"2024-10-06 10:28:49.000000",170552,42802,170516,170552,25201,1182998,263576,8329792313426987922,7031078068031393806,3922315367732856490,1380589734550654130
202410061928,"2024-10-06 11:28:49.000000",170560,42802,169820,170560,25035,1184573,266218,11057791596730677,6253292003802545979,2869145475515923329,17885238701166746021
202410062028,"2024-10-06 12:28:49.000000",170691,42802,170358,170691,25022,1195233,263479,8662020222019636739,14775911523890096661,3962247273016349248,6687764971817669410
202410062128,"2024-10-06 13:28:49.000000",170672,42802,170762,170672,24741,1200562,261663,6125231342216707343,1932602507075300669,11852056639490713126,18026037080919575232
202410062228,"2024-10-06 14:28:49.000000",170713,42802,171134,170713,24465,1206088,257809,5788087744985541762,10233754701452967932,16787507953017155591,13205234712117972461
202410062328,"2024-10-06 15:28:49.000000",170757,42802,170288,170757,24676,1197380,260865,9348487947204718335,2211574610710651701,2698968493109407225,15319435758793818177
202410070028,"2024-10-06 16:28:49.000000",170809,42802,170865,170809,24430,1208652,251682,1714892662896813107,7712215563091188375,11387736998565568513,10581029140593448917
202410070128,"2024-10-06 17:28:49.000000",170732,42802,171016,170732,24418,1205339,254199,3058149047731318239,58466579810984159,13218346539262618304,4353820459640707154
202410070228,"2024-10-06 18:28:49.000000",170788,42802,170424,170788,24546,1204230,255784,13913531458615448150,16648956805664383082,1307972764504330637,159348462523626267
202410070328,"2024-10-06 19:28:49.000000",170704,42802,172045,170704,24471,1208591,250239,2278986472757023980,18242833032804584842,12932445022692146128,3443424226656195612
202410070428,"2024-10-06 20:28:49.000000",170654,42802,170362,170654,24653,1200356,250633,5598744908560072258,6316697008547349802,14095565494571059748,10169921618394499394
202410070528,"2024-10-06 21:28:49.000000",170706,42802,170109,170706,24825,1192365,254155,3957805093337096074,2429749394047257348,15475095280550796495,6088228726712006953
202410070628,"2024-10-06 22:28:49.000000",170669,42802,170670,170669,24696,1182420,258543,6851953187829016774,13008601553330083990,1765006124817317085,7103185327871463791
202410070728,"2024-10-06 23:28:49.000000",170582,42802,170149,170582,24939,1184157,257437,7094707964772098001,6020909452231049879,789202782044707022,13033873297129022542
202410070828,"2024-10-07 00:28:49.000000",170649,42802,171072,170649,24956,1174233,255778,12085301301150507352,2181178776441767398,12955959417184169651,8004655784202960405
202410070928,"2024-10-07 01:28:49.000000",170586,42802,171072,170586,25056,1170123,263067,17038633771511068852,9768849589627704488,13868476968457923761,15535054043299639115
202410071028,"2024-10-07 02:28:49.000000",170579,42802,170578,170579,24723,1180104,257004,10245774531686868933,10172401242940026707,11446329450978118261,16400910828206243321
202410071128,"2024-10-07 03:28:49.000000",170658,42802,170376,170658,24878,1180250,259631,7560894317914296823,158217025282734863,1656191898678637748,5279258707664511846
202410071228,"2024-10-07 04:28:49.000000",170653,42802,170149,170653,25098,1172690,257878,11078898988103664027,12894770599254004475,1712140868846356862,3445784293424963268
202410071328,"2024-10-07 05:28:49.000000",170598,42802,170519,170598,24931,1167950,257821,15818278729857455809,4933184389407788395,8772598918188525438,16490011676544386330
202410071428,"2024-10-07 06:28:49.000000",170682,42802,170810,170682,24754,1177290,256733,2619473853109211257,12312120536080149661,10250453828323711825,6201216415736832309
202410071528,"2024-10-07 07:28:49.000000",170572,42802,170633,170572,25048,1176157,260250,7666625164751981817,4283315066080654767,2166619826885591258,14999706482311440934
202410071628,"2024-10-07 08:28:49.000000",170523,42802,171371,170523,25155,1166031,263413,483162103928795715,10685004643352702537,9165813577227150991,7762878264701770869
202410072028,"2024-10-07 12:28:49.000000",170642,42802,170633,170642,24818,1186772,261849,11243617357467487257,15682874492785385589,17713416155866164221,712474116586609733
202410072128,"2024-10-07 13:28:49.000000",170710,42802,170332,170710,24874,1192024,263295,1196104817309981685,1737662101689480233,7886389887325497308,3452079053072369604
202410072228,"2024-10-07 14:28:49.000000",170617,42802,170409,170617,24746,1190723,259271,357179857920795342,15110226278886363304,1987843156321094354,3167759606362174022
202410072328,"2024-10-07 15:28:49.000000",170623,42802,169995,170623,24622,1188608,260041,6991891571524008324,1140702760850843176,12227713254189129297,3026170284630788905
202410080028,"2024-10-07 16:28:49.000000",170793,42802,170887,170793,24563,1191586,259335,9662405871712803086,8178871519892381124,17973133597711039125,261809517671012145
202410080128,"2024-10-07 17:28:49.000000",170784,42802,170281,170784,24519,1192195,257333,2869866507187595033,14088693234850947275,692416251225159310,3360535401206670834
202410080228,"2024-10-07 18:28:49.000000",170694,42802,170744,170694,24605,1193012,259299,11436932425511064263,13773412108700902125,10825599191529293604,11462777138693986256
202410080328,"2024-10-07 19:28:49.000000",170763,42802,171323,170763,24579,1195295,256069,14619616019773716418,9287985918173793476,4377767369442731339,9785631120499841037
202410080428,"2024-10-07 20:28:49.000000",170739,42802,170593,170739,24666,1182771,269738,3738746782696480595,8908564684114789849,11456941582017933049,8233494480288485651
202410080528,"2024-10-07 21:28:49.000000",170672,42802,170277,170672,24766,1177331,264358,9227939059038880980,6202229917628642,702659626343004067,12459736604362268697
202410080628,"2024-10-07 22:28:49.000000",170631,42802,170843,170631,24867,1188273,257507,16968911881872685201,13199800599873123525,17394943216646217519,6056914389961429089
202410080728,"2024-10-07 23:28:49.000000",170657,42802,170288,170657,24855,1179224,261700,2653572441491208534,14775014108509099046,2493876157834227460,9226866654730593682
202410080828,"2024-10-08 00:28:49.000000",170626,42802,171020,170626,25043,1166272,261086,8310426377473415838,215056097157053600,10738659218404878512,5728297444113430522
202410080928,"2024-10-08 01:28:49.000000",170686,42802,170869,170686,24831,1178487,263730,18022684340542647709,7775475945702050083,3426858946583412665,13243567989657776979
202410081028,"2024-10-08 02:28:49.000000",170630,42802,169962,170630,24883,1176083,261851,9072495290700217262,7754119098959909914,2931179834846180223,12686566710196408397
202410081128,"2024-10-08 03:28:49.000000",170744,42802,170420,170744,25041,1162745,266324,2886450428080111983,8457231237612635071,8604351627505500187,5087362003580968653
202410081228,"2024-10-08 04:28:49.000000",170589,42802,170843,170589,24943,1170188,265598,6042099122819638342,5802945084951220268,16511320394527016259,7285187018741752703
202410081328,"2024-10-08 05:28:49.000000",170631,42802,171112,170631,24870,1171404,260823,14879263329681558285,1289836395002979625,8607891158658717096,4188482254167292632
202410081428,"2024-10-08 06:28:49.000000",170674,42802,170549,170674,25028,1164236,265485,704677454136569224,17861916707438227042,15380871226973587715,2524773314590289075
202410081528,"2024-10-08 07:28:49.000000",170678,42802,169926,170678,24921,1174571,266436,8390159069139894404,7806340927942256664,7716289100470958068,13275242812705036320
202410081628,"2024-10-08 08:28:49.000000",170582,42802,170920,170582,25216,1170734,266813,15253621737842770351,10674913572163508973,18063997758727725558,7507646620713261160
202410082028,"2024-10-08 12:28:49.000000",170720,42802,169838,170720,25166,1184786,266324,1346518840023384912,6751679785415382772,6197868493083107667,403866725730703775
202410082128,"2024-10-08 13:28:49.000000",170673,42802,171009,170673,24987,1189100,268652,5500176288796934936,4348308618794483170,2084532137596358233,1186333680529224573
202410082228,"2024-10-08 14:28:49.000000",170728,42802,170263,170728,24678,1193745,267521,4047482307095127174,15089734059330574428,12836610205970102833,11630250930728959833
202410082328,"2024-10-08 15:28:49.000000",170739,42802,170755,170739,24648,1192669,269540,13710526559605480634,17388712069321049238,9260759505558854618,5985411709387003748
202410090028,"2024-10-08 16:28:49.000000",170643,42802,169604,170643,24535,1196981,266742,5326714598819109865,7172482543771012915,16225071984399292232,17102270267486884992
202410090128,"2024-10-08 17:28:49.000000",170728,42802,171215,170728,24611,1198454,264997,6319129025673386770,711875051764244040,16216534473177979238,11383614564265130538
202410090228,"2024-10-08 18:28:49.000000",170764,42802,170736,170764,24545,1198061,266456,3101545639361970228,3527271238669798276,8245062570088477316,8767297643834605200
202410090328,"2024-10-08 19:28:49.000000",170727,42802,171238,170727,24718,1196492,265174,9754507310793778822,13279307119846443240,4059112505301980334,13918095911192547892
202410090428,"2024-10-08 20:28:49.000000",170729,42802,171323,170729,24660,1194656,269023,7078880907773224504,17850124781756671604,16704445510896948712,14837344901839780172
202410090828,"2024-10-09 00:28:49.000000",170645,42802,170924,170645,24576,1183126,268872,12970805967937269720,13461890573232254374,11576502527537096869,9151141827474891083
202410090928,"2024-10-09 01:28:49.000000",170700,42802,170939,170700,24782,1184294,264540,11299034700962469719,15451905433944139511,9210062824548858064,6937729614723507714
202410091028,"2024-10-09 02:28:49.000000",170622,42802,170131,170622,25140,1176071,266060,14399393912178068589,9399065714883908489,2653569643715153996,3253922751966832816
202410091128,"2024-10-09 03:28:49.000000",170598,42802,170439,170598,24819,1173778,260889,486640587165489978,15613978357686182006,12602422882643061073,10207696622184286953
202410091228,"2024-10-09 04:28:49.000000",170622,42802,170972,170622,24987,1175071,265300,3419886842880919349,3227294541123797817,2475586498337301785,13617434228061327485
202410091328,"2024-10-09 05:28:49.000000",170631,42802,170090,170631,25031,1173482,265700,14276409902134594358,12108610716164427280,4068463219771217470,12314798331522029368
202410091428,"2024-10-09 06:28:49.000000",170625,42802,170685,170625,24890,1173132,264058,4085124377271644229,14746361882549521613,3581505991282839994,13111082324787892660
202410091728,"2024-10-09 09:28:49.000000",170587,42802,170439,170587,25033,1162725,265479,14425909975043828431,2600938622908043083,14917877041124862207,4840620574161347091
202410091828,"2024-10-09 10:28:49.000000",170642,42802,170351,170642,25104,1166557,264590,10677744409925680990,3983982946061453700,7411864527338129444,4033478984916457402
202410091928,"2024-10-09 11:28:49.000000",170633,42802,170873,170633,25205,1184949,262150,14182819198965863877,14948205237650886073,15232126627898952483,16291050219971106743
202410092028,"2024-10-09 12:28:49.000000",170757,42802,170058,170757,24850,1190978,261432,14744243637913063283,3724142818579829505,12904769534226461963,18427906548132034175
202410092128,"2024-10-09 13:28:49.000000",170676,42802,171090,170676,24802,1181852,263329,82177229546862306,2265826890742616256,14149031473927828344,3521519631603289076
202410092228,"2024-10-09 14:28:49.000000",170574,42802,169875,170574,24688,1185417,264118,6893968260970386792,7974089047545923384,9156521811772788742,8582029408188728298
202410092328,"2024-10-09 15:28:49.000000",170595,42802,171204,170595,24505,1197035,255828,14084347384995096298,15492127558250584352,293443188612753486,14845831588169544390
202410100028,"2024-10-09 16:28:49.000000",170756,42802,170281,170756,24561,1192972,257274,17145571698718777785,12734020362160150851,2044798132644289958,15351234570205064558
202410100128,"2024-10-09 17:28:49.000000",170730,42802,171471,170730,24525,1193979,259557,2069274094900543531,1713466865909489159,6686443420123083038,16306061354876217420
202410100228,"2024-10-09 18:28:49.000000",170768,42802,170604,170768,24483,1200143,254547,5134076349423239809,5451051126548792213,14993696482164273745,5811535674535491933
202410100328,"2024-10-09 19:28:49.000000",170673,42802,170329,170673,24744,1192112,259364,12613823511074104457,11551844401501019257,8224695046366434012,3028242890280877172
202410100428,"2024-10-09 20:28:49.000000",170703,42802,170109,170703,24870,1186321,257203,16234264992970038405,3863909778160473091,12264055405168042950,841388678237047326
202410100528,"2024-10-09 21:28:49.000000",170688,42802,170814,170688,24787,1181561,258064,15783439220594927609,4054682797510560237,17787431700599293399,14096857880069833323
202410100628,"2024-10-09 22:28:49.000000",170637,42802,170740,170637,25001,1180756,257017,14276082870282180879,9495245492324382123,10728517838337053685,16302583360494641763
202410100728,"2024-10-09 23:28:49.000000",170640,42802,170714,170640,24993,1176924,257906,14708455149524508193,5731082306076969793,4273393754645175726,17412556549905082472
202410100828,"2024-10-10 00:28:49.000000",170558,42802,170630,170558,24894,1164617,261388,10438975863416954309,4830719993170291077,4157601472909023996,13405581284951763784
202410100928,"2024-10-10 01:28:49.000000",170613,42802,170461,170613,24734,1169753,260904,15999252975051670929,17109841637250816885,6966044697095018730,18223596116534051524
202410101028,"2024-10-10 02:28:49.000000",170620,42802,170391,170620,24992,1177904,262198,8787704013355794143,6552767369604743921,17684868751057481958,7416533725050648482
202410101128,"2024-10-10 03:28:49.000000",170627,42802,169794,170627,24878,1181028,259033,167864302270184161,13369651562676461077,18177589492360268268,18108669921932063260
202410101228,"2024-10-10 04:28:49.000000",170623,42802,169601,170623,25067,1177890,262535,13419259961584603050,9691298665797118012,14957839224164674799,5096368841586564151
202410101328,"2024-10-10 05:28:49.000000",170711,42802,170788,170711,25308,1180574,261559,16140097536876529861,17440780148963727231,12957853476373796658,5101020758661710194
202410101728,"2024-10-10 09:28:49.000000",170583,42802,170259,170583,25235,1164885,264672,17254231641406538962,1251145475407501376,14915466799904413470,226211869701404
202410101828,"2024-10-10 10:28:49.000000",170619,42802,170365,170619,25170,1170483,260067,12412874982417642109,11001750927624346295,579424002938944217,6665232541408278869
202410101928,"2024-10-10 11:28:49.000000",170594,42802,170976,170594,25175,1177275,262838,11711105723390261692,17203399612253607730,4950603724065318849,1046246234748807775
202410102028,"2024-10-10 12:28:49.000000",170676,42802,170288,170676,24897,1183972,261457,12572276307425973577,11984839578382583391,10300095794632284011,2871904059277129359
202410102128,"2024-10-10 13:28:49.000000",170666,42802,169951,170666,24699,1181352,259514,4597347371886427153,17784684033500635081,15552225830730620833,17176583008519492535
202410102228,"2024-10-10 14:28:49.000000",170655,42802,170519,170655,24871,1182503,264132,120161355534850319,17746876975654745779,3599783883655964397,2559341877108560599
202410102328,"2024-10-10 15:28:49.000000",170724,42802,170652,170724,24683,1186919,262148,2411123391739153730,8422322946332759468,9608023251024300675,10730379219280761451
202410110028,"2024-10-10 16:28:49.000000",170694,42802,171430,170694,24516,1185717,261364,1553694336903248716,11221092237160373380,12176377058355853277,12712356278053057065
202410110128,"2024-10-10 17:28:49.000000",170670,42802,171522,170670,24497,1185440,261097,9348971421015267233,10169702477574446935,8753995249241116479,16537852341629763667
202410110228,"2024-10-10 18:28:49.000000",170691,42802,169729,170691,24876,1189840,258374,12741869119455017991,16376358135384180931,3102844040366239413,16702585293454936443
202410110328,"2024-10-10 19:28:49.000000",170597,42802,170475,170597,24711,1188297,257610,17806969017207307921,16336412255404137167,5955213472001144412,8926885759643043886
202410110428,"2024-10-10 20:28:49.000000",170680,42802,171719,170680,24732,1198890,254832,18322657409426755610,10914099177859221476,8801627489136801847,1045882353465781987
202410110828,"2024-10-11 00:28:49.000000",170555,42802,171060,170555,25005,1177532,260809,3929076351862535473,11157540447775843547,11388412086058496463,5128211837489982445
202410110928,"2024-10-11 01:28:49.000000",170599,42802,169999,170599,25049,1158688,266168,7718969686850068394,3895999983831764788,16742941960807969310,7411462613470062832
202410111028,"2024-10-11 02:28:49.000000",170662,42802,170891,170662,24942,1157968,264153,6577866709840394079,7333747842740479015,14235872874831008477,5857927511359431933
202410111128,"2024-10-11 03:28:49.000000",170531,42802,170439,170531,24993,1156305,262207,10545493287701254767,6201967936679043127,12808804673141827506,587505833644626502
202410111228,"2024-10-11 04:28:49.000000",170609,42802,170010,170609,24795,1162727,262621,12142767675650100029,17584013145795391551,6231740543172207139,10140058073343585589
202410111328,"2024-10-11 05:28:49.000000",170518,42802,170164,170518,24767,1155504,264021,15321341619780421052,3728977576772637948,2554955969651756688,10092748198838812584
202410111428,"2024-10-11 06:28:49.000000",170547,42801,170098,170547,24757,1159160,262029,17516751791552594884,1200258914367041744,12457005125893129552,8833887334634360540
202410111528,"2024-10-11 07:28:49.000000",170627,42802,170519,170627,24882,1169376,265765,6840210846618858662,16319581016492189878,2273628978591237363,18006384068404017223
202410111628,"2024-10-11 08:28:49.000000",170604,42802,170424,170604,24958,1151835,262078,7458563843714728139,12603522125049762553,674797711308728079,3792163472125424537
202410111728,"2024-10-11 09:28:49.000000",170478,42802,171145,170478,25025,1147560,264846,4641545295591187068,17901588428739165624,15186333877872031981,8403926817759253099
202410111828,"2024-10-11 10:28:49.000000",170485,42802,170534,170485,25013,1158502,264918,13638927278441139346,6226942801476147524,541344460029433695,4736686224362905453
202410111928,"2024-10-11 11:28:49.000000",170552,42802,170263,170552,24753,1164694,263596,15298210289574137030,13681194013094523730,490285037589350652,4330815465587953616
202410112028,"2024-10-11 12:28:49.000000",170625,42802,171060,170625,24894,1179613,263926,11432774295054498158,15066075248652494666,15058793521372230,9611237986762313840
202410112128,"2024-10-11 13:28:49.000000",170661,42802,170633,170661,24624,1184336,260697,10253288486166209971,4023419048830751195,11401697468601081875,11081854066089656969
202410112228,"2024-10-11 14:28:49.000000",170593,42802,170777,170593,24541,1184505,260577,10011111179944191085,8528653083007306933,14432572923651263263,1510667635917019575
202410112328,"2024-10-11 15:28:49.000000",170727,42802,171145,170727,24584,1187220,257864,12912199885030709910,3426076996306533772,592054843280105106,4161277753425808388
202410120028,"2024-10-11 16:28:49.000000",170681,42802,170483,170681,24512,1196088,257393,4549598546104144913,10612251210370535661,2981894666602351896,4991307067714659722
202410120128,"2024-10-11 17:28:49.000000",170730,42802,170924,170730,24548,1195803,256444,12511597315070517644,4144791723736750444,8777320220604667795,7673304491593502437
202410120228,"2024-10-11 18:28:49.000000",170766,42802,170571,170766,24566,1195089,256305,16900745988211552716,7634955335358060544,12745906623234226258,14249492356738524880
202410120328,"2024-10-11 19:28:49.000000",170756,42802,170744,170756,24694,1194565,257604,10023366634794015428,14116713186708483780,3617263157297048494,13238119273110312480
202410120428,"2024-10-11 20:28:49.000000",170712,42802,169929,170712,24699,1192703,259119,895121680605742645,1254549211094874613,756110136092929347,96010544538867215
202410120528,"2024-10-11 21:28:49.000000",170728,42802,170549,170728,24681,1192851,254846,8164550330102203050,9967264539997119208,2190976516221292037,3355446680680734835
202410120628,"2024-10-11 22:28:49.000000",170666,42802,170417,170666,25055,1177790,259109,15071789638916113664,1123841968996454484,5372846936464907198,10062794972332421198
202410120728,"2024-10-11 23:28:49.000000",170685,42802,170950,170685,25197,1183030,264043,17485366237197189078,3928881721280524732,2968783564624089420,16118152609932171466
202410120828,"2024-10-12 00:28:49.000000",170550,42802,170274,170550,24868,1181885,262026,12123142117821921941,8823681761904052813,11976983726653519211,15781972494369261359
202410120928,"2024-10-12 01:28:49.000000",170624,42801,170744,170624,24986,1183998,259811,6848527602380057501,14548233959889797677,13888698263068341402,1481791809074881832
202410121028,"2024-10-12 02:28:49.000000",170623,42802,170519,170623,25053,1189462,257121,12319025662520921656,17609998173110527438,16741658561175124119,15958995416045408141
202410121128,"2024-10-12 03:28:49.000000",170571,42802,170987,170571,25012,1180667,264294,4812152593450194842,16175290693165897116,2314655680652047552,4022373491845785442
202410121228,"2024-10-12 04:28:49.000000",170562,42802,171227,170562,24966,1179406,260740,13572819581490585029,14009279702432497181,10314248678600864550,4841319547795443626
202410121328,"2024-10-12 05:28:49.000000",170634,42802,170744,170634,25009,1168533,260659,797309747143742197,6029761889692449083,10490421918354521474,4943637582601804296
202410121428,"2024-10-12 06:28:49.000000",170580,42802,171315,170580,24881,1178730,261893,18007480130815878938,15410347655096662472,4879414199888243436,11951166124597441506
202410121528,"2024-10-12 07:28:49.000000",170690,42802,170707,170690,24979,1171590,258747,8683812142729501462,15009067571908770932,1995358393153205636,14837991603845569224
202410121628,"2024-10-12 08:28:49.000000",170540,42802,170270,170540,24885,1171774,257322,15112137737263628534,10223474185086985054,11759317631481846187,4402968712796390983
202410121728,"2024-10-12 09:28:49.000000",170538,42802,170920,170538,24907,1161963,260822,778272147838018492,11470051613589623960,16956780409813775712,1037889385458204762
202410121828,"2024-10-12 10:28:49.000000",170562,42802,170112,170562,25012,1160661,261421,18405108452113798062,9852445700217622384,18411475538979312438,2424496830627406328
202410121928,"2024-10-12 11:28:49.000000",170638,42802,169922,170638,24994,1171947,267659,9620957200268349822,9661592271820630206,6284569972656866990,9482801278947004184
202410122028,"2024-10-12 12:28:49.000000",170577,42802,170747,170577,24778,1177653,261498,16635012297254457189,4184160348512619947,14360706453647418724,6523390196674165862
202410122128,"2024-10-12 13:28:49.000000",170689,42802,170182,170689,24799,1192010,258590,4704973392055271690,17274670669758543758,8028224877193345801,9479806054267466497
202410122228,"2024-10-12 14:28:49.000000",170752,42802,170538,170752,24505,1193897,252853,4700580540806593950,3676334293971075144,3283614075402159306,495944243046442336
202410130328,"2024-10-12 19:28:49.000000",170611,42802,170733,170611,24578,1191034,258778,10188390629140011572,10373268998725857654,4113500476108789086,526757038961060642
202410130428,"2024-10-12 20:28:49.000000",170656,42802,170714,170656,24844,1189594,260941,16487958937545194215,15985752627090984799,2355120804234279216,5190151306908844728
202410130528,"2024-10-12 21:28:49.000000",170670,42802,170343,170670,24648,1183459,260978,7640401727434402736,7580590461928085728,2000923772136597144,10924506789236013142
202410130628,"2024-10-12 22:28:49.000000",170787,42802,170799,170787,24965,1185852,263748,16633555423389954703,14199229487948807785,14655557959273926533,6577064696376922591
202410130728,"2024-10-12 23:28:49.000000",170595,42802,170589,170595,25138,1172968,261731,14846815638407018290,8362163553833773848,5940827045699311810,8104854419669817372
202410130828,"2024-10-13 00:28:49.000000",170642,42802,170329,170642,24993,1178445,262613,6544403930087931539,643945610166369491,16286308080738030668,16471448406154858440
202410130928,"2024-10-13 01:28:49.000000",170605,42802,170402,170605,24976,1169614,262281,17562845951165941040,9341787083038836666,14075987380513869326,6419298606400850484
202410131028,"2024-10-13 02:28:49.000000",170551,42802,170065,170551,24982,1174155,263433,8719768198736349418,6344199041587568228,9832507495031767041,8397030961624155729
202410131128,"2024-10-13 03:28:49.000000",170617,42802,171060,170617,25019,1168988,266458,13605082706398928706,6827075314092073014,10144474531642974600,7401136091753806630
202410131228,"2024-10-13 04:28:49.000000",170653,42802,171005,170653,24900,1177179,262345,4358707567777486650,11020964117615410756,1677634352781334711,11858834021944205425
202410131328,"2024-10-13 05:28:49.000000",170641,42802,170814,170641,24841,1161150,261022,10171975725288908797,17160804505697312277,12808459330274509117,17966631163597388965
202410131428,"2024-10-13 06:28:49.000000",170622,42802,170744,170622,25015,1167894,271529,8820540421645320229,4545104271912026633,6675157465852516927,558161315485869913
202410131528,"2024-10-13 07:28:49.000000",170502,42802,170314,170502,25111,1166426,263532,16944282374270149837,13547497895563569421,10020731196812120263,1654924151417425737
202410131628,"2024-10-13 08:28:49.000000",170516,42802,170288,170516,25287,1159431,265965,8636153555216592747,4211052536345221121,15933699383350559585,13492450936230941839
202410131728,"2024-10-13 09:28:49.000000",170506,42802,171508,170506,24997,1162866,265785,18047902417281015322,2463345511537942974,9008252292663697927,5073573958065398983
202410131828,"2024-10-13 10:28:49.000000",170601,42802,170663,170601,25184,1159290,267635,17085705096640658177,12736158206443276589,10167163635943968053,8993073501739112655
202410131928,"2024-10-13 11:28:49.000000",170533,42802,170751,170533,24841,1175074,267271,13593254974091939857,15008381478637736009,3596773712189141453,13780007757648480189
202410132028,"2024-10-13 12:28:49.000000",170701,42802,170707,170701,24839,1190671,264062,1055928213416265014,16270771823601737348,11453814215674237119,17834997530559357437
202410132128,"2024-10-13 13:28:49.000000",170716,42802,170655,170716,24832,1194557,260462,335474854264967976,9175827104165268024,7891711950547046216,8658696049270752510
202410132228,"2024-10-13 14:28:49.000000",170727,42802,170479,170727,24678,1185200,266806,5113354070553334848,12512988046039416616,1510428370740112774,3149932439020815656
202410132328,"2024-10-13 15:28:49.000000",170679,42802,170406,170679,24292,1193780,260165,4395795319289123558,1067579827269991792,5021093115046993407,9381800468784494607
202410140028,"2024-10-13 16:28:49.000000",170702,42802,170490,170702,24679,1198548,256830,8730657584568351737,16210476187488431421,2048068649320101227,16257732876636317001
202410140128,"2024-10-13 17:28:49.000000",170644,42802,170861,170644,24557,1195756,259961,2951313166312110515,14917415353304221249,6159964327674257031,13830465422005035645
202410140228,"2024-10-13 18:28:49.000000",170678,42802,170626,170678,24503,1197214,259634,4833265790778486562,3506831547091541100,16358831078695237536,1483871286143009482
202410140328,"2024-10-13 19:28:49.000000",170767,42802,170954,170767,24854,1198007,258961,229605583789530279,3643266035059041525,5394900179406723268,10989171984121271308
202410140428,"2024-10-13 20:28:49.000000",170773,42802,171508,170773,24736,1185705,260443,587879520464768694,4625801334920046646,7093065544824652569,17834256544833699363
202410140528,"2024-10-13 21:28:49.000000",170654,42802,170197,170654,24719,1188161,256226,16648668938313595574,1556930713191188376,14969427756526095556,6284233138350282204
202410140628,"2024-10-13 22:28:49.000000",170618,42802,170641,170618,24735,1167130,258543,748944776273691458,8961915355676820318,3224791121376779181,1491366465702009681
202410140728,"2024-10-13 23:28:49.000000",170649,42802,171356,170649,24956,1178215,255998,3607625637782346251,15527344319467840477,14127375303746267167,10807816062572822973
202410140828,"2024-10-14 00:28:49.000000",170658,42802,171031,170658,24965,1165072,260541,1321734675858138607,17891487123087458841,14277706426074964986,11480279727755029632
202410140928,"2024-10-14 01:28:49.000000",170586,42802,170497,170586,24977,1171716,265859,221056549763373850,16379696752261631554,16312742434868311008,15488389635350723948
202410141028,"2024-10-14 02:28:49.000000",170566,42802,170420,170566,25241,1161747,264416,10424546978209677436,6175350136185508918,12608017211697046086,15521285768499970342
202410141128,"2024-10-14 03:28:49.000000",170630,42802,170395,170630,24944,1166876,264189,5908388530988314036,9404117274803342968,6434098297045748704,3384852445520249484
202410141228,"2024-10-14 04:28:49.000000",170663,42802,170369,170663,25201,1171084,262170,16111953399833392540,1278572180996341730,7862667278001615637,9904548595098717715
202410141328,"2024-10-14 05:28:49.000000",170629,42802,170608,170629,25222,1165705,264696,17016327664264934620,3371562575645484032,7327889487223173600,16683212574363432914
202410141728,"2024-10-14 09:28:49.000000",170612,42802,170325,170612,25314,1164740,267023,17813095989496734577,4386338488209736651,11014737734516450309,11073375304834164057
202410141828,"2024-10-14 10:28:49.000000",170504,42802,170641,170504,25297,1162896,261738,16588564178811029909,14919260568274956813,10819417171484625783,4503123210507045587
202410141928,"2024-10-14 11:28:49.000000",170613,42802,170983,170613,25181,1179431,261941,1902327570774710724,9569720791488008702,9634277371723438822,1248596043484515916
202410142028,"2024-10-14 12:28:49.000000",170605,42802,171252,170605,25112,1178556,262452,7521544096254854723,912547551051158381,5406600906212767960,6571770136167051210
202410142128,"2024-10-14 13:28:49.000000",170597,42802,169944,170597,24820,1181983,264025,15026139377979847876,17765738865319487268,1336797716074286536,2932705920420303194
202410142228,"2024-10-14 14:28:49.000000",170644,42802,171434,170644,24613,1182791,263544,9952498364691399690,4799998415642871852,12770042486383886845,5570279708880897021
202410142328,"2024-10-14 15:28:49.000000",170726,42802,170310,170726,24559,1184226,264202,16386988593221606336,3091195951801723532,9515794340414246311,16792796085978092141
202410150028,"2024-10-14 16:28:49.000000",170696,42802,170873,170696,24637,1187768,262036,17098183344965386974,12548617705686992154,12295320974034751061,6098363312936691317
202410150128,"2024-10-14 17:28:49.000000",170725,42802,170479,170725,24746,1200382,263561,11530125740787552975,3889395233825005535,3488749090055861304,6295202905568080250
202410150228,"2024-10-14 18:28:49.000000",170623,42802,170336,170623,24539,1206980,256637,3967779486826721673,6564275664079343785,1631148572641096185,12567856992108572775
202410150328,"2024-10-14 19:28:49.000000",170715,42802,170567,170715,24677,1209012,257450,13715637517218958347,13378648001064687949,7207367690336253459,4807923795930716181
202410150428,"2024-10-14 20:28:49.000000",170690,42802,171094,170690,24525,1207413,256333,2833883970428099065,5148527187629237633,10764877207625288360,17684710157951520422
202410150528,"2024-10-14 21:28:49.000000",170708,42802,171108,170708,24829,1196030,255787,15916919093899805848,9776165097030004362,16145209703790387781,5855026779812215483
202410150628,"2024-10-14 22:28:49.000000",170633,42802,171086,170633,24724,1195461,257850,17288756178752563719,15214214929027906039,13861787331751523855,3304322008106758807
202410150728,"2024-10-14 23:28:49.000000",170545,42802,170145,170545,24812,1175306,262846,3676622191526861172,17653853137440934454,10133274664218460218,13631401728185991598
202410150828,"2024-10-15 00:28:49.000000",170730,42802,171142,170730,24820,1183392,267301,13369120003886253602,3150451640708540134,5418048688519712836,11655212686573513848
202410150928,"2024-10-15 01:28:49.000000",170662,42802,170773,170662,25086,1177053,267537,1471180818155235372,9504518421577371708,11508278895327719323,10559749614165720665
202410151028,"2024-10-15 02:28:49.000000",170583,42802,170928,170583,25110,1172489,264297,12502055929341553645,6923163064432578321,12285907494631107404,8295823246465875060
202410151128,"2024-10-15 03:28:49.000000",170651,42802,170519,170651,24960,1179467,261423,12984775434327880344,8441731947166009282,4497557941498505674,2573480189318995402
202410151228,"2024-10-15 04:28:49.000000",170666,42802,171001,170666,25092,1173780,260810,4185034850973176516,16297650973031394650,17890718237493996038,1487099774877741730
202410151328,"2024-10-15 05:28:49.000000",170664,42802,170957,170664,24878,1171568,275345,17755246242539645315,11272917579039664179,10319212918655199800,14677678761263588690
202410151428,"2024-10-15 06:28:49.000000",170688,42802,170747,170688,25201,1172760,276973,12059024114093646466,13949749930684033378,1593129997095272495,6571943620312116941
202410151528,"2024-10-15 07:28:49.000000",170606,42802,170943,170606,25209,1173360,266134,12899622057566457408,17708286423658622206,14485712758402545276,1089113600474643788
202410151628,"2024-10-15 08:28:49.000000",170600,42802,171020,170600,25279,1173622,266522,17960000198699586274,1867186688737938594,8578341826719490449,7802477064680749745
202410151728,"2024-10-15 09:28:49.000000",170554,42802,170567,170554,25146,1160338,270755,14790263839115515646,11841949560933402054,5850509148879424532,17881210983993215380
202410152028,"2024-10-15 12:28:49.000000",170711,42802,171072,170711,25060,1199431,263094,14274510391755617731,12276278995108158967,12791252614001306163,16167603588435122687
202410152128,"2024-10-15 13:28:49.000000",170661,42802,170714,170661,24891,1197285,265434,8377757748914380658,10142796201352696130,5845612089878091275,9759488272515241963
202410152228,"2024-10-15 14:28:49.000000",170637,42802,171009,170637,24851,1196357,272690,15338402669910233136,15231890959251328438,996669193228870843,2364012234041965231
202410152328,"2024-10-15 15:28:49.000000",170701,42802,171241,170701,24643,1226467,286860,6655621753062420480,10039083200027014334,11642116820686956001,9326093399755057027
202410160028,"2024-10-15 16:28:49.000000",170662,42802,170578,170662,24638,1226613,285653,17134151747028591970,4722269850959299964,6741873523942620202,16375470931277695894
202410160128,"2024-10-15 17:28:49.000000",170586,42802,169908,170586,24578,1219493,282832,8620510407818315717,10648356550779854127,14152427152534171716,3358841138031108980
202410160228,"2024-10-15 18:28:49.000000",170660,42802,170803,170660,24769,1199304,261343,12526240587009933378,9063443103069885364,16588232978672430580,8352367881858589522
202410160328,"2024-10-15 19:28:49.000000",170737,42801,170021,170737,24658,1200919,262832,14826058767645975400,3561238031945994068,6370185488118459852,8121492030306795136
202410160428,"2024-10-15 20:28:49.000000",170605,42802,170861,170605,24721,1210529,265738,3106242607776860186,17231410810077608194,6536660993687854511,11684110428999190327
202410160528,"2024-10-15 21:28:49.000000",170709,42802,171356,170709,24563,1191599,263773,13282167422788314276,5717414772211659958,14718664398317160211,5024531650998500441
202410160628,"2024-10-15 22:28:49.000000",170637,42801,169634,170637,24707,1191515,262640,5876073923354383628,14443015257792088826,15064536108046549495,8209372745670355775
202410160728,"2024-10-15 23:28:49.000000",170622,42802,170861,170622,24935,1178070,262989,15108565995496302994,10052574511633693642,14351358706112606312,13884148146773313268
202410160828,"2024-10-16 00:28:49.000000",170625,42802,170972,170625,24855,1172751,261099,3836647446393682302,3954293629418663718,2887367270486673833,2367921516450513641
202410160928,"2024-10-16 01:28:49.000000",170612,42802,170542,170612,25058,1176906,265774,6759714909165197631,15707310782913914669,13138983390645701086,10424490026429907152
202410161028,"2024-10-16 02:28:49.000000",170614,42802,169973,170614,24924,1183991,261408,15441876766056704807,16747769744416266365,14707726833869062301,2475701342159839315
202410161128,"2024-10-16 03:28:49.000000",170582,42802,170946,170582,24978,1184702,261011,10424108212362568718,12626688915855394346,5432687710365653685,17471448502068524121
202410161228,"2024-10-16 04:28:49.000000",170650,42802,170718,170650,25260,1177849,260686,15179730233446286983,6474195995726954177,757119871952385910,16430540551326264164
202410161328,"2024-10-16 05:28:49.000000",170627,42802,171035,170627,25132,1176695,262991,7899376401940246296,6973180413169927696,9241796952075797642,18199096614462777940
202410161728,"2024-10-16 09:28:49.000000",170504,42802,170578,170504,25228,1167533,265497,14484137426969858908,15482613911673441086,1439570281394072167,396209622300344573
202410161828,"2024-10-16 10:28:49.000000",170586,42802,170622,170586,25184,1179028,266629,7787579269446010074,2555613802167672466,1942710807480820565,2496888492104679551
202410161928,"2024-10-16 11:28:49.000000",170652,42802,170420,170652,25144,1184170,265305,8141372268600538054,517203715911463462,2037648342998564048,5363075689582581434
202410162028,"2024-10-16 12:28:49.000000",170736,42802,170208,170736,25118,1195341,263287,17538739467934965585,127228955886116901,9772474838912017573,2473969967792332727
202410162128,"2024-10-16 13:28:49.000000",170676,42802,170902,170676,24398,1197553,260730,15094442266366529650,9223663487571718816,1036625711702249547,7631454719938711657
202410162228,"2024-10-16 14:28:49.000000",170683,42802,170233,170683,24674,1195107,255609,5470527496727656722,18115439686036893596,2121901785854187335,2154232012808109173
202410162328,"2024-10-16 15:28:49.000000",170606,42802,170788,170606,24327,1199180,261412,14771464433481061855,16424214292597158227,7455102877535754654,5919707782120810348
202410170028,"2024-10-16 16:28:49.000000",170640,42802,170954,170640,24647,1190914,261016,17195795516145201080,17034826532389304768,3688409418440601710,2832146584290011402
202410170128,"2024-10-16 17:28:49.000000",170715,42802,170990,170715,24776,1200600,263605,16284179732255405612,8415354906724154994,17604461571076387960,1857646910310778860
202410170228,"2024-10-16 18:28:49.000000",170695,42802,170784,170695,24844,1197132,265600,5563644034888242028,14577876358271511500,4636923136711892231,391321312234727713
202410170328,"2024-10-16 19:28:49.000000",170732,42802,170641,170732,24453,1201471,261158,7377992473876557471,7950500246531066913,7800364530038719455,7984956524393941515
202410170428,"2024-10-16 20:28:49.000000",170804,42802,170876,170804,24701,1197355,262920,4554484093395684525,4939259125424577741,6246281097413017321,17465403091346178847
202410170528,"2024-10-16 21:28:49.000000",170634,42802,170777,170634,24974,1192790,263706,7394422045758801790,13122916477177234954,12379574312109461014,6565789564656301264
202410170628,"2024-10-16 22:28:49.000000",170587,42802,170689,170587,24885,1183975,269313,501260126644024498,4898603426317063320,18355981763360759820,1223458852498364262
202410170728,"2024-10-16 23:28:49.000000",170636,42802,170615,170636,24855,1181511,263091,16344117316691964163,10324409174748812251,227961946093238867,1766433909907667805
202410170828,"2024-10-17 00:28:49.000000",170675,42802,171300,170675,25009,1174809,264446,5080306179032178150,17535980703409170562,12373570215423077219,3679448811029692527
202410170928,"2024-10-17 01:28:49.000000",170567,42802,170497,170567,25041,1172016,270085,10378737880340513023,12889555152569162321,17872698979199716481,5112330335949885325
202410171028,"2024-10-17 02:28:49.000000",170625,42802,170222,170625,25031,1168507,266111,2671726715301627105,732136534217785553,356619597866992829,1886167732297371891
202410171128,"2024-10-17 03:28:49.000000",170666,42802,171249,170666,25015,1180066,265545,1155223779434213651,7472898823537543025,11155580537225521660,16376547077088182718
202410171228,"2024-10-17 04:28:49.000000",170634,42802,170336,170634,25000,1173048,270111,6930618802317717987,9847760013000226061,11728844713435609602,13963185872371393366
202410171328,"2024-10-17 05:28:49.000000",170576,42802,170553,170576,25050,1163223,270197,9302252521446970250,15476437189608141044,17480991881807184162,14564625680765888362
202410171428,"2024-10-17 06:28:49.000000",170523,42802,170810,170523,25246,1177542,270621,5809414056966868123,8715697046212313513,16748287508170622375,3716169682257177645
202410171528,"2024-10-17 07:28:49.000000",170567,42802,170266,170567,25030,1170415,267270,15625148126209135266,7147203600613932446,10751796940141418695,12018794094626868473
202410171628,"2024-10-17 08:28:49.000000",170559,42802,170186,170559,25406,1158695,267888,15423637089631399493,16447741218012434825,8564898995228765544,12527912120490580640
202410171728,"2024-10-17 09:28:49.000000",170453,42802,170828,170453,25394,1152746,271852,749878104986836595,3040731958768397697,1264573307828363780,15135277567031539884
202410171828,"2024-10-17 10:28:49.000000",170482,42802,169521,170482,25060,1160290,269959,5896813325520424669,14515803589167607911,13464347804208412622,2907070348636141576
202410171928,"2024-10-17 11:28:49.000000",170545,42802,170817,170545,25152,1179119,274352,3997643154807151474,5811963072753828232,3597525362522140820,9978420531868747420
202410172028,"2024-10-17 12:28:49.000000",170497,42802,171227,170497,24840,1183277,272050,11726453006527127210,6174905644459668534,2999526052077917232,17604547832809923768
202410172128,"2024-10-17 13:28:49.000000",170568,42802,170659,170568,24928,1178422,267108,7746477095030321839,7018845294860782261,12491098053372348695,14141256926989922931
202410172228,"2024-10-17 14:28:49.000000",170678,42802,170519,170678,24840,1196239,265234,701146245301582316,8140327799072708672,7032820947098861647,10810015642413778699
202410172328,"2024-10-17 15:28:49.000000",170668,42802,170909,170668,24816,1197173,265410,10811718425770175894,11948685692807761194,5861415996417665500,10924187220341840524
202410180028,"2024-10-17 16:28:49.000000",170755,42802,171197,170755,24740,1199908,258509,11449654669200942291,16429702399227065997,344224417006036500,7713384910227496802
202410180128,"2024-10-17 17:28:49.000000",170700,42802,171419,170700,24723,1199464,263624,26214085380602278,12347176258523854816,12679417785221082080,4449103937138173240
202410180228,"2024-10-17 18:28:49.000000",170689,42802,170047,170689,24788,1196701,264738,5465602709712872911,10445350573424905933,12171273878758046367,176334250627240543
202410180328,"2024-10-17 19:28:49.000000",170653,42802,169791,170653,24750,1195022,264452,7486846733128091949,14213682860217686691,15276763744011104556,4930026805577612976
202410180428,"2024-10-17 20:28:49.000000",170723,42802,170655,170723,24658,1192659,260922,12472201659439835926,3753865498001644944,17132982412100397944,11659432840595698038
202410180528,"2024-10-17 21:28:49.000000",170700,42802,170773,170700,24783,1194904,264785,5749151164872420013,12885269782058807513,17094523501152271833,11270272214721894107
202410180628,"2024-10-17 22:28:49.000000",170641,42802,170442,170641,24961,1192498,262381,18294901817756714780,15937097756348244980,13274309293423604473,13014712161170938819
202410180728,"2024-10-17 23:28:49.000000",170625,42802,170666,170625,24815,1175339,262910,9402336186344338100,16189422162575465808,6954878337679353657,17531824495332789255
202410180828,"2024-10-18 00:28:49.000000",170642,42802,170998,170642,25101,1173078,264456,14724696152730647560,7707884040635962552,6501601647724138860,6360645852651959012
202410180928,"2024-10-18 01:28:49.000000",170582,42802,169944,170582,25084,1176450,267172,12412458530544145018,10321503811128358082,16351654686749194347,1841183262207287
202410181028,"2024-10-18 02:28:49.000000",170640,42802,170722,170640,24922,1184577,266346,3853305060047131737,65542122440396241,16812231803791630398,9913164872954876288
202410181128,"2024-10-18 03:28:49.000000",170682,42802,170615,170682,24887,1173877,266721,8169809773991531400,6710823752986713256,17456531252577433742,4484888100508343622
202410181228,"2024-10-18 04:28:49.000000",170589,42802,170123,170589,24823,1173063,268006,14526905877061580528,18338302882324628300,13303254228996107164,2939483013506167292
202410181328,"2024-10-18 05:28:49.000000",170680,42802,171256,170680,25069,1179467,267872,16057410478293461372,11415028801619666004,9034816537387576632,7886781466626573170
202410181428,"2024-10-18 06:28:49.000000",170635,42802,170630,170635,25273,1163249,267799,14436169068984457485,3047259160411832403,13715694782234032906,14409600589265724386
202410181528,"2024-10-18 07:28:49.000000",170561,42802,170189,170561,24886,1170845,269358,7833615509533018828,16918213539135861272,16243665999016216159,13553248269066476917
202410181628,"2024-10-18 08:28:49.000000",170487,42802,170663,170487,24920,1157469,270702,7183687914822264745,5680994415387763663,15710597370688783641,12165137807302477761
202410181728,"2024-10-18 09:28:49.000000",170540,42802,170277,170540,25136,1157800,272017,7824856190528603879,15185410239405673545,13573548157866315296,6943952291264509040
202410181828,"2024-10-18 10:28:49.000000",170516,42802,169999,170516,25093,1162800,272090,3443263123151567702,16548216176238786578,11909386471918046870,14856700528157591496
202410181928,"2024-10-18 11:28:49.000000",170530,42802,170219,170530,24879,1173694,275568,2857365619924090231,11992604879190073427,3972028357856329090,12831388888795063208
202410182028,"2024-10-18 12:28:49.000000",170696,42801,170450,170696,24758,1188022,269594,9645207315615766508,4678799599797491634,491977568802365776,11543220567189551816
202410182128,"2024-10-18 13:28:49.000000",170648,42802,170626,170648,24848,1192096,268476,78651506893584444,8461227294632975178,7945240459045658891,15497878595542152509
202410182228,"2024-10-18 14:28:49.000000",170672,42802,170766,170672,24638,1198449,264732,3975285210659618263,16235609933792745679,15246887596421243131,11113352617773505847
202410182328,"2024-10-18 15:28:49.000000",170641,42802,170516,170641,24637,1190281,270153,13170130450560075075,8262133618337097401,12941878194903903695,6841929021819558979
202410190028,"2024-10-18 16:28:49.000000",170800,42802,171105,170800,24399,1225735,280886,7570094021591246796,3971246861070529366,16593058098735033902,10689658123579721032
202410190128,"2024-10-18 17:28:49.000000",170694,42802,171083,170694,24643,1209386,268932,11915604199354452668,8214001161465281470,2104593453011607250,2079597114983594310
202410190228,"2024-10-18 18:28:49.000000",170754,42802,171419,170754,24556,1222163,274928,10846224314031096529,10945095651892909427,16332851928327539025,8839074575685705399
202410190328,"2024-10-18 19:28:49.000000",170616,42802,170663,170616,24741,1201917,264577,5198216902628116506,8212063638528774458,93021653234341203,1527745528350535487
202410190428,"2024-10-18 20:28:49.000000",170725,42802,171120,170725,24735,1204722,261722,8240115079203000132,1023455142211959486,16756587389559832850,17839825030131650608
202410190528,"2024-10-18 21:28:49.000000",170778,42802,170600,170778,24812,1207250,264257,13839338065087157391,6548281204404478321,5343573300403524752,5860673538613089892
202410190628,"2024-10-18 22:28:49.000000",170639,42802,170641,170639,24870,1197072,265395,6022052960412219680,9677894754550337586,8980572289176169966,11069431041281438848
202410190728,"2024-10-18 23:28:49.000000",170650,42802,171704,170650,24781,1197077,263223,16991842660801879739,16552471820444023863,17772870745880512454,9193368502595829020
202410190828,"2024-10-19 00:28:49.000000",170581,42802,170145,170581,24904,1184816,266997,16086176674709197039,7184005904107773365,10784370512050106437,10855622748704086447
202410190928,"2024-10-19 01:28:49.000000",170618,42802,170134,170618,24937,1186855,265692,12454598280051588269,14940394853818076491,12179244973296875663,6379587458477539885
202410191028,"2024-10-19 02:28:49.000000",170497,42801,170120,170497,24978,1182901,268859,14169656040419889279,11408137899763434089,12629842544619545244,11438821967846614348
202410191128,"2024-10-19 03:28:49.000000",170580,42802,170659,170580,24808,1190786,267093,716335614416294484,4567906517621399654,12101929227315598052,4262864892476714620
202410191428,"2024-10-19 06:28:49.000000",170646,42802,171138,170646,25294,1185128,267467,3282985778940195213,16257479218807441745,1314450060944844837,10266361381001484999
202410191528,"2024-10-19 07:28:49.000000",170590,42802,169864,170590,25213,1176895,269699,2811786095521040423,8536787063465764003,3456932029578958951,16308229085143452363
202410191628,"2024-10-19 08:28:49.000000",170569,42802,170461,170569,25187,1182315,266386,1901583053263660681,7844629544847151533,4875015087435275505,11902164156654077013
202410191728,"2024-10-19 09:28:49.000000",170557,42802,169634,170557,25065,1156538,268956,3704875250787019446,1502170888220199108,14805490778120153444,2747390970222084942
202410191828,"2024-10-19 10:28:49.000000",170560,42802,171094,170560,25058,1174905,267525,2866090415428915644,8285149466287708478,9695752760495255820,15320498525516842226
202410191928,"2024-10-19 11:28:49.000000",170612,42802,170762,170612,25108,1184679,267152,15604610327737312690,9786447234899387226,13552710798540797116,8551126838068573850
202410192028,"2024-10-19 12:28:49.000000",170629,42802,171426,170629,25050,1188635,267450,11650050329190664236,14918565231456952208,9825082405717255345,3047841364101623831
202410192128,"2024-10-19 13:28:49.000000",170700,42802,170211,170700,24768,1195519,268410,155978750342091245,7810429646256938241,16957118854496644595,16095046533449731527
202410192228,"2024-10-19 14:28:49.000000",170712,42802,170655,170712,24904,1200966,265597,6400002434433652720,14452944195659268942,5591971804286862462,1608315992910225372
202410192328,"2024-10-19 15:28:49.000000",170731,42802,170736,170731,24504,1208043,261697,16937184361260287125,5989017500150307127,2222985124666792237,8244052106096157729
202410200028,"2024-10-19 16:28:49.000000",170678,42802,171083,170678,24677,1203392,265701,15906119783550955511,8324966852575803313,11469009649330182254,8209006698714415850
202410200128,"2024-10-19 17:28:49.000000",170706,42802,171241,170706,24641,1193254,269514,7986318657992317591,14686865875509658111,8526520320877977961,1665826741438419403
202410200228,"2024-10-19 18:28:49.000000",170719,42802,171208,170719,24413,1207248,269026,8189338767092934369,6271708409187538365,13313763133558523278,10926436848916512804
202410200328,"2024-10-19 19:28:49.000000",170634,42802,170714,170634,24530,1194600,267233,16932099552150198599,11063199322696813547,4153050386051584080,4056467781337176662
202410200428,"2024-10-19 20:28:49.000000",170691,42802,170318,170691,24675,1196002,267324,10740226489447821238,17528622642979405872,2024666417722712111,686660696191446875
202410200528,"2024-10-19 21:28:49.000000",170612,42802,170564,170612,24830,1192249,271207,625006323130314654,16368342833032733102,10527411194321941810,11683718233816480406
202410200628,"2024-10-19 22:28:49.000000",170648,42802,170895,170648,24809,1194156,266761,12319484471807692227,16789453139436898565,14486930377741217001,583737508094068321
202410200728,"2024-10-19 23:28:49.000000",170643,42801,171031,170643,24979,1181352,268113,9766262318724650258,11144478585194133900,14167758229416998198,13848093338653753362
202410200828,"2024-10-20 00:28:49.000000",170611,42802,170578,170611,24984,1182351,265924,11093321168064267322,13812140094783063806,5837632346211046591,3549246150676782179
202410200928,"2024-10-20 01:28:49.000000",170609,42802,170736,170609,24919,1181343,270038,3447689322488841046,18174054854289280390,5901722642181373429,5595871462087934317
202410201028,"2024-10-20 02:28:49.000000",170640,42802,170873,170640,25032,1185205,264773,16875840817773926876,8600183679053010008,13958343045226053454,9680212129805599880
202410201128,"2024-10-20 03:28:49.000000",170594,42802,170072,170594,25016,1167788,272222,16221390120178938784,12989847578292073318,12132622893862949333,12496514579579246653
202410201228,"2024-10-20 04:28:49.000000",170592,42802,171090,170592,24841,1177859,271515,16974557227540936663,17249506602254173721,16386939291706971644,1943260987427930950
202410201328,"2024-10-20 05:28:49.000000",170459,42802,169699,170459,25078,1172303,273079,6162108436695165024,16973844856709489846,962194266248187240,8642513636871209926
202410201428,"2024-10-20 06:28:49.000000",170631,42802,170549,170631,24855,1181516,268426,13477237956685318321,5149102838666598809,12534706256502217744,17038416413171669292
202410201528,"2024-10-20 07:28:49.000000",170410,42802,170784,170410,25035,1171374,270312,3319634866603064844,14252934617192042148,18339132833231530099,2277367144309822651
202410201628,"2024-10-20 08:28:49.000000",170445,42802,171153,170445,25247,1163773,278331,1473714981817958573,1434707062333848809,2856630148922771318,15746057178398060640
202410201728,"2024-10-20 09:28:49.000000",170461,42802,170398,170461,25212,1168118,276417,6431426264839902314,12348193746032750368,17785304900253593422,4426084751423451988
202410201828,"2024-10-20 10:28:49.000000",170504,42802,170575,170504,25125,1177337,276120,13061736887451085574,15468633386231501622,16461798788550923341,12573754558488458067
202410201928,"2024-10-20 11:28:49.000000",170618,42802,170604,170618,24837,1189760,270543,925400815484949320,14506247663355787738,11542989766158850547,6495361573023059491
202410202028,"2024-10-20 12:28:49.000000",170633,42802,170475,170633,24857,1193031,275835,9517689562827865024,13970174562412127468,5101416678476025201,16567502743755796645
202410202128,"2024-10-20 13:28:49.000000",170672,42802,170593,170672,24975,1203807,266688,5207185873910121382,449007475594424156,13155735664470311450,1949958857825260170
202410202228,"2024-10-20 14:28:49.000000",170657,42802,170354,170657,24725,1193956,273847,13885931883994939787,16415006875824410539,14307488536800799215,7084894085807359941
202410202328,"2024-10-20 15:28:49.000000",170553,42802,170725,170553,24761,1186554,269768,14968114986385339769,17570529519566742643,5815933954537630639,15445068651361907303
202410210028,"2024-10-20 16:28:49.000000",170652,42802,170149,170652,24698,1194429,268901,6899906385710704452,13474777103446983402,3339918120621960960,14079534125616189352
202410210128,"2024-10-20 17:28:49.000000",170670,42802,170340,170670,24602,1195586,267818,6103976278924822831,8340739997439715103,8485859522784160807,875486191273756911
202410210228,"2024-10-20 18:28:49.000000",170711,42802,170508,170711,24574,1196418,265383,1432546718422863283,1422730571863989281,11596115108986911853,14169248476478673117
202410210328,"2024-10-20 19:28:49.000000",170720,42802,170564,170720,24576,1191354,267964,11723943936506574936,10819109034550664216,5898100145630572259,11625380386412947559
202410210428,"2024-10-20 20:28:49.000000",170643,42802,170461,170643,24635,1182819,267830,1091461749247135477,9105616662880861925,17442735881339103738,11951609167874471482
202410210528,"2024-10-20 21:28:49.000000",170570,42802,170380,170570,24724,1181048,268535,12415043166577605318,17470657433911368238,10935983506474770211,16838795464039314073
202410210628,"2024-10-20 22:28:49.000000",170601,42802,170329,170601,25232,1177388,268833,5053885518651765665,5741792940073660887,806371835086797995,7647636276187222565
202410210728,"2024-10-20 23:28:49.000000",170638,42802,170523,170638,24845,1165239,269241,9238368170460380607,17608584204526832127,9918754066954550761,2235076591764969265
202410210828,"2024-10-21 00:28:49.000000",170617,42802,170325,170617,25001,1165227,267070,16825968292731426689,13531454529866813521,13605578038994331753,15036883345842283793
202410210928,"2024-10-21 01:28:50.000000",170557,42802,170208,170557,24834,1161629,269899,14203248498646924576,18291595728248426742,8373255793249411331,18088714303539670747
202410211028,"2024-10-21 02:28:49.000000",170551,42802,170072,170551,25044,1168466,267281,14757918671396214676,11470694519203712856,14252927248390315070,11199030577580482740
202410211128,"2024-10-21 03:28:49.000000",170628,42802,169813,170628,25045,1161157,271669,15817628620101922346,6318012175406641620,1311994113929773358,18182186023434812298
202410211228,"2024-10-21 04:28:49.000000",170588,42802,171031,170588,25022,1162203,273895,10391884543951087940,18158225739782014562,1535158491183407613,12067347727840604673
202410211328,"2024-10-21 05:28:49.000000",170607,42802,170839,170607,25192,1162115,273874,17404559422252920154,8532548125378627166,9477003308583055230,14005813400147522682
202410211428,"2024-10-21 06:28:49.000000",170649,42802,169908,170649,25457,1171945,272583,4502052456858154421,9279482128374029647,14872377353274753264,11538276612951122864
202410211528,"2024-10-21 07:28:49.000000",170408,42802,169608,170408,25357,1151716,275145,3461971336674447642,2847015311546499388,11724418513008538094,2341774906376620470
202410211628,"2024-10-21 08:28:49.000000",170493,42802,170843,170493,25268,1146359,276007,4281707523437720979,11346178252693900139,11321481411778545714,903458102997309504
202410211728,"2024-10-21 09:28:49.000000",170539,42802,170109,170539,25373,1123583,295265,7215703897774492707,94805739779943417,5788201368421739518,2290531208759155380
202410211828,"2024-10-21 10:28:49.000000",170570,42802,170398,170570,25382,1162842,281742,14206765266769396707,14966838295220778169,1753063250570407055,14291587879037526805
202410211928,"2024-10-21 11:28:49.000000",170379,42802,171083,170379,25121,1163830,277090,4568640974349889240,4993656054860387718,3583628030570903666,2977802245903279980
202410212028,"2024-10-21 12:28:49.000000",170588,42802,170519,170588,25253,1185221,268080,7359345154936013955,12609642795323342913,956364051498672090,5921576637216511132
202410212128,"2024-10-21 13:28:49.000000",170631,42802,170575,170631,24849,1186482,267048,12372209985522156272,14885544625261399858,16670728434064374521,4528581402712839643
202410212228,"2024-10-21 14:28:49.000000",170704,42802,170861,170704,24671,1188336,265533,3048282183214540515,7258269798945786003,11615694491947672236,8829362776414399690
202410212328,"2024-10-21 15:28:49.000000",170633,42802,170788,170633,24904,1186369,263842,5406880870448965638,8334593950412235836,9256739228477094618,1751800089174412500
202410220028,"2024-10-21 16:28:49.000000",170605,42802,170351,170605,24736,1182313,268289,17178155657061957286,8283765019698985892,4496135295357628156,12141697248258588950
202410220128,"2024-10-21 17:28:49.000000",170672,42802,170534,170672,24460,1200220,265686,14747001395048141301,13335332874773182649,6272238600799712303,7485203393418628445
202410220228,"2024-10-21 18:28:49.000000",170604,42802,170987,170604,24815,1194608,270025,132192393898631939,6470183039939289955,10491230244394980588,5848691207922279798
202410220328,"2024-10-21 19:28:49.000000",170653,42802,170582,170653,25011,1195012,270944,8498331647049789732,8673700992705132778,4465781457291528078,17462422829749391554
202410220428,"2024-10-21 20:28:49.000000",170718,42802,170758,170718,24841,1197093,268519,15699689895813979201,6450079690361804859,17864407296828971153,15869593403755344423
202410220528,"2024-10-21 21:28:49.000000",170731,42802,170861,170731,25118,1186722,268923,16032106788275557142,17256865977963251560,2227802394550004609,12265359415449041717
202410220628,"2024-10-21 22:28:49.000000",170553,42802,170744,170553,24997,1187854,271040,11692142465826619374,13091581287833617194,12966785351897056617,8290019893203129167
202410220728,"2024-10-21 23:28:49.000000",170669,42802,171408,170669,25162,1177593,266503,747444420761674217,8311022738450543095,1993810414104811341,9381300304880195445
202410220828,"2024-10-22 00:28:49.000000",170619,42802,170435,170619,24990,1182289,265187,1562624438685443096,14702349886279979742,4512682439287729305,7107706631888649999
202410221128,"2024-10-22 03:28:49.000000",170672,42802,170795,170672,25313,1191800,265076,136497694835014445,6441918420502238117,12748109012284718153,5646432436305258737
202410221228,"2024-10-22 04:28:49.000000",170677,42801,171297,170677,25422,1181415,270480,15209841301128271941,7580896147778229859,11956308214378210699,14060644063560158161
202410221328,"2024-10-22 05:28:49.000000",170599,42802,170428,170599,25321,1166536,279630,17061565000876486714,16028605848871296474,16467585198020671655,7188334578913992941
202410221428,"2024-10-22 06:28:49.000000",170682,42802,170744,170682,25245,1174792,273161,15787384603859168491,9597156012114321837,16803629682352683996,6509445283417133330
202410221528,"2024-10-22 07:28:49.000000",170553,42802,170954,170553,25407,1174284,275200,17267769918569651965,3292522452859700503,1230947827973060429,8531532175591842995
202410221628,"2024-10-22 08:28:49.000000",170680,42802,170123,170680,25528,1154008,279452,11537127838166908658,14164392367860077864,7239500877342118703,18112353835958366679
202410221728,"2024-10-22 09:28:49.000000",170559,42802,170600,170559,25514,1154304,273030,7653060754659081527,7423473307075606559,118306264190891249,17296546416250078529
202410221828,"2024-10-22 10:28:49.000000",170588,42802,170123,170588,25300,1157439,277569,16551496580698427873,13270798176449949541,11455607645534285475,5058534632394267785
202410221928,"2024-10-22 11:28:49.000000",170576,42802,170589,170576,25113,1173136,276983,10123071934247604823,9094132577566353087,4874184262459398554,17514714481411051328
202410222028,"2024-10-22 12:28:49.000000",170595,42802,170755,170595,25072,1196702,273842,11841545875576744431,15731839179363481313,30891021177672490,8953819771327412742
202410222128,"2024-10-22 13:28:49.000000",170654,42802,170670,170654,25072,1195008,273142,16405734614745253575,4117693769182345305,1275368614961712949,3141895751947756659
202410222228,"2024-10-22 14:28:49.000000",170673,42802,170578,170673,24756,1192387,277917,5662574103909563358,3273295589408188406,11385685836121625148,14497919412333467742
202410222328,"2024-10-22 15:28:49.000000",170595,42802,169557,170595,25042,1195128,278195,1346122264709716564,16611303104639610586,5816477871995594270,17235370696439475914
202410230028,"2024-10-22 16:28:49.000000",170744,42802,171138,170744,24829,1202225,274080,7495286142415290292,5217908255621769266,3390600740968963944,8586772572553329836
202410230128,"2024-10-22 17:28:49.000000",170715,42802,169601,170715,25061,1198567,266160,13734333543382439081,3897593310461298195,8262436818659366239,6085020207723193509
202410230228,"2024-10-22 18:28:49.000000",170693,42802,170439,170693,24798,1200993,263255,13157382595901700179,9556408938740955771,18128995572656026627,7235504248875966301
202410230328,"2024-10-22 19:28:49.000000",170653,42802,170939,170653,25017,1200701,268174,2770673895184705253,9014906117128728333,14323805818752439831,12600232097967776057
202410230428,"2024-10-22 20:28:49.000000",170739,42802,170703,170739,25004,1200527,268301,9137959333444525597,929859982063862509,14397700799327886283,9489160810517908229
202410230528,"2024-10-22 21:28:49.000000",170567,42802,170387,170567,24993,1192762,266893,2365143938778659783,14395967272328080629,14560834143776908503,694730569484321201
202410230628,"2024-10-22 22:28:49.000000",170552,42802,170336,170552,25108,1178814,269363,7833118677918232060,8958191019169622384,13475364772699180313,4368130644837439605
202410230728,"2024-10-22 23:28:49.000000",170579,42802,170369,170579,25153,1181467,266918,4438409612489163036,13653802153425264326,3861257937414117792,14035882544719411350
202410230828,"2024-10-23 00:28:49.000000",170562,42802,170843,170562,25043,1178800,266749,17216594105606087457,6254630176904587903,4107452237499084494,13767503413709464442
202410230928,"2024-10-23 01:28:49.000000",170685,42802,170600,170685,25138,1173432,271184,13160164571811840894,7862016591114703978,14975748482791600875,6573350144145147773
202410231028,"2024-10-23 02:28:49.000000",170612,42802,169831,170612,25274,1178748,267783,3574313766190836926,2998358229656776738,3889898140915248122,2155522688672401828
202410231128,"2024-10-23 03:28:49.000000",170592,42802,170670,170592,25169,1179122,266586,11517072115004384299,14421917591534088505,11967438316650482461,10785501624159793851
202410231228,"2024-10-23 04:28:49.000000",170553,42802,170343,170553,25057,1184286,268850,10295581970383926111,14494146434282514261,11214644149449923298,14586739718031479274
202410231328,"2024-10-23 05:28:49.000000",170576,42802,170597,170576,25193,1177355,272988,3148671598707929954,10680592572086486124,13965754145784887090,8852416298597067088
202410231428,"2024-10-23 06:28:49.000000",170617,42802,171001,170617,25310,1178660,271078,11502217528077470348,16106116642493829424,17080452246238140257,9553614181631561445
202410231528,"2024-10-23 07:28:49.000000",170556,42802,171278,170556,25369,1177966,273636,13558769510781696040,4783273977519123226,15174699011804859328,3449859093877887332
202410231628,"2024-10-23 08:28:49.000000",170566,42802,170167,170566,25570,1177093,271469,14740078127741907075,16835190993748044023,10529206494743848924,11334943994377474696
202410231728,"2024-10-23 09:28:49.000000",170476,42802,169929,170476,25427,1172968,269192,3586439409987546565,16157022542990003451,8605203527345720582,10567294738672838462
202410231828,"2024-10-23 10:28:49.000000",170595,42802,170943,170595,25264,1164806,286199,15363030928687639286,15484010633999740300,1824477113564302240,16740191111368523796
202410231928,"2024-10-23 11:28:49.000000",170546,42802,169813,170546,25240,1184014,270722,549695267239861516,6193777101138569226,8817201066335244932,12866631443854973456
202410232028,"2024-10-23 12:28:49.000000",170551,42802,170442,170551,25232,1195718,270924,18363819830972689282,7038239689486006014,3726522596909547094,13534044571898392406
202410232128,"2024-10-23 13:28:49.000000",170626,42802,170244,170626,25061,1188669,272907,4788320811768957909,7019773216444531707,9679920029974951529,1476842477401895351
202410232228,"2024-10-23 14:28:49.000000",170712,42802,170788,170712,24755,1195997,268249,2484826292268179910,16835288048273048018,9592645111402068557,11289535288567250019
202410232328,"2024-10-23 15:28:49.000000",170678,42802,170508,170678,25080,1192802,272704,15626714026700484430,3285150924689572528,12623134573919931679,2388255398777462263
202410240028,"2024-10-23 16:28:49.000000",170652,42802,170376,170652,25001,1205857,264573,8597465682563386276,8191272786330343838,13634170132754306891,10829706562605489919
202410240128,"2024-10-23 17:28:49.000000",170593,42802,170597,170593,24830,1207955,264753,4455845397451621843,12670686133309829059,5388348325371803653,6342596558956235075
202410240228,"2024-10-23 18:28:49.000000",170768,42802,170519,170768,24883,1231368,264783,16547114013669093701,5198854165438886269,9222806408987348956,9847159915330875980
202410240328,"2024-10-23 19:28:49.000000",170727,42802,171467,170727,25028,1211254,264074,10501134412586800734,13053432270188513494,5032943093200006778,4302499507279594634
202410240428,"2024-10-23 20:28:49.000000",170627,42802,170307,170627,24859,1200673,268756,16798526704539174927,1245276532681533833,1687885436219225866,8840454652479275626
202410240528,"2024-10-23 21:28:49.000000",170568,42802,171633,170568,25087,1204679,274766,11273944601943445317,2117001011729063975,15051772502001120787,15778297552679334437
202410240628,"2024-10-23 22:28:49.000000",170630,42802,170417,170630,25281,1190658,268336,9140390464735410701,1035636051738842369,17503365790363046681,3074523254986070143
202410240728,"2024-10-23 23:28:49.000000",170554,42802,170630,170554,24983,1178904,277555,29403004960363759,16248090299141242937,14966447945240684481,2360928188480265707
202410240828,"2024-10-24 00:28:49.000000",170610,42802,170615,170610,25232,1174982,273395,9574783946615320559,14310151001266716297,14720040823891982015,11170555285342144837
202410240928,"2024-10-24 01:28:49.000000",170712,42802,170428,170712,24926,1173966,271176,16836095091578080937,12057400754935255241,11342774777819140952,17644460107368410156
202410241028,"2024-10-24 02:28:49.000000",170664,42802,171042,170664,25157,1173898,273399,7454356135181927943,8418807084769917593,15320292849700038653,14198792636464509529
202410241128,"2024-10-24 03:28:49.000000",170628,42802,169838,170628,25170,1184969,269998,14402255818317210100,8380839267039668814,12292742089658916073,6674697410635966233
202410241228,"2024-10-24 04:28:49.000000",170611,42802,170292,170611,25236,1174670,271372,15872728022658754355,8240370523985499039,15050976559574545155,10602750494674961259
202410241328,"2024-10-24 05:28:49.000000",170609,42801,170887,170609,25262,1170689,271416,785085836730387422,1559165827638775638,17095653699682109186,16545535356093235968
202410241428,"2024-10-24 06:28:49.000000",170636,42802,171378,170636,25310,1180563,273110,1283476611062382073,17305309004621627869,11727507287538871503,10703708165835116171
202410241528,"2024-10-24 07:28:49.000000",170555,42802,170788,170555,25378,1176870,278558,3742687257457411219,14865639342734157171,5583170261055614807,11862430811523856271
202410241628,"2024-10-24 08:28:49.000000",170618,42802,169794,170618,25531,1159683,275650,16711986317067101493,5104091915400138165,12043729737949440888,7187197253535341470
202410241728,"2024-10-24 09:28:49.000000",170530,42802,170615,170530,25306,1164761,270840,15583304949504412034,1650397106890089876,9801496114613499055,6883763530870967041
202410241828,"2024-10-24 10:28:49.000000",170559,42802,169929,170559,25277,1156616,276947,9094879662184839113,2853523143474196821,3820214926075977725,14888662177404400461
202410241928,"2024-10-24 11:28:49.000000",170590,42802,171064,170590,25213,1184564,270720,18068685159559930639,8989575614646966977,11975159928903526453,12427109254891425563
202410242028,"2024-10-24 12:28:49.000000",170554,42802,171737,170554,24865,1190785,276563,13406625188202758282,10996305623513052078,12257904211216922434,11336713205605333940
202410242128,"2024-10-24 13:28:49.000000",170598,42802,171038,170598,24948,1188880,277892,7282206073360850044,12706218652594644540,5117253460007930692,5799698926731684506
202410242228,"2024-10-24 14:28:49.000000",170624,42802,170836,170624,24873,1189515,277356,13906951325528352849,17677500474273085165,16024656843437219905,6948151621022991765
202410242328,"2024-10-24 15:28:49.000000",170664,42802,170087,170664,24862,1195666,273414,13808509979719108418,12634974286310483254,11637914353756946395,16484172304152849471
202410250028,"2024-10-24 16:28:49.000000",170572,42802,169586,170572,24884,1193021,270404,11174940887182104711,12434428916026451317,5749525899877536432,16901947686455785904
202410250128,"2024-10-24 17:28:49.000000",170657,42802,171312,170657,24977,1197832,273294,12136144851841457544,12288383696679212530,232944284273841129,2203822901727097073
202410250228,"2024-10-24 18:28:49.000000",170721,42802,170990,170721,24748,1200947,271386,6341800962284591960,7148741066619560332,14943184315516250892,1391877958203694092
202410250328,"2024-10-24 19:28:49.000000",170622,42802,170839,170622,24686,1196049,274576,5104075010775132394,12858811630944143268,3465506806964778878,14502367666433899026
202410250428,"2024-10-24 20:28:49.000000",170694,42802,170677,170694,24829,1197204,272806,16423624005337774672,14625759516683740864,10967640484926745040,6781851562979901826
202410250528,"2024-10-24 21:28:49.000000",170517,42802,170700,170517,24949,1191889,269827,11198653628359717949,17485438844296651931,5401626361065282271,5645864973193715351
202410250628,"2024-10-24 22:28:49.000000",170642,42802,170769,170642,24950,1188131,270240,12925243371960149193,7872927226643385255,17904947475480818671,2568706826669175199
202410250728,"2024-10-24 23:28:49.000000",170565,42802,170692,170565,25009,1164086,274788,1648336008752669853,15286250774084086209,14809410380944186219,16953883580393788281
202410250828,"2024-10-25 00:28:49.000000",170532,42802,170336,170532,25170,1171265,277386,3780891886150412757,3815147210639509941,2339978585402510482,351049359141882444
202410250928,"2024-10-25 01:28:49.000000",170635,42802,170450,170635,25022,1172068,277276,18178826719231691925,17751549866723367255,7196688508011596565,17499827492200894929
202410251028,"2024-10-25 02:28:49.000000",170607,42802,170582,170607,25205,1173418,274734,7549534483575810542,11932377307511263190,8953614964316564613,14005290286136665099
202410251128,"2024-10-25 03:28:49.000000",170583,42802,170828,170583,25250,1179565,277066,4887298475576652425,16145382857145745167,12636105262584853048,5100266854405545216
202410251228,"2024-10-25 04:28:49.000000",170612,42802,170483,170612,25300,1175309,277424,865762925802861038,8059901645101078696,6017193521130152244,12815813307147227824
202410251328,"2024-10-25 05:28:49.000000",170584,42802,170428,170584,25282,1181378,276328,1163228941780838416,4442028096360078310,2398736006599751435,3752489409823675417
202410251428,"2024-10-25 06:28:49.000000",170521,42802,170781,170521,25237,1173275,277904,17579171834400195076,16371416523337561876,8353956401521829747,15733530440454726361
202410251528,"2024-10-25 07:28:49.000000",170541,42802,170490,170541,25174,1181497,274640,6857744374228781657,11179508063892938481,7457057442785495147,5010505635674939503
202410251628,"2024-10-25 08:28:49.000000",170580,42802,170648,170580,25283,1174277,272683,12490476248751664751,15089678669256330963,6334693233610920047,10975359279921060365
202410251728,"2024-10-25 09:28:49.000000",170542,42802,170725,170542,25374,1174427,275069,2127977855810579302,4303478656114835412,1535754734421024127,7624269607688785727
202410251828,"2024-10-25 10:28:49.000000",170661,42802,170277,170661,25192,1178681,272108,9038077581568219872,7023657024116510190,4980490115100233390,17688287873222479890
202410251928,"2024-10-25 11:28:49.000000",170536,42802,169951,170536,25067,1187029,271913,1299630929548453978,9915635866969152532,16140642706507851488,10026178870249706996
202410252028,"2024-10-25 12:28:49.000000",170636,42802,171112,170636,25041,1199580,274617,10617070303474958820,5851606265766561452,8093847580293224296,15906953848530102666
202410252128,"2024-10-25 13:28:49.000000",170568,42802,170303,170568,24841,1198288,272248,17057336970404278266,3651353012447604224,5772568758442970757,18192929874736261011
202410252228,"2024-10-25 14:28:49.000000",170604,42802,171042,170604,24589,1200584,268631,10788146866009761238,14504536901426545958,15901082437406690099,8221568909711941751
202410252328,"2024-10-25 15:28:49.000000",170594,42802,171138,170594,24897,1194033,264744,13046708311357763881,15277419169846333921,17965513274268703197,17873932339966632433
202410260028,"2024-10-25 16:28:49.000000",170607,42802,171145,170607,24768,1190095,267380,11496884444152088035,2496736596491768923,6779098595652048894,6364015835039084942
202410260128,"2024-10-25 17:28:49.000000",170770,42802,170843,170770,24731,1214815,280618,13489495571197887753,6095464641256739107,14429219796234411953,9453966289016357347
202410260228,"2024-10-25 18:28:49.000000",170717,42802,170648,170717,24839,1203259,269237,16354134847632500535,12993135845901690007,12382577647254722222,3924227251142584046
202410260328,"2024-10-25 19:28:49.000000",170726,42802,170134,170726,24641,1190569,264977,9673321972920034101,7134093724971942077,13913115359630867756,14981667315330895008
202410260428,"2024-10-25 20:28:49.000000",170607,42802,170839,170607,24821,1185614,270198,11793280713316417886,7490474103519061328,5778922894641488852,2053513831009056636
202410260528,"2024-10-25 21:28:49.000000",170545,42802,170365,170545,24609,1186349,269824,484045472453763830,17010423377710833918,14249603573642316200,5764941141254501460
202410260628,"2024-10-25 22:28:49.000000",170608,42802,170714,170608,24926,1177515,274364,7848411218939277751,14076133296653315183,9510704867094650873,14895695713991503885
202410260728,"2024-10-25 23:28:49.000000",170567,42801,170435,170567,24840,1177767,270319,1731906471754139990,11428646857453077964,8969537597307065354,5772743421701606644
202410260828,"2024-10-26 00:28:49.000000",170443,42802,170644,170443,24848,1171538,272443,5264406335719897547,17147872441768175775,7592785319609974568,13305257820600206092
202410260928,"2024-10-26 01:28:49.000000",170546,42802,169630,170546,25116,1180626,267848,2107649911807764892,4138202403057629206,13191878940564807015,16306372753986354443
202410261028,"2024-10-26 02:28:49.000000",170620,42802,170578,170620,24981,1176792,266648,8718419991326949271,1721913281744367615,392496391437832823,2286775709019706455
202410261128,"2024-10-26 03:28:49.000000",170561,42802,170025,170561,25118,1168099,269437,5124610955884487839,12582327822258449979,9906218183713611510,4324735994565647216
202410261228,"2024-10-26 04:28:49.000000",170576,42802,170758,170576,24952,1178517,264433,401410431098531746,4051695842162586710,1295073036598104548,2465982084957644652
202410261328,"2024-10-26 05:28:49.000000",170595,42802,170420,170595,25050,1176744,272312,15815576589804073614,15760174933576074550,3313292711106377904,17690508354246605092
202410261428,"2024-10-26 06:28:49.000000",170486,42802,169652,170486,25112,1171542,266625,4029729965872061193,1991896103945563475,13592940148709230567,4200340281781106975
202410261528,"2024-10-26 07:28:49.000000",170413,42802,170197,170413,24992,1166541,272224,6206302552509168196,9055953031315158294,2407427416975400454,11532063467235056380
202410261628,"2024-10-26 08:28:49.000000",170503,42802,170255,170503,25081,1163804,269016,10326092058367105184,16541709199327381576,4909350752718686618,8132499937570515688
202410261728,"2024-10-26 09:28:49.000000",170423,42802,170604,170423,25206,1155488,279865,12763919565294706981,4690907350823723649,5902807692607505193,11208421907864121607
202410261828,"2024-10-26 10:28:49.000000",170430,42802,170006,170430,25119,1162868,273766,17085173541268005958,5606595398202875126,493016392040837426,15883802630616698998
202410261928,"2024-10-26 11:28:49.000000",170578,42802,169984,170578,25077,1174975,270976,8927633753639095945,14666310840014284665,790430801657293476,5683033350725097960
202410262028,"2024-10-26 12:28:49.000000",170607,42802,171219,170607,24940,1187974,268531,15922061783897603263,3724258080780961969,14292141521533010731,9003972928461494471
202410262128,"2024-10-26 13:28:49.000000",170647,42802,171238,170647,25091,1192207,267614,571958416968181737,11180598126837834093,13598569743282905378,16799740745830524334
202410262228,"2024-10-26 14:28:49.000000",170684,42802,171060,170684,24792,1186903,269432,10836208870616227842,2168817258937805916,2580868536211101731,57679784717186835
202410262328,"2024-10-26 15:28:49.000000",170620,42802,171167,170620,25029,1143970,312661,14289647995598996524,3719490267674296858,16121396820893573630,1729988542508344162
202410270028,"2024-10-26 16:28:49.000000",170613,42802,170486,170613,24929,1190173,262288,13698383984747985853,13370435376063961253,7554201781246076496,9500305665981572220
202410270128,"2024-10-26 17:28:49.000000",170758,42802,170505,170758,24924,1190892,266947,16227733473581087010,8778114854761592684,11517018370409425493,4086446502630611467
202410270228,"2024-10-26 18:28:49.000000",170672,42802,170211,170672,24552,1187264,265026,5737660956146538174,11945851863615112276,14383284051737915696,6175141379906654590
202410270328,"2024-10-26 19:28:49.000000",170669,42802,170795,170669,24640,1188934,265550,11454792702220180486,14658134960903353614,10336898825490589310,9264694715322383972
202410270428,"2024-10-26 20:28:49.000000",170725,42802,170508,170725,24559,1185818,266240,6805341158491124625,4244809663955182053,12019202522991406029,13204660789022769227
202410270528,"2024-10-26 21:28:49.000000",170711,42802,170615,170711,24895,1190488,263025,13641272270550128044,4467461310419649494,7000479132896487651,8197503463068816271
202410270628,"2024-10-26 22:28:49.000000",170612,42802,169871,170612,25088,1186231,270245,11589314329067483264,14285369174264486008,18402179558210074581,2100931202511290345
202410270728,"2024-10-26 23:28:49.000000",170494,42802,170839,170494,25021,1175696,270921,12772743703819721977,1329834937834665427,11646106306931498641,3874863857446169437
202410270828,"2024-10-27 00:28:49.000000",170488,42802,169889,170488,25010,1181543,263210,4579700277949019891,11529639932303425131,5775053284870844509,8075543430094726975
202410270928,"2024-10-27 01:28:49.000000",170612,42802,170648,170612,25088,1179000,269189,5528724479477810207,3986310916383968011,3888431738348820583,9125078219386790741
202410271028,"2024-10-27 02:28:49.000000",170519,42802,170795,170519,25146,1175911,266244,11049989612628569713,7772817225586232479,12126389842734446751,3925380446877192257
202410271128,"2024-10-27 03:28:49.000000",170534,42802,170054,170534,25196,1175958,267163,16858991594917573414,15129430496624954624,300231995368782841,11592735547269540405
202410271228,"2024-10-27 04:28:49.000000",170522,42802,170373,170522,24999,1174080,269495,8684166007592541437,11510400209927751641,8699879725246219431,2875009502072169119
202410271328,"2024-10-27 05:28:49.000000",170593,42802,170281,170593,25112,1171986,271031,5022028622361229954,17919527263687786486,8269279661868911456,5564653424970067652
202410271428,"2024-10-27 06:28:49.000000",170540,42802,170814,170540,25193,1159597,271483,9619525983387775525,6056721188237877985,14632356592665612256,12955045603815735628
202410271528,"2024-10-27 07:28:49.000000",170542,42802,170972,170542,25292,1170430,271748,6171383641027324880,7641081874801041472,17526572693303092028,17747313618099912270
202410271628,"2024-10-27 08:28:49.000000",170531,42802,169911,170531,25064,1163918,270880,2780366467293621612,10206452129866709246,6777172335104730305,9863940778824836655
202410272028,"2024-10-27 12:28:49.000000",170617,42802,171304,170617,25051,1176670,268641,11177529118153151328,9082666177987804046,6542592698756011331,737702169604227789
202410272128,"2024-10-27 13:28:49.000000",170635,42802,171493,170635,25092,1179412,271614,2918317093590159408,10453800251997230958,7185023470097058070,10419378942471605656
202410272228,"2024-10-27 14:28:49.000000",170727,42802,171437,170727,24953,1184720,269437,3534175641865232917,16943627901795747085,1187045540878576504,12756491268202999844
202410272328,"2024-10-27 15:28:49.000000",170695,42802,170633,170695,24810,1191866,269802,4121674203996241025,9738858444169732453,16882374082642591232,10212073946185134564
202410280028,"2024-10-27 16:28:49.000000",170681,42802,170861,170681,24902,1192070,266397,9473964199515588609,7652814905091708829,17361366199359961239,15398452059112535045
202410280128,"2024-10-27 17:28:49.000000",170640,42802,170795,170640,24635,1188456,268882,4860423554244335848,6283916259497100444,1393210023305131431,13532656414312229487
202410280228,"2024-10-27 18:28:49.000000",170645,42802,170571,170645,24661,1192077,265817,5010319940202730032,1177945272920727678,14378426489227029014,13240323532791296856
202410280328,"2024-10-27 19:28:49.000000",170569,42802,170663,170569,24777,1190289,268770,8192248537078948876,12499296042536204780,704676568036463566,14440219253467460808
202410280428,"2024-10-27 20:28:49.000000",170734,42802,170648,170734,24919,1216029,282288,16340292643007483239,16243420603765003267,11362697845478943722,2489059817662864916
202410280528,"2024-10-27 21:28:49.000000",170631,42802,170039,170631,24859,1197549,265420,15590259027646918387,1554251148061925737,2453540389207407641,7169305282108473369
202410280628,"2024-10-27 22:28:49.000000",170583,42802,170197,170583,24847,1193458,270688,3475070959005622422,18083874343149922030,7479756345180727970,14099583194956154352
202410280728,"2024-10-27 23:28:49.000000",170664,42802,170714,170664,25321,1174782,268376,15889229291081107779,9130358314842893175,17977316621075148070,5460765002527899038
202410280828,"2024-10-28 00:28:49.000000",170545,42802,171337,170545,25065,1160761,271836,10084784987962723118,4785372879555397370,12156985456031729804,2660200468963596072
202410280928,"2024-10-28 01:28:49.000000",170656,42802,170626,170656,24973,1176938,274787,14298238280050812060,6345435034982228434,13669089622477144628,10374119543653968324
202410281028,"2024-10-28 02:28:49.000000",170632,42802,170479,170632,24974,1181544,274222,8010755607944142292,1031453815316935332,17109496399338787924,4647018060419025160
202410281128,"2024-10-28 03:28:49.000000",170629,42802,170123,170629,25294,1170776,272590,12630569675468809495,6817963494495662841,8809187699513502415,14455990928596334553
202410281228,"2024-10-28 04:28:49.000000",170651,42802,170527,170651,25090,1184337,267417,10078369234887916426,7557676177791677534,1807137670747852218,1941204962078331406
202410281328,"2024-10-28 05:28:49.000000",170528,42802,170178,170528,25467,1178951,272551,5023625128889897559,8495071165518727335,3258239692735636413,17064718132484590789
202410281428,"2024-10-28 06:28:49.000000",170508,42802,170431,170508,25206,1169889,279234,4801337946707008571,9106947264439073607,13519659049704835534,12389699045456620490
202410281528,"2024-10-28 07:28:49.000000",170559,42802,170663,170559,25262,1163437,277626,2195302533971363625,5341097063771726663,7252105718261437938,3279793741905279006
202410281628,"2024-10-28 08:28:49.000000",170570,42802,170564,170570,25467,1170372,274954,12312754450611278623,9782925112961422597,11887589519588778792,1473375101212615500
202410281728,"2024-10-28 09:28:49.000000",170578,42802,170186,170578,25269,1163040,273075,2116590165649628908,18188538804831071936,15593712525851299470,4752877543133266066
202410281828,"2024-10-28 10:28:49.000000",170402,42802,170976,170402,25371,1070501,257674,17192104335595172981,12299038670722062153,1302820729856706033,9252341099873058645
202410281928,"2024-10-28 11:28:49.000000",170296,42802,170083,170296,25390,1071368,258768,10933318554142019563,16474112985278068811,15453861781337175278,16072364817594252032
202410282028,"2024-10-28 12:28:49.000000",170241,42802,170681,170241,25270,1073138,258728,6807358555638722228,4468347376385732808,17793205614279296288,5435555373377410416
202410282128,"2024-10-28 13:28:49.000000",170308,42802,170112,170308,25181,1088623,251082,16782962533071163020,10965560078652158520,5641431818507918309,15254939747079741571
202410282228,"2024-10-28 14:28:49.000000",170189,42802,170182,170189,24747,1095123,258557,5970352425897627075,1712564139300806469,5408128822324694992,9897691535025645966
202410282328,"2024-10-28 15:28:49.000000",170250,42802,169919,170250,24906,1089805,261491,14536320261406835132,18247186885939765350,14301770737961533085,12595818695020136121
202410290028,"2024-10-28 16:28:49.000000",170427,42802,169944,170427,24966,1103528,261181,3590952117756832920,15676228332693931094,1079728163092122711,10456062714235145719
202410290128,"2024-10-28 17:28:49.000000",170456,42802,170193,170456,24873,1133423,268532,17917643095830442424,13386111258237037768,9229825527676573574,15992981630911100438
202410290228,"2024-10-28 18:28:49.000000",170350,42802,170321,170350,24963,1117778,260589,602244466680303217,15249358204584166969,13401425681232484192,15289403242960543518
202410290328,"2024-10-28 19:28:49.000000",170396,42802,170065,170396,24941,1116451,257886,10109297650760559788,8775938660498183486,16348246199040446492,6266085430655201118
202410290428,"2024-10-28 20:28:49.000000",170328,42802,170329,170328,24839,1113405,259340,9936736609050211388,5105396481719266664,3238622648297524014,5869362193966288846
202410290528,"2024-10-28 21:28:49.000000",170295,42802,170442,170295,24970,1100462,252057,13176176073787832051,3840080055470488475,12121569773733187494,15673188475573585788
202410290628,"2024-10-28 22:28:49.000000",170349,42802,170156,170349,25166,1086880,263679,17178845070222783715,8188316824952725023,14070628846583683412,1538354533122889880
202410290728,"2024-10-28 23:28:49.000000",170515,42802,170792,170515,25166,1077081,260320,4179852415370008485,496070378023505429,12875812065688612860,13525838405069706648
202410290828,"2024-10-29 00:28:49.000000",170420,42802,171215,170420,25011,1070290,258392,2029097659343269022,8104294247629180910,17694529947687030050,11354369999552167406
202410290928,"2024-10-29 01:28:49.000000",170489,42802,170285,170489,25061,1069957,265753,2376934468270244644,11663179290826858278,18431349885992769340,5338068222997907596
202410291028,"2024-10-29 02:28:50.000000",170364,42802,170501,170364,25238,1065807,262418,2508320653095458775,7310764769149180483,16648463170551018531,14170182217742434969
202410291128,"2024-10-29 03:28:49.000000",170399,42802,169926,170399,25078,1067437,257800,17687794414615043814,14027629435789976230,18218597006913592241,9643514735622473739
202410291228,"2024-10-29 04:28:49.000000",170365,42802,170733,170365,25044,1068185,259815,12613120524819920936,2635988722266762816,1252055473413671757,2483294870770799777
202410291328,"2024-10-29 05:28:49.000000",170415,42802,170943,170415,25251,1066089,261552,11135854956224858515,15688543192524577477,14788531517496901595,13271440996520016423
202410291428,"2024-10-29 06:28:49.000000",170412,42802,170120,170412,25218,1069824,257751,5590664316902615604,950690245462427706,506074549222894061,10765078393729169277
202410291528,"2024-10-29 07:28:49.000000",170354,42802,170740,170354,25263,1073794,258610,3944752426413345521,17504759592556416225,8297132434572754541,12240895287596350249
202410291628,"2024-10-29 08:28:49.000000",170347,42802,170461,170347,25372,1066012,260194,5941159567478863605,1103783501378692065,14764432855394186860,3665537656798927566
202410291728,"2024-10-29 09:28:49.000000",170365,42802,170094,170365,25588,1072155,259034,3845758003384363282,3673000791449607214,16633556787931739120,8312864540353080262
202410291828,"2024-10-29 10:28:49.000000",170388,42802,170142,170388,25558,1076352,265178,8264129598373563293,5790800117772259003,9152278670049572334,16259334617627553238
202410291928,"2024-10-29 11:28:49.000000",170355,42802,170435,170355,25398,1079390,260718,16121314408237953287,1595706715528808129,5278374062174220925,12556059026560572891
202410292028,"2024-10-29 12:28:49.000000",170235,42802,170043,170235,25280,1080321,261674,6111251246236619750,7011631960252223638,18400981646530752550,1622399499549262748
202410292328,"2024-10-29 15:28:49.000000",170386,42802,170810,170386,24928,1094034,261089,769915625031664897,10195240998465588913,8676903341006718328,1308290518462089798
202410300028,"2024-10-29 16:28:49.000000",170299,42802,169827,170299,24966,1090913,264709,3461846150246221804,4377767602651387322,12141203776533836960,12966819643038143872
202410300128,"2024-10-29 17:28:49.000000",170347,42802,169776,170347,24713,1110598,273389,10024643874473156696,11992847157524246096,11519020334276335802,3158794907737068866
202410300228,"2024-10-29 18:28:49.000000",170506,42802,170160,170506,25070,1125062,276580,10083448992824244386,10554442767900480240,3603151058324926707,15138246842970138155
202410300328,"2024-10-29 19:28:49.000000",170442,42801,170931,170442,24924,1106805,257021,73165941020524617,8318800652749682143,12179447934600477749,6858778202417896113
202410300428,"2024-10-29 20:28:49.000000",170494,42802,169966,170494,24945,1122100,256436,10650401319543730888,17712845589330750290,12984425737567034634,6816516231734557488
202410300528,"2024-10-29 21:28:49.000000",170357,42802,170843,170357,25115,1095283,255065,9464744978576783433,10323557957047127299,10573797208430861188,7872804430120251114
202410300628,"2024-10-29 22:28:49.000000",170520,42802,170274,170520,25202,1094394,254868,6729213673383908912,8547502644135537090,15260783789446947923,17868939832163253571
202410300728,"2024-10-29 23:28:49.000000",170378,42802,170839,170378,25150,1077282,259712,16774636620600153802,5230542301328313250,2733460929094357483,10201493310538156383
202410301128,"2024-10-30 03:28:49.000000",170354,42801,169772,170354,25457,1074910,262406,5096835979849799314,6838882129657325046,9057757843126149057,10693864895052133557
202410301228,"2024-10-30 04:28:49.000000",170436,42802,170843,170436,25099,1080468,258428,13367238900938364257,7920886213238878307,12863406820498719181,18264076522756661809
202410301328,"2024-10-30 05:28:49.000000",170314,42802,170398,170314,25274,1071282,259675,11591905599012819939,9440697258478803721,789329347735786963,2651694104522966145
202410301428,"2024-10-30 06:28:49.000000",170299,42802,170175,170299,25443,1082465,256915,13347629300997760853,2932714457440029239,18315263191281960279,6181212737162718771
202410301528,"2024-10-30 07:28:49.000000",170393,42802,170431,170393,25407,1082970,259419,8388881392691581058,2204786235163821062,7846251206139973547,11494212183450618797
202410301628,"2024-10-30 08:28:49.000000",170320,42802,170685,170320,25372,1081350,254645,10756266336337570802,11435867267445885404,13889482263160632041,5171531911050054247
202410301728,"2024-10-30 09:28:49.000000",170304,42802,170101,170304,25506,1071254,265456,9438984292793132477,17791684429521293661,17927148055680895538,15964372948100591360
202410301828,"2024-10-30 10:28:49.000000",170413,42802,171223,170413,25527,1073959,263918,11779876623539559046,13656708815581216674,16265962239395431716,8933208649518935118
202410301928,"2024-10-30 11:28:49.000000",170278,42802,170299,170278,25498,1075727,266809,8165501589168454773,12266160763864379199,3411302971858800258,18361774930655509188
202410302028,"2024-10-30 12:28:49.000000",170255,42802,170523,170255,25203,1066655,275521,10339361259764267961,4843003157978377667,9158063060829739183,8380596911968244915
202410302328,"2024-10-30 15:28:49.000000",170238,42802,170105,170238,25071,1092839,259150,5075963659986053185,14187886627269851515,5517447739628639233,15176470589933728495
202410310028,"2024-10-30 16:28:49.000000",170376,42802,170677,170376,24712,1102426,256687,11347636824095356904,16815993068226145012,2894755844513420632,2050025802873651866
202410310128,"2024-10-30 17:28:49.000000",170449,42802,169999,170449,25083,1101549,255865,1734471790340556092,2056074365264473430,15392385531981869432,10008455678339903892
202410310228,"2024-10-30 18:28:49.000000",170391,42801,170036,170391,24813,1108901,253219,16611485659784988441,17396130899671412475,1088338510333184695,3322435607253599055
202410310328,"2024-10-30 19:28:49.000000",170469,42802,170406,170469,24979,1151249,260337,10191803683342294389,4391931426325777003,14141642483075813858,17807809288125165794
202410310428,"2024-10-30 20:28:49.000000",170379,42802,170718,170379,24882,1104413,251996,8405701042433319013,17217647724412672727,10908444816324934270,8738625667540497580
202410310528,"2024-10-30 21:28:49.000000",170339,42802,169641,170339,24839,1095381,257380,10105955603463494380,5054256900014189826,1465389231498760471,8729577791747957387
202410310628,"2024-10-30 22:28:49.000000",170338,42802,170622,170338,25158,1093600,256707,9966392876890931243,8871220584830695659,11975656735509221857,17930309705509950159
202410310728,"2024-10-30 23:28:49.000000",170381,42802,170391,170381,25103,1087722,263660,5441901194570365717,2373605646688484785,13786078752677346048,12634058450292640966
202410310828,"2024-10-31 00:28:49.000000",170403,42802,170354,170403,25180,1089799,252150,8321149095502805180,2185774193574813044,548300942460689779,3183553676958785819
202410310928,"2024-10-31 01:28:49.000000",170373,42802,170553,170373,25427,1073714,261059,1867211103216655883,16649984696115516811,17679295962890951213,12980596191298148841
202410311028,"2024-10-31 02:28:49.000000",170429,42802,170542,170429,25060,1071056,263060,10301682373627834891,5120360817595590829,7227477929696173772,3348477553739463812
202410311128,"2024-10-31 03:28:49.000000",170359,42802,169805,170359,25118,1076604,257585,411701943588218617,4271717673908717921,8550517643263672190,17140621767600748296
202410311228,"2024-10-31 04:28:49.000000",170342,42802,170519,170342,25290,1074317,261199,11508521704968874873,12001584828331466999,7501344452320098603,8357305001570316683
202410311328,"2024-10-31 05:28:49.000000",170316,42802,170762,170316,25233,1073054,266850,7673970127928154171,2945946530506519193,3060747070964747892,7287859323599785546
202410311428,"2024-10-31 06:28:49.000000",170312,42801,170288,170312,25540,1077297,262443,7428513191852595277,15483876677135462925,4307387259715353034,14530361822281565332
202410311528,"2024-10-31 07:28:49.000000",170420,42802,170409,170420,25468,1080377,257721,7260480272939012549,1020961517354453743,7626850478706372994,11008268633994376732
202410311628,"2024-10-31 08:28:49.000000",170339,42802,170847,170339,25475,1035217,300827,3541126523441278000,17539528010933805690,2178483731827959788,2126124912087637760
202410311728,"2024-10-31 09:28:49.000000",170333,42802,170032,170333,25595,1078265,257935,596863595864059440,1788190805120670114,2993922914648642473,1892675574502294685
202410311828,"2024-10-31 10:28:49.000000",170237,42802,170193,170237,25444,1080651,258779,14380023117540472176,15668038187085288078,752751081437996243,15857022551271583129
202410311928,"2024-10-31 11:28:49.000000",170207,42802,170769,170207,25256,1079131,261466,8104074931044260651,9435570816460658079,726769626091037374,11237345774059204872
202410312028,"2024-10-31 12:28:49.000000",170240,42801,169422,170240,25339,1087571,257447,10179794924076089341,393155393216542629,14603746929179493901,6875192072621521801
202410312128,"2024-10-31 13:28:49.000000",170228,42802,170692,170228,25221,1091257,253383,2097585421909341773,13812312303121402687,11454446515667468304,408500256157834012
202410312228,"2024-10-31 14:28:49.000000",170350,42802,170505,170350,24659,1092555,252664,804755793065450915,15343923923290480343,5939996865952920700,4265869191770905168
202410312328,"2024-10-31 15:28:49.000000",170168,42802,169466,170168,24369,1089366,257557,648272927855448387,631950155907199311,12497301312577102320,5903786440358551156
202411010028,"2024-10-31 16:28:49.000000",170648,42802,171219,170648,24216,1196907,265336,7276538506198427287,14668790996728475611,3975653237259689799,16042612999870413125
202411010128,"2024-10-31 17:28:49.000000",170661,42802,170237,170661,24261,1195828,265480,5393589617656551889,2149176146771438883,5124784492903973504,8338114565613693282
202411010228,"2024-10-31 18:28:49.000000",170657,42802,170711,170657,23979,1194898,263615,17484763346210199668,14672921428969423012,5188114145134405648,7766658883234463794
202411010328,"2024-10-31 19:28:49.000000",170653,42802,170582,170653,24137,1196834,263489,11990096376526321198,15549296987465994434,9707860975734584868,18390521003209498216
202411010428,"2024-10-31 20:28:49.000000",170687,42802,171230,170687,24268,1199497,263717,13662581008803814187,5387535590262795873,9552719642249711499,10865297481600952467
202411010528,"2024-10-31 21:28:49.000000",170620,42802,171072,170620,24522,1194083,267738,8166918194000619986,11175126556645072000,17839195151831303147,11955088882413238541
202411010628,"2024-10-31 22:28:49.000000",170624,42802,170105,170624,24444,1192673,263716,8142128220513177761,11795271836025541509,15193622889165482287,14109515620352250139
202411010728,"2024-10-31 23:28:49.000000",170475,42802,170259,170475,24726,1171609,273109,6931640880363839740,12622001944574647890,14311796669145607974,16801087644158994216
202411010828,"2024-11-01 00:28:49.000000",170534,42802,171120,170534,24801,1164435,269413,1882799962980135141,7910879425830949803,8615800933672904815,6950869489714830227
202411010928,"2024-11-01 01:28:49.000000",170627,42802,170153,170627,24878,1158859,269844,11332577986199964780,5103220391551582622,4265189857435966097,1727675278276484515
202411011028,"2024-11-01 02:28:49.000000",170599,42802,170957,170599,24904,1170834,269928,14173531249263888050,9677091635487765636,5522495395118129005,2925820631461609477
202411011128,"2024-11-01 03:28:49.000000",170585,42802,170600,170585,24901,1169550,265916,5086881348963743718,6741711579528578080,10419335479926001868,203377113933827256
202411011228,"2024-11-01 04:28:49.000000",170587,42802,170508,170587,24838,1183061,263526,10051947829440774761,15046186058745636145,15874109417184455265,1255022322147503211
202411011328,"2024-11-01 05:28:49.000000",170599,42802,171046,170599,24888,1169757,270810,8649666165210676927,17259301817190884253,12269431929804508933,14250365890587984305
202411011428,"2024-11-01 06:28:49.000000",170632,42802,171101,170632,24950,1168998,267151,1629092399583692705,10795778643978845317,5629990051973692410,736367578691477484
202411011528,"2024-11-01 07:28:49.000000",170549,42802,170358,170549,25257,1168804,268143,1357442267745491276,6998076757182823272,14093495935307338232,2970049655338280294
202411011628,"2024-11-01 08:28:49.000000",170623,42802,171367,170623,25211,1163077,268066,2985578420812621305,1540317326456226829,1529844135344595686,17216045315185115504
202411011728,"2024-11-01 09:28:49.000000",170565,42802,170648,170565,25273,1156892,266925,6559337395755587137,6662345640115596145,15428812660869468750,14174498554128405576
202411011828,"2024-11-01 10:28:49.000000",170635,42802,171120,170635,25243,1157559,268297,7241495184496996046,11785293963768025418,7719869861328541025,10130093183972289983
202411011928,"2024-11-01 11:28:49.000000",170458,42801,169590,170458,25065,1171383,267623,18038799126795808263,14279073930974675337,8781694683665016474,2789513414766581924
202411012028,"2024-11-01 12:28:49.000000",170620,42802,169645,170620,24908,1183491,265735,5781241376667374407,3217478270685825909,5179579563620546435,10705037600638733709
202411012128,"2024-11-01 13:28:49.000000",170621,42802,169375,170621,24838,1189762,264188,5921804988355175090,8612947878709544840,12921982604575005758,3811265612373454916
202411012228,"2024-11-01 14:28:49.000000",170665,42802,170736,170665,24809,1195365,266186,10279196934326911170,11397217300205338590,17131900762754877254,385417738195962692
202411012328,"2024-11-01 15:28:49.000000",170663,42802,171156,170663,24803,1199100,265964,3398846222110327090,15477017439432608198,11877147175130409549,657050373062566561
202411020028,"2024-11-01 16:28:49.000000",170600,42802,170880,170600,24793,1193760,266948,15946539047361967535,8071354051025974729,14004429524868097745,6472771819463353277
202411020128,"2024-11-01 17:28:49.000000",170723,42802,170917,170723,24655,1197833,265092,15228053302189969159,14818865394036901265,7889714150285623744,11562950495725046350
202411020228,"2024-11-01 18:28:49.000000",170707,42802,170120,170707,24717,1196354,269532,4910757556585117458,13552590371184127110,8544740927402364290,3560775260983782194
202411020328,"2024-11-01 19:28:49.000000",170657,42802,170604,170657,24572,1193638,269194,12082202987073013656,11537622120606468738,16783554782160999542,115344011738227910
202411020428,"2024-11-01 20:28:49.000000",170684,42802,170810,170684,24854,1211813,286553,2685148189969125896,11826665435481604644,16418028040115650439,741873034660649829
202411020528,"2024-11-01 21:28:49.000000",170672,42802,170387,170672,24617,1200724,273468,6188209460246033019,17370173705426784453,14413757695675953023,16151804196971319207
202411020628,"2024-11-01 22:28:49.000000",170615,42802,170744,170615,24936,1187055,277527,6128574451798535331,14797811426198194459,6305254841683097344,14605881015080109254
202411020728,"2024-11-01 23:28:49.000000",170626,42802,170784,170626,24633,1185484,271220,10483760654051609796,2771904975242637748,752239444009937941,10739201831099054763
202411020828,"2024-11-02 00:28:49.000000",170486,42802,171319,170486,24948,1176576,273335,15498301831688674011,150233437704489743,9274637850298704301,4875745617044407609
202411020928,"2024-11-02 01:28:49.000000",170490,42802,170076,170490,24973,1169033,269791,4184522121815508917,5477390802743636059,7369803704660699349,15444638021825690783
202411021028,"2024-11-02 02:28:49.000000",170485,42802,170457,170485,25004,1170642,273387,1364451190578444414,2766848388632003210,9757672083679669009,8653757010709992161
202411021128,"2024-11-02 03:28:49.000000",170575,42802,171263,170575,25109,1173413,269543,11684943245196259236,8935255555709990314,15877875210330007461,4824934286524715815
202411021228,"2024-11-02 04:28:49.000000",170531,42802,170670,170531,25011,1176535,272618,6057531184689271856,1063923001625760936,12746304696934707766,8685488194675441642
202411021328,"2024-11-02 05:28:49.000000",170465,42802,171134,170465,24992,1174102,272575,13669147707035775443,10958439295853774975,15210040580709593051,4834061681614202703
202411021428,"2024-11-02 06:28:49.000000",170516,42802,170858,170516,25029,1175026,275139,9894246430859701769,2532609415227390597,3401305956028942714,15409266177988133846
202411021528,"2024-11-02 07:28:49.000000",170484,42802,170215,170484,25247,1171304,274602,2201051717868587374,5497204089606179454,5402855126282392698,9551825957885672554
202411021628,"2024-11-02 08:28:49.000000",170530,42802,170884,170530,25318,1157124,270002,8309959772573548503,4145266234830558477,9061045734903934025,2148698264003858173
202411021728,"2024-11-02 09:28:49.000000",170536,42802,170083,170536,25215,1165046,272894,4602475398344531119,3209539982055957233,8043231117832861862,8540620286602752376
202411021828,"2024-11-02 10:28:49.000000",170484,42802,169886,170484,25337,1163785,273248,12627799459275265880,15536668766702489034,8711865512277713517,4136693642181856219
202411021928,"2024-11-02 11:28:49.000000",170579,42802,170266,170579,25245,1167325,278667,12133732471161827606,16042226399437852524,7645644584857015159,792416729066994763
202411022028,"2024-11-02 12:28:49.000000",170547,42802,170343,170547,24877,1170248,274036,3973532420137254021,9157052644786981437,12850212474545341127,15940456378568161331
202411022128,"2024-11-02 13:28:49.000000",170622,42802,170703,170622,25121,1184701,271681,7503164480682207028,9841755472216125964,10259381105620567122,11019749224757347662
202411022228,"2024-11-02 14:28:49.000000",170659,42802,170303,170659,24967,1191883,271077,868595992311535844,1976964459531506690,571288638639280003,14558523269559591631
202411030228,"2024-11-02 18:28:49.000000",170712,42802,171142,170712,24599,1220205,279480,8533150936042849846,12504135057336677610,16861778464265204332,4777269108193374024
202411030328,"2024-11-02 19:28:49.000000",170666,42802,171105,170666,24435,1201679,266281,4281472132584127976,16559131575430466126,17848957443377516707,11184502930804550173
202411030428,"2024-11-02 20:28:49.000000",170720,42802,170380,170720,24850,1208848,271750,15212604544520716788,5674874372101746584,15702329408879199057,3255872320722909129
202411030928,"2024-11-03 01:28:49.000000",170402,42802,169776,170402,25160,1168945,271450,15805440618749252028,793337653267267238,12432715083929514574,17998182320546842654
202411031028,"2024-11-03 02:28:49.000000",170561,42802,170050,170561,25081,1170420,268628,11415762489455789444,4821998594703028568,7631736279686816744,15410122932659371596
202411031128,"2024-11-03 03:28:49.000000",170538,42802,170376,170538,25143,1179716,267435,4634071116355187782,4437418423796249168,3860265502309575233,5587526164310996779
202411031228,"2024-11-03 04:28:49.000000",170649,42802,170318,170649,25020,1167580,268923,7907944228007468388,4377691393799486516,4864133401703933913,40483353566108527
202411031328,"2024-11-03 05:28:49.000000",170506,42802,171208,170506,25244,1174712,268441,4959630048784681987,9155311855915056711,2732576905668818844,16355849561760170790
202411031428,"2024-11-03 06:28:49.000000",170567,42802,170376,170567,25245,1165805,268966,757404872751595964,9044574789927202948,14647498094173278242,13811613129055391018
202411031528,"2024-11-03 07:28:49.000000",170430,42802,170795,170430,25333,1169834,272680,4783966293002359477,10854180876130096487,5614060969671694327,3901973261543895135
202411031628,"2024-11-03 08:28:49.000000",170467,42802,169940,170467,25393,1161011,276151,10449554575752313954,9297553142738157106,7492603429597055979,92654480431501789
202411031728,"2024-11-03 09:28:49.000000",170559,42802,170788,170559,25346,1159029,270378,7464067521622421678,2381868938477342618,7252327278562777991,18325652845060422951
202411031828,"2024-11-03 10:28:49.000000",170495,42802,170913,170495,25354,1150187,270648,10731683658856011393,13804929561987266013,7784523218906930286,17540030355580362336
202411031928,"2024-11-03 11:28:49.000000",170571,42802,170472,170571,25175,1173891,267391,4655154756353160811,2072738050613320851,12207765167240763340,5884797431687105310
202411032028,"2024-11-03 12:28:49.000000",170660,42802,169798,170660,24994,1182167,267482,17608980101841023791,6918207019540048673,2446674973337738216,6514865260200300430
202411032128,"2024-11-03 13:28:49.000000",170595,42802,170527,170595,25171,1194345,264292,15401915134442956794,4653163320416119660,11929695940670277367,13374994971841479555
202411032228,"2024-11-03 14:28:49.000000",170669,42802,170733,170669,24917,1198818,264143,11016509106437666414,16704773808893869896,11846511308865274849,14037637344309694477
202411032328,"2024-11-03 15:28:49.000000",170685,42802,170314,170685,24962,1187885,261831,15999379156241501248,12781407171954789208,7848496581504949673,3068386816524624401
202411040028,"2024-11-03 16:28:49.000000",170731,42802,171020,170731,24704,1189398,261522,13279166990115582632,10984849589317554986,13427690865741609203,6632494248031233935
202411040128,"2024-11-03 17:28:49.000000",170685,42802,170821,170685,24771,1187929,262675,1657092023715224764,16375679462799937004,5429066333428374605,13919420381070599199
202411040228,"2024-11-03 18:28:49.000000",170655,42802,171382,170655,24647,1206352,280470,1621771999145930023,9490803111203256599,1767765245688778182,6742780932520614356
202411040328,"2024-11-03 19:28:49.000000",170607,42802,170906,170607,24740,1188410,265682,18179641318119727786,16353949191869752088,13661806675348120759,16033434887122934415
202411040428,"2024-11-03 20:28:49.000000",170679,42802,170457,170679,24919,1197367,266783,5331782591828100560,2114586769906894446,9696553824134216365,6421505442579009955
202411040528,"2024-11-03 21:28:49.000000",170675,42802,170931,170675,24831,1205217,275700,11033362398901464542,17270870970366776480,11158050183548608449,5632715806023237585
202411040628,"2024-11-03 22:28:49.000000",170644,42802,170593,170644,24878,1194180,265697,18235468079941189393,295136475429633039,18299826889269065467,17349347546000786757
202411040728,"2024-11-03 23:28:49.000000",170564,42802,170523,170564,24835,1166893,271907,11823378881387065570,10656858723585659128,14161992363868839532,3184154169456679510
202411040828,"2024-11-04 00:28:49.000000",170653,42802,170490,170653,24859,1168922,273757,14315642586588377690,14746003983663266570,5640627788162744878,16313794139468257984
202411040928,"2024-11-04 01:28:49.000000",170635,42802,170486,170635,24810,1174829,274653,14074194671957587904,14213674580932134450,17750149377117745261,6616702624389172877
202411041028,"2024-11-04 02:28:49.000000",170656,42802,171016,170656,24971,1165512,275365,15956013410402365462,18031283123971791592,17661348818202412363,5505432721138455981
202411041128,"2024-11-04 03:28:49.000000",170623,42802,170597,170623,24983,1166461,277189,5714645148658276938,3481002345569537304,15668676986124463688,16041537563235568678
202411041228,"2024-11-04 04:28:49.000000",170647,42802,171360,170647,25032,1164286,275480,4104094946428255131,13643639992681228689,10129068055333815548,10558451496414131784
202411041328,"2024-11-04 05:28:49.000000",170577,42802,171105,170577,25083,1164622,276784,16204948783565986857,14271750223964852011,7689160437068710088,15195257483787608594
202411041428,"2024-11-04 06:28:49.000000",170589,42802,169922,170589,24969,1170982,275332,678943507865143905,14574407733902175433,13607071951712637331,11340411279381728053
202411041528,"2024-11-04 07:28:49.000000",170558,42802,170186,170558,25044,1163338,271761,11520846851391207078,13974741833774016472,11907067153944883071,1923361684147938191
202411041628,"2024-11-04 08:28:49.000000",170612,42802,171083,170612,25342,1164344,272988,17995762963488278752,18057945302899056596,13311769520743982247,18403955107817903261
202411041728,"2024-11-04 09:28:49.000000",170619,42802,170784,170619,25596,1164824,272289,2477668743809092824,17116914859742591448,9806267430228467158,12246890915866614752
202411041828,"2024-11-04 10:28:49.000000",170573,42802,170615,170573,25165,1166629,272053,18034847975562523934,13557339388456489836,9229430014751611050,15707352734425958694
202411041928,"2024-11-04 11:28:49.000000",170509,42802,170880,170509,25244,1162242,277408,9453129955246915390,12735536366385760686,12175192714370689285,11103525858035281391
202411042028,"2024-11-04 12:28:49.000000",170588,42802,171009,170588,25233,1183851,271931,1817436727048794592,18263813457178891356,9645835461230770353,14532880339808238611
202411042128,"2024-11-04 13:28:49.000000",170606,42802,169864,170606,25168,1198020,267799,1652140386021501575,16809154672856654923,6218898270435024137,17762643528730210683
202411042228,"2024-11-04 14:28:49.000000",170676,42802,170050,170676,24906,1206853,262197,1692969396436634444,3667862953872158610,8189796523886132277,7092990784085563941
202411042328,"2024-11-04 15:28:49.000000",170774,42802,170773,170774,24985,1207848,266868,3855698268784195625,853008485464360887,7796243290103650901,7846242842551742715
202411050028,"2024-11-04 16:28:49.000000",170744,42802,170538,170744,25047,1210645,265620,10997276404037945934,4024319806515126924,2142952702908566016,7631491585885724634
202411050128,"2024-11-04 17:28:49.000000",170768,42802,169579,170768,24562,1207967,264931,9831273978626732106,14919941188178679278,9756321997439407643,5439450800005845641
202411050228,"2024-11-04 18:28:49.000000",170743,42802,171201,170743,24681,1211111,262194,13499677393182791392,13368141524017452950,8312249724136483618,7585875507708813732
202411050328,"2024-11-04 19:28:49.000000",170705,42802,171304,170705,24812,1208687,263370,5731667513203995951,4263332153705852199,8871523275452769832,2122762881044098190
202411050428,"2024-11-04 20:28:49.000000",170598,42802,171005,170598,24826,1198934,268460,10221336989904907861,7542336664498896093,7224146609458208515,6510185131886484489
202411050528,"2024-11-04 21:28:49.000000",170616,42802,170017,170616,24694,1202463,263126,9134827133192990212,9820756188049014368,13615772552512801227,7492441820267891293
202411050628,"2024-11-04 22:28:49.000000",170651,42802,170453,170651,25130,1188743,269495,14894712052290526609,17117403024237448945,12299139187100117693,11770524171815292435
202411050728,"2024-11-04 23:28:49.000000",170676,42802,170274,170676,24805,1191960,262998,1322736954265119735,14749762594907093041,11507594202338695580,17243117054470853066
202411050828,"2024-11-05 00:28:49.000000",170627,42802,169787,170627,25193,1174425,266447,3827006629597281610,37753387508241838,14327270701024696156,4503542263378489130
202411050928,"2024-11-05 01:28:49.000000",170596,42802,170869,170596,25232,1169093,274510,7185672606850210584,15167751674165461324,3476463437461338249,1680238236747005793
202411051028,"2024-11-05 02:28:49.000000",170598,42802,170549,170598,25285,1163001,270337,16110570985928546672,13027709249740191012,5629373394291880151,15725523814692719871
202411051128,"2024-11-05 03:28:49.000000",170637,42801,170836,170637,25381,1167273,270259,8436126130418634980,7214871000564022494,5932364607644137295,10656185130439978073
202411051228,"2024-11-05 04:28:49.000000",170657,42802,170248,170657,25467,1169865,265393,10916559781853971690,8082388875968672962,11317405944538420535,15524654635962529929
202411051328,"2024-11-05 05:28:49.000000",170615,42802,170788,170615,25344,1170583,271334,16353509137375720712,7800847279096495202,9034649780600188348,16833177626402411616
202411051628,"2024-11-05 08:28:49.000000",170568,42802,170663,170568,25551,1155572,270335,15036948184807031833,1269188747246637793,11265777417000536330,6472436804594481900
202411051728,"2024-11-05 09:28:49.000000",170501,42801,170402,170501,25501,1156758,275883,1156570160885237712,9781350006092750070,3503227636600057440,10813252160543426504
202411051828,"2024-11-05 10:28:49.000000",170544,42802,170527,170544,25260,1162330,275278,17158208817086188499,17229198461491782775,13393555478085551310,6316102431315391950
202411051928,"2024-11-05 11:28:49.000000",170524,42802,170131,170524,25367,1166233,275802,16163542032824143242,16407994943566521852,2274219456990844309,17439913746987351991
202411052028,"2024-11-05 12:28:49.000000",170617,42802,170998,170617,25064,1177196,274272,18395551792371273069,11458360554336067099,12388594841436018532,491188051022807280
202411052128,"2024-11-05 13:28:49.000000",170554,42802,170516,170554,25154,1193466,265173,10549383247429106241,17767401168628435813,11836711980136309337,17536427686683345547
202411052228,"2024-11-05 14:28:49.000000",170691,42802,169944,170691,25125,1196995,267372,612052686862285031,12586057163930633779,9404509144547948707,13262331009733859665
202411052328,"2024-11-05 15:28:49.000000",170660,42802,170560,170660,25192,1193832,268607,18316268322517564870,12055922450661896924,13039791414029277815,2976986679787061609
202411060028,"2024-11-05 16:28:49.000000",170711,42802,170935,170711,24753,1194885,269288,8590326944302716722,13923353558458035612,9351869339551555275,12479434029802509031
202411060128,"2024-11-05 17:28:49.000000",170718,42802,170050,170718,25061,1197842,267050,4280731249010336691,9224946061295469483,6760432490553667451,10393747849558857463
202411060228,"2024-11-05 18:28:49.000000",170655,42802,170615,170655,24739,1194177,268005,16920358453627866850,9945440565875360806,12064732223270066525,7462420519363728219
202411060328,"2024-11-05 19:28:49.000000",170760,42802,170961,170760,24843,1191649,267785,2855715637190942167,9100460030240302403,3621266219720911201,16406219466786403399
202411060428,"2024-11-05 20:28:49.000000",170722,42802,170733,170722,24908,1196720,268321,4707066566296115511,16950806234911440927,1944112022845782944,18075835614812420352
202411060528,"2024-11-05 21:28:49.000000",170602,42802,171389,170602,25010,1194395,268366,8335921396179388179,9461093594645331367,11694870442579024705,460497560586563105
202411060628,"2024-11-05 22:28:49.000000",170662,42802,170538,170662,25447,1188403,271718,8777718989834467401,11355232008616290743,6506273269728098676,8239727845897308718
202411060728,"2024-11-05 23:28:49.000000",170694,42802,170167,170694,25137,1179305,277587,12119655001096239450,14745314824017619646,8210085911761674708,15654192217571901566
202411060828,"2024-11-06 00:28:49.000000",170653,42801,170615,170653,25016,1167450,274634,9784592259353402796,1027443224698544976,12956232759919399929,268139731328064503
202411060928,"2024-11-06 01:28:49.000000",170750,42802,171016,170750,25178,1167358,270206,17200291037296614127,12522681059200604719,2141282044234501952,10108677576473987550
202411061028,"2024-11-06 02:28:49.000000",170633,42802,170424,170633,25332,1177386,272928,10152962742761812764,14416950433096671106,2488982918263209887,5161882982199157645
202411061128,"2024-11-06 03:28:49.000000",170634,42802,170843,170634,25290,1165091,269456,7125758182492334940,4501909539844393468,1041733771097246237,16357622911335480235
202411061228,"2024-11-06 04:28:49.000000",170655,42802,170391,170655,25231,1181697,267134,8924711976204742244,18012761844008728496,11541365477051021861,3061378100382386937
202411061328,"2024-11-06 05:28:49.000000",170694,42802,170589,170694,25412,1171175,268505,10794785470105892363,11068950995513384047,15305603823690938087,17844110564169024509
202411061428,"2024-11-06 06:28:49.000000",170624,42802,170244,170624,25184,1160235,271992,11524818444538733610,8817030398171355814,13465248079972406368,13811277823647364862
202411061528,"2024-11-06 07:28:49.000000",170554,42802,171171,170554,25693,1163481,270164,5053960073656326074,8177706323248279332,1451462677430917647,3343203690803126839
202411061628,"2024-11-06 08:28:49.000000",170442,42802,171042,170442,25415,1147774,274761,5498931102482182382,7951430587998026558,10462068660277487912,10236137903036217204
202411061728,"2024-11-06 09:28:49.000000",170599,42802,170990,170599,25461,1160568,267940,11780596252567501406,4865147540490070326,15083689851592256890,6789732072455246890
202411061828,"2024-11-06 10:28:49.000000",170640,42802,170248,170640,25552,1169196,271395,1485137814907333521,2213843928556969307,14590789411679727604,6690297842780295836
202411061928,"2024-11-06 11:28:49.000000",170520,42802,170354,170520,25375,1172134,272424,6234702978057718512,14425634728029319602,3064777527471732137,13936720581495263029
202411062028,"2024-11-06 12:28:49.000000",170558,42802,170123,170558,25480,1185528,267521,17564025791960897258,1221714514007776702,16662686575403830880,15917050710230469362
202411062128,"2024-11-06 13:28:49.000000",170541,42802,170655,170541,25113,1193843,264669,1757371999471835588,6884276172883599316,6215927249955220477,6516975187451630681
202411062228,"2024-11-06 14:28:49.000000",170692,42802,171005,170692,25025,1196519,266456,525193671138979840,9656151908424522054,7693156498823226274,5755028665544925872
202411062328,"2024-11-06 15:28:49.000000",170659,42802,170527,170659,25000,1199672,270939,14369817091527399080,17096052598280714572,2494539159167685615,15167115173838358831
202411070028,"2024-11-06 16:28:49.000000",170716,42802,170340,170716,25232,1200703,271148,11270065816053694842,16833114207325665278,10239291318160469854,4813096325438328288
202411070128,"2024-11-06 17:28:49.000000",170716,42802,170685,170716,24879,1198412,266921,942404121475494554,6334942870832147724,10876786996416616242,17449595397336359362
202411070228,"2024-11-06 18:28:49.000000",170626,42802,170439,170626,25258,1198814,273635,561935156555394542,2317212410397394278,616029389640650077,16390702634880738171
202411070328,"2024-11-06 19:28:49.000000",170717,42802,171471,170717,24982,1198991,267109,9741729515813656634,2697011903981798388,11848674298636768049,8430120803955166095
202411070428,"2024-11-06 20:28:49.000000",170713,42802,170523,170713,24931,1193137,269520,13131835477591779806,11235657481458847876,16234691067026208429,1590312777330532485
202411070528,"2024-11-06 21:28:49.000000",170637,42802,170619,170637,24991,1195823,268102,16033886538103089709,6182613106578801581,824687885069393667,8020392286508593389
202411070628,"2024-11-06 22:28:49.000000",170696,42802,171182,170696,25344,1207419,290780,762855246396472247,8164860883517651591,14585940620127636352,16884659597563454122
202411070728,"2024-11-06 23:28:49.000000",170587,42802,170171,170587,25301,1178149,275685,10046307024777789349,14453316453258523115,15045635664621481293,4609002182682503653
202411070828,"2024-11-07 00:28:49.000000",170496,42802,169641,170496,25425,1165708,265250,2351204949865899713,9513041084970563243,1771115429599340884,3762059871221637776
202411070928,"2024-11-07 01:28:49.000000",170652,42802,169984,170652,25437,1176531,267435,2694603888596035498,1318336511550323992,15362463185782611125,3899289958149380079
202411071028,"2024-11-07 02:28:49.000000",170648,42802,170259,170648,25263,1175207,272501,17784017245043496817,908919708108015893,7599867657267031292,17145206501634153928
202411071128,"2024-11-07 03:28:49.000000",170658,42802,170718,170658,25063,1175482,264619,15370218047796151595,12059520587966719579,1920348411978030778,6818059458704998148
202411071228,"2024-11-07 04:28:49.000000",170573,42802,170608,170573,25363,1163494,268199,15544543605254859212,685110607931089252,9886862292472633066,16524805470087776398
202411071328,"2024-11-07 05:28:49.000000",170692,42802,170692,170692,25357,1173239,271332,14231302265413570917,3165898259109425553,4988301432288883817,11342303525434803715
202411071428,"2024-11-07 06:28:49.000000",170626,42802,170358,170626,25216,1172124,266321,5210330713401159678,17727250870819372840,9437562353076133371,18305849210972555727
202411071528,"2024-11-07 07:28:49.000000",170642,42802,171352,170642,25545,1153335,278074,7539869010409025801,13738853166724438087,7052453906513990814,15564209742920296622
202411071628,"2024-11-07 08:28:49.000000",170602,42802,170014,170602,25576,1159947,268777,14037949488790153059,18164011361664200407,6567355556448877637,11501446567254207849
202411071728,"2024-11-07 09:28:49.000000",170704,42802,170935,170704,25541,1168780,272374,15975172534711536367,14210640076755832607,9750142723100239564,7987990498487736764
202411071828,"2024-11-07 10:28:49.000000",170604,42802,170314,170604,25417,1167281,269142,13894800560553273963,3823264758903072963,12480461482589880918,11557743201559232926
202411071928,"2024-11-07 11:28:49.000000",170545,42802,170123,170545,25433,1173180,266850,10325027713485542236,8898319896553786290,7852914786115748200,16189814324091520518
202411072028,"2024-11-07 12:28:49.000000",170615,42802,170861,170615,25374,1173008,271776,7863434727893255548,10040625045804276344,9045926371001215590,2033034986509296798
202411072128,"2024-11-07 13:28:49.000000",170497,42802,171374,170497,25329,1188858,273041,10411293664884967387,13215739613858983861,6285611637322983486,610228889342086122
202411072228,"2024-11-07 14:28:49.000000",170562,42802,170329,170562,25143,1192576,270280,3217646906073842806,13348324501293556262,11220655821211095211,14866700872038658649
202411072328,"2024-11-07 15:28:49.000000",170664,42802,170336,170664,25180,1195477,271622,4251637824967247854,10007117829012755516,16203482409870891421,12756752836400897063
202411080028,"2024-11-07 16:28:49.000000",170756,42802,170839,170756,25059,1199807,266672,8235716063193135242,8440657406869091632,12174040196503546614,18323063900768079862
202411080128,"2024-11-07 17:28:49.000000",170692,42802,170090,170692,24950,1199091,265059,9276074004669222208,5166944549957952906,4225708836713122909,9602275987299449383
202411080228,"2024-11-07 18:28:49.000000",170692,42802,170017,170692,24998,1201452,264452,11711969764260224737,3776459852869955443,8989051496031845123,14445048257230194203
202411080328,"2024-11-07 19:28:49.000000",170678,42802,170490,170678,24764,1196726,265682,16740389145341064546,13837873301749805290,13261108604337203869,14040385281524692095
202411080428,"2024-11-07 20:28:49.000000",170682,42802,170061,170682,24871,1190156,268092,14954611608591729837,5171264852232891189,9859679207578948331,4600645295867990405
202411080528,"2024-11-07 21:28:49.000000",170708,42801,171267,170708,25039,1195216,265394,1083766871136486425,6199015717347265209,1334972807648061090,2852369551420950498
202411080828,"2024-11-08 00:28:49.000000",170755,42802,170512,170755,25671,1173711,267313,7314727126547786204,15413943308381530714,7439475003547723669,11226046696046538745
202411081128,"2024-11-08 03:28:49.000000",170695,42801,170736,170695,25281,1175140,263764,2528474630561865776,16743750125494583568,34772126980711478,12994643268636254312
202411081228,"2024-11-08 04:28:49.000000",170655,42802,171090,170655,25539,1171089,268457,13044318836813731776,17233741104402372916,9242468693275253554,7541797609301611954
202411081328,"2024-11-08 05:28:49.000000",170622,42802,170994,170622,25330,1163089,266678,2599835956001046510,11554166214542736488,6137530918891373009,11288992838680820979
202411081828,"2024-11-08 10:28:49.000000",170555,42802,170630,170555,25634,1162391,266729,3713503902025526855,10390570759091187883,5213124003986173172,10590124962171676364
202411081928,"2024-11-08 11:28:49.000000",170516,42802,170369,170516,25422,1171252,267064,4261573570530793199,7855957127348263061,18054876898900601111,18154566045170737247
202411082028,"2024-11-08 12:28:49.000000",170471,42802,170087,170471,25362,1137818,275012,11996907082269042673,5910783880634636469,13260854674381765494,5197749802096048106
202411082128,"2024-11-08 13:28:49.000000",170558,42802,170902,170558,25169,1160918,258344,12245143073978898819,11567133538099803343,36193888475951850,2424257840395496222
202411082228,"2024-11-08 14:28:49.000000",170661,42802,170428,170661,25143,1158740,257573,3661186130387557995,5291260515309836377,7258082560326605504,5154567556126294210
202411082328,"2024-11-08 15:28:49.000000",170717,42802,170347,170717,25052,1164470,256570,15935048374898499245,17621163632350322589,16025929683242899050,17772029251301622120
202411090028,"2024-11-08 16:28:49.000000",170703,42802,169816,170703,24965,1171624,264721,16116631829967072877,15006597285511575161,2654489986723900528,4987988297044151466
202411090128,"2024-11-08 17:28:49.000000",170657,42802,170431,170657,24977,1175269,256213,14420083804729828403,6255250366588628341,14494474426327201532,4696917813016096868
202411090228,"2024-11-08 18:28:49.000000",170687,42802,170512,170687,25054,1172152,258123,15833238301038693900,17439085314010799634,9919453562587014850,14777565717004020974
202411090328,"2024-11-08 19:28:49.000000",170616,42802,170318,170616,24988,1169115,261366,16909619458694448797,10197843419938758947,13780432124254016111,12282646050801921135
202411090428,"2024-11-08 20:28:49.000000",170665,42802,170876,170665,24940,1172866,257601,9095170323685302323,8800078253900039167,12622537888114494878,15745823084174905436
202411090528,"2024-11-08 21:28:49.000000",170605,42802,170707,170605,25095,1172092,258999,10038128245119753338,12729791622587576498,8219052710610132417,10271229719451805169
202411090628,"2024-11-08 22:28:49.000000",170624,42802,170670,170624,25153,1162678,258574,16708322220946324813,9014928888057234355,7372463474644587498,6064212342629621430
202411090728,"2024-11-08 23:28:49.000000",170614,42802,170134,170614,25200,1162384,259637,2154923725704897946,9565113098869645764,13866303749713535895,16308935262800616535
202411090828,"2024-11-09 00:28:49.000000",170590,42802,170318,170590,25414,1164189,255333,15264635721483854037,13457438446655451489,298491773475929199,6674502935145879525
202411090928,"2024-11-09 01:28:49.000000",170525,42801,169670,170525,25325,1152618,262619,15447831624313624939,15001047128974702391,5465093910639375572,14449531615743135982
202411091028,"2024-11-09 02:28:49.000000",170448,42802,170884,170448,25426,1150831,262191,11248243360489122357,5675294446984174183,4474973032363358184,11116120134480892238
202411091128,"2024-11-09 03:28:49.000000",170568,42802,171016,170568,25475,1155731,260683,18397233619637719210,6895699357229644620,4055061178352577067,14210463160675545053
202411091228,"2024-11-09 04:28:49.000000",170611,42802,170431,170611,25356,1151555,262265,3143369315252511728,1764412058463051668,17325082705546926387,16266826245088467089
202411091328,"2024-11-09 05:28:49.000000",170481,42802,170468,170481,25340,1152831,259502,1610252682129164564,7806945871035990946,5876062700096741613,7855309418320327009
202411091428,"2024-11-09 06:28:49.000000",170655,42802,170398,170655,25340,1157698,260576,15312617115700177639,3788876915377924379,5437449595785565047,17141860804747087171
202411091528,"2024-11-09 07:28:49.000000",170492,42802,170259,170492,25398,1142156,262292,6999107739957094756,92392080465206368,16277883558079517615,14738428392318706411
202411091628,"2024-11-09 08:28:49.000000",170517,42802,171334,170517,25409,1134065,261158,18343736372803328897,8463857704132831767,14708358814040253579,614470490082106835
202411091728,"2024-11-09 09:28:49.000000",170534,42802,170512,170534,25333,1143126,261207,2542077188764848821,12256682813233027515,5747509107906098041,8015521195792668895
202411091828,"2024-11-09 10:28:49.000000",170433,42801,171763,170433,25386,1134590,264769,17940462428061239,11036398609134647677,111332580696891380,3993689419882707342
202411091928,"2024-11-09 11:28:49.000000",170491,42802,170920,170491,25512,1141245,263968,5724882408474029616,2259331348691559364,18208132204996465450,3387879536636775972
202411092028,"2024-11-09 12:28:49.000000",170526,42802,170094,170526,25450,1160839,261590,13212905117595591456,16069545770539901896,11616045398086074904,18401117812146995432
202411092128,"2024-11-09 13:28:49.000000",170599,42802,170450,170599,25291,1167960,260241,14476336032801023809,5661170823676731199,11445849247186777783,15816980856168374811
202411092228,"2024-11-09 14:28:49.000000",170677,42802,170358,170677,24963,1176993,254948,2968198292322606186,18407727227900719962,3998127873481218575,13109602724796226917
202411092328,"2024-11-09 15:28:49.000000",170873,42802,170957,170873,24932,1169689,270673,6875803173264017551,12474867695499522515,15657856032381736574,1034266390419360090
202411100028,"2024-11-09 16:28:49.000000",170658,42802,171005,170658,25180,1178609,254635,15577171320131807975,12562591747376947081,15879162778529489531,11376569268426620475
202411100128,"2024-11-09 17:28:49.000000",170681,42802,170296,170681,24999,1172210,257619,12763838741914060489,15153350575305512959,17821468198928239014,2756821666130404056
202411100228,"2024-11-09 18:28:49.000000",170641,42801,170843,170641,25213,1172667,257334,17774704680380359904,11561456880704756338,4672010432144892014,12095056184612726564
202411100328,"2024-11-09 19:28:49.000000",170702,42802,170950,170702,24868,1174517,256929,9238222336560053419,12714946092331075207,10827890777946063267,14546597681515678211
202411100428,"2024-11-09 20:28:49.000000",170707,42802,170957,170707,24976,1172192,258700,14300482697239869041,5930999077078571021,15718663256444577982,5762767897847514106
202411100528,"2024-11-09 21:28:49.000000",170636,42802,170670,170636,25044,1168064,262736,11515379211331843189,5167145452738721873,3773817718811225589,564299358208771501
202411100628,"2024-11-09 22:28:49.000000",170659,42802,170519,170659,25086,1162567,267546,10869164646002669954,18082111444465722028,10920234600840656572,10470804790607678968
202411100728,"2024-11-09 23:28:49.000000",170508,42802,170711,170508,25443,1159759,267391,4403391775431797314,3826169613215702458,9552192877933565807,16602490708511590433
202411100828,"2024-11-10 00:28:49.000000",170467,42802,170468,170467,25216,1145928,262131,4999266830361226054,9177674914413145864,4657774414099035259,13897003121306850821
202411100928,"2024-11-10 01:28:49.000000",170521,42802,170858,170521,25258,1154592,261024,15956164202034928269,3587409200349275895,232445960431321387,12810152757538129735
202411101028,"2024-11-10 02:28:49.000000",170523,42802,170898,170523,25275,1164634,257064,3706331909395812385,717856287810001535,7217566222288192453,13247907597287411521
202411101128,"2024-11-10 03:28:49.000000",170508,42802,170512,170508,25384,1158839,259966,15101774542091040321,5915207050166720785,7224315487009357475,16339562455427816327
202411101228,"2024-11-10 04:28:49.000000",170500,42802,170237,170500,25495,1151674,262402,12819383624710927750,12378764009379051672,15688934604174063830,2984274500106938148
202411101328,"2024-11-10 05:28:49.000000",170534,42802,170241,170534,25290,1155584,265813,6561727785794364401,13184072963490561191,1055357078799997834,16191240693930593764
202411101428,"2024-11-10 06:28:49.000000",170538,42802,170854,170538,25493,1152734,262623,1494905138657624768,12749729286255102784,6837606251267006957,14562522955777156195
202411101528,"2024-11-10 07:28:49.000000",170565,42802,170450,170565,25613,1145774,268638,16880287603387663896,17780286612288000344,9417471594429616774,14200217680339008394
202411101628,"2024-11-10 08:28:49.000000",170434,42802,170457,170434,25605,1142226,266138,1139318309850161988,428868963341132926,16074360055286641312,13700168088460789536
202411101728,"2024-11-10 09:28:49.000000",170523,42802,170740,170523,25385,1149288,264118,4116355708083253141,6145921186181748057,3445647679527545583,6526163358734612001
202411101828,"2024-11-10 10:28:49.000000",170444,42802,170112,170444,25539,1146683,268317,16828867036659588939,6015156941161715369,6185293489309125325,1893044573261739171
202411101928,"2024-11-10 11:28:49.000000",170577,42802,170468,170577,25361,1147627,268190,6861502861564268113,5765692023530119651,18424874461665159227,10275260480781147179
202411102028,"2024-11-10 12:28:49.000000",170555,42802,170692,170555,25283,1160257,264675,10780505161260591063,9287081289664936919,17642172238255378328,14488764900031890416
202411102128,"2024-11-10 13:28:49.000000",170576,42802,170792,170576,25033,1171126,258501,15335726512725650431,2827287666382631115,3432641537246369477,16363458004648543415
202411102228,"2024-11-10 14:28:49.000000",170630,42802,170549,170630,24910,1165771,259872,12970407644113842339,2929525651271081173,16140083261954110258,4481544164732035938
202411102328,"2024-11-10 15:28:49.000000",170630,42802,170832,170630,25110,1200631,263955,14657840727226538362,2927413084851175894,14518376419763539924,12628842029900395642
202411110028,"2024-11-10 16:28:50.000000",170735,42802,170655,170735,24863,1202013,260161,11040558667857617983,6825805405226872749,3343221550468064201,9410441575413210137
202411110128,"2024-11-10 17:28:49.000000",170694,42802,171212,170694,24812,1200407,261211,957556097812158928,13787442351209552484,5233676272905062332,644704502110583748
202411110228,"2024-11-10 18:28:49.000000",170665,42802,170398,170665,24867,1193869,264032,12111785923747810900,6639038368320017382,4299508478217307418,2564138547178744076
202411110328,"2024-11-10 19:28:49.000000",170632,42802,171893,170632,24932,1192996,267358,8249787582351756615,14345431020914720123,14697158557962003731,9311705542316567395
202411110428,"2024-11-10 20:28:49.000000",170696,42802,169729,170696,25056,1193954,265430,5857855386743232410,5105961804915944454,2833855933294095256,7754664687860404806
202411110528,"2024-11-10 21:28:49.000000",170631,42802,170828,170631,24230,1187447,267132,16158171854379867886,7458064904001518716,4966692660348370945,13077695108996184447
202411110628,"2024-11-10 22:28:49.000000",170583,42802,171437,170583,24246,1180372,265876,17373885376137675320,11349737989144009064,7686150402299119274,13554941806302525056
202411110728,"2024-11-10 23:28:49.000000",170559,42802,170321,170559,24345,1167400,265338,6440234270266308769,10932870861427390307,8845426228324792592,1584981700185518476
202411110828,"2024-11-11 00:28:49.000000",170595,42802,170490,170595,24416,1163640,265105,14168301123602282571,13146405643855732763,1646739381522365655,719420553375483039
202411110928,"2024-11-11 01:28:49.000000",170511,42802,171009,170511,24634,1174170,265888,1450036836012448592,13775791444902277266,14198565457732158341,10424617509793735829
202411111028,"2024-11-11 02:28:49.000000",170641,42802,169298,170641,24166,1162112,265393,5783451537063207084,9140473013880896070,13925768004803175974,11052447065810203488
202411111428,"2024-11-11 06:28:49.000000",170619,42802,170486,170619,25411,1173384,267256,3773071934732584225,17547645877192009947,2842715257396977392,4783251946658791342
202411111528,"2024-11-11 07:28:49.000000",170603,42802,170814,170603,25353,1180572,266098,18347021876035415696,14895341576996702122,17430966757518393469,17589993841905016203
202411111628,"2024-11-11 08:28:49.000000",170519,42802,170534,170519,25389,1168033,273342,14650683319971866874,2010875192130339970,1644177974544516282,7244940893386669178
202411111728,"2024-11-11 09:28:49.000000",170545,42802,169528,170545,25783,1165278,270716,9342060289515324636,17442713230423328732,4085346603445141120,12798883873985858524
202411111828,"2024-11-11 10:28:49.000000",170496,42802,170072,170496,25713,1163286,269594,10051090992685272224,18081155026106093574,14802688678464655706,11269564359426315604
202411111928,"2024-11-11 11:28:49.000000",170492,42802,170637,170492,25663,1165706,269809,17758882362135079001,5499134153797000305,9067699727706608168,13095540135524410246
202411112028,"2024-11-11 12:28:49.000000",170588,42802,170391,170588,25257,1180963,266424,7625717245874303102,10353988158190507722,10774667685109309066,13654548795769617898
202411112128,"2024-11-11 13:28:49.000000",170601,42802,170354,170601,25365,1191549,264391,8464155400601283386,4455641346497587456,16004970921708937523,11609419099456148131
202411112228,"2024-11-11 14:28:49.000000",170730,42802,171016,170730,25027,1197549,263561,11879230624509239370,1512415993542417832,4315184953937436117,6435974878176551037
202411112328,"2024-11-11 15:28:49.000000",170656,42802,170611,170656,25003,1191742,264159,10960225754796041239,6716508193639431851,2743996091573439486,7672754556503710020
202411120028,"2024-11-11 16:28:49.000000",170708,42802,171400,170708,24862,1191462,260504,8812828531078199306,8457440494341805162,17560560973849402287,9051033866531628563
202411120128,"2024-11-11 17:28:49.000000",170603,42802,170655,170603,25066,1187541,261940,17812142916022733365,3953418639989259775,15630036376975804496,16140213060498687886
202411120228,"2024-11-11 18:28:49.000000",170635,42802,169707,170635,25036,1194449,256623,6540956247097838281,15864736922799844837,271723109581261019,16645958183247488303
202411120328,"2024-11-11 19:28:49.000000",170643,42802,170178,170643,24995,1188632,261187,18198132364296410348,3725413865997569986,10079258122408997627,796708731847524407
202411120428,"2024-11-11 20:28:49.000000",170638,42802,170740,170638,24983,1186665,262896,14995374967268298068,12291871213454796748,7528170840871169933,5324685105199582649
202411120528,"2024-11-11 21:28:49.000000",170625,42802,170935,170625,25127,1181599,264720,2307382134052663313,16739453744767701427,16137534120066931062,2305027078487422856
202411120628,"2024-11-11 22:28:49.000000",170580,42802,170711,170580,25261,1179624,265469,12058868618984111535,8450167409560291841,6839019014906441480,8235083369854604826
202411120728,"2024-11-11 23:28:49.000000",170596,42802,170208,170596,25339,1170183,266309,7736919563590188854,14698150306417936384,1692226321375373604,17191817925122276398
202411120828,"2024-11-12 00:28:49.000000",170674,42802,171083,170674,25371,1168632,266523,9165306419041501351,13818341771450302427,5287517743533699737,752843819508133381
202411120928,"2024-11-12 01:28:49.000000",170703,42802,170806,170703,25356,1172669,266993,53589926473334955,15653443162162461943,18438475115229908564,12409478600176212734
202411121028,"2024-11-12 02:28:49.000000",170646,42802,170689,170646,25398,1162849,274410,9622779835417702001,8570584576229100875,15931664327479017352,2585864952651837700
202411121128,"2024-11-12 03:28:49.000000",170627,42802,170068,170627,25519,1171175,268839,4320169309525897672,5919300962417057032,4047474622966724474,6315499470145950732
202411121228,"2024-11-12 04:28:49.000000",170700,42802,170729,170700,25350,1168123,261737,17732200177678566475,14499425186809801157,14897134942896736872,6510758139514454346
202411121328,"2024-11-12 05:28:49.000000",170616,42802,170442,170616,25407,1162649,264079,18344181224737385295,8689116885318265639,11197974376380270306,5472405696385849256
202411121428,"2024-11-12 06:28:49.000000",170559,42802,169908,170559,25539,1160009,265286,4774570124222248973,12670807725304084917,14680287095308936568,16942198202476369444
202411121528,"2024-11-12 07:28:49.000000",170627,42802,170442,170627,25619,1165882,263855,249743076010380864,18096114447039360124,9427933364755114537,3273979560451144643
202411121628,"2024-11-12 08:28:49.000000",170598,42802,170619,170598,25624,1160490,262315,73940260580686135,7538328374498600757,11915749132674752360,12656944604574342752
202411121728,"2024-11-12 09:28:49.000000",170511,42802,170637,170511,25761,1164470,263370,15799688361591428240,2152488997037563310,2751418439384171595,17822387755725382995
202411121828,"2024-11-12 10:28:49.000000",170565,42802,170766,170565,25660,1162786,268050,4347367604793524688,2868590568653605180,6114069786312747092,10915262273424257902
202411121928,"2024-11-12 11:28:49.000000",170500,42802,170277,170500,25525,1159304,263340,3159686540170258,16037487543706024212,83003682586009425,14508665733700538305
202411122028,"2024-11-12 12:28:49.000000",170569,42802,170083,170569,25320,1166405,269591,17058734929487049183,1952621693788923377,16236500417906799302,10479847523712774094
202411122128,"2024-11-12 13:28:49.000000",170546,42802,170340,170546,25368,1178225,267369,15051891305763986387,15486670259053995063,2021467973385926017,10460539407990109687
202411122228,"2024-11-12 14:28:49.000000",170700,42802,170431,170700,25157,1187560,262902,8417814135755705629,14937895796687514035,11003975342342387601,13981442634755437379
202411122328,"2024-11-12 15:28:49.000000",170697,42802,170950,170697,25013,1188544,264463,17510562494173685418,9705798830971759880,4248094466726617765,6183231962972146621
202411130028,"2024-11-12 16:28:49.000000",170663,42802,169995,170663,25294,1192305,262850,207637496113037318,17477586875195124160,7343261085476565923,5275885015880072837
202411130128,"2024-11-12 17:28:49.000000",170664,42802,170277,170664,24922,1183817,269262,11338978866750225413,10382735882748186975,5468502098654448448,4644437540410196578
202411130228,"2024-11-12 18:28:49.000000",170674,42802,171171,170674,25454,1197587,272916,681643700485428447,14017432019074460825,15773701298969222214,3972656522912059022
202411130328,"2024-11-12 19:28:49.000000",170769,42802,171238,170769,25200,1184551,268378,3727150737279972111,14853647839627417557,15164931859616799432,10695333128857290958
202411130428,"2024-11-12 20:28:49.000000",170868,42802,171337,170868,25143,1160694,293232,9315600789125722351,15861532052436941345,3834911292082942310,12391927261917303796
202411130528,"2024-11-12 21:28:49.000000",170632,42802,169933,170632,25271,1181570,271543,1410675108957748322,13412155382229293334,6251342929763560830,8004653956431114518
202411130628,"2024-11-12 22:28:49.000000",170662,42802,170058,170662,25373,1173812,280174,10863473504667308415,11209600580596306459,3728733286975092673,12576862930654273373
202411130728,"2024-11-12 23:28:49.000000",170677,42802,171064,170677,25402,1193765,288260,15654029093180699911,11980621925366839945,5506311944635908849,1536516003363756247
202411130828,"2024-11-13 00:28:49.000000",170597,42802,170700,170597,25514,1172514,268185,4883530370464706738,12578841916720616746,10225592285315808641,3513552163286880115
202411130928,"2024-11-13 01:28:49.000000",170795,42802,170869,170795,25254,1148373,277380,13055676379796631197,5311925271210902941,3200811753179106370,12597724539368930042
202411131028,"2024-11-13 02:28:49.000000",170610,42802,170615,170610,25426,1164431,269616,854338447780664865,7286665057688206147,11211287604426550754,17022016916036835784
202411131128,"2024-11-13 03:28:49.000000",170630,42802,170898,170630,25528,1169559,265490,3253126916306250046,18417185069346304418,8658955290290179132,4675953499423884026
202411131228,"2024-11-13 04:28:49.000000",170826,42802,170714,170826,25319,1155410,282289,6161645576828337638,11599734007212534444,13870925399008710196,12239934731284454212
202411131328,"2024-11-13 05:28:49.000000",170662,42802,170270,170662,25525,1174116,262582,3925720128083009032,2308954336215714396,7498761005791808081,9055954182342939073
202411131428,"2024-11-13 06:28:49.000000",170635,42802,170961,170635,25293,1165241,261857,15385357121239786200,1899329037159991124,9065091347261708626,8700433715172051408
202411131528,"2024-11-13 07:28:49.000000",170586,42802,170582,170586,25516,1150295,268615,4902452670854794703,399859358543102285,13767445333083183674,17032640372177375512
202411131628,"2024-11-13 08:28:49.000000",170532,42802,171060,170532,25542,1141359,271685,7341880430081743430,10645994786878722882,16319815389841008353,3307432340282109099
202411131728,"2024-11-13 09:28:49.000000",170679,42802,171013,170679,25698,1151202,273467,1568762986739417789,4591588288010745205,6464915441986210127,5384191682948619529
202411131828,"2024-11-13 10:28:49.000000",170489,42802,170230,170489,25513,1142262,268015,17662999475599127420,18314175600167097538,12426329290568797533,16103992765809994945
202411131928,"2024-11-13 11:28:49.000000",170624,42802,170442,170624,25514,1164441,266271,18111525393016414059,14988221631764229915,2856741422335433727,14717675128696309193
202411132028,"2024-11-13 12:28:49.000000",170649,42802,170924,170649,25295,1177110,263707,16108951534738088888,3217347543361196440,6810281528795572991,6362896999975420807
202411132128,"2024-11-13 13:28:49.000000",170631,42802,170292,170631,25344,1188481,266338,13283580405103797848,4094328247484226710,12042927744370212172,12450681444800907060
202411132228,"2024-11-13 14:28:49.000000",170610,42802,170131,170610,24964,1183237,267268,8492343994914570667,3046809448265697029,5462001788206495701,16617387844083481941
202411132328,"2024-11-13 15:28:49.000000",170542,42802,169904,170542,25087,1176755,272589,15718251040771657634,5799108027597509286,14913637667779867858,365302102951785232
202411140028,"2024-11-13 16:28:49.000000",170512,42802,170127,170512,24886,1181687,267405,9855175065939095972,9722515033326723806,14950073050528271842,5161419144269661660
202411140128,"2024-11-13 17:28:49.000000",170690,42802,171064,170690,24926,1181751,264080,9575351552431606828,15793376250403767994,18361133333446669044,613176777513263606
202411140228,"2024-11-13 18:28:49.000000",170592,42802,170692,170592,24828,1179175,265927,11345109744668403229,8100598280482508353,659834026725240653,13445357761861193309
202411140328,"2024-11-13 19:28:49.000000",170643,42802,170171,170643,24815,1182482,262188,8342939750452097500,11451819661001605462,14323118823971387799,5499134546589761897
202411140428,"2024-11-13 20:28:49.000000",170585,42802,170384,170585,24926,1178718,265358,458578474345797050,13416614824279379916,2528959341459395042,5848103795437785652
202411140528,"2024-11-13 21:28:49.000000",170644,42802,170457,170644,25091,1178921,265469,3712521969511305451,6861496372367804623,4812044417958219146,4110002031610356418
202411140628,"2024-11-13 22:28:49.000000",170549,42802,169666,170549,25189,1181156,266854,9100985208584028500,2733272341813140690,2171115200163043224,8121142789111536816
202411140728,"2024-11-13 23:28:49.000000",170611,42802,170105,170611,25173,1159880,267418,7206306725579404887,9344926185879711311,14832325253125662565,10538990676425218181
202411140828,"2024-11-14 00:28:49.000000",170600,42802,170902,170600,25055,1158557,270364,6728741602919562755,12421574891192441079,13025072098581455224,14867815606587346318
202411140928,"2024-11-14 01:28:49.000000",170688,42802,171001,170688,25207,1157642,274183,2788156400311170895,6553518748964384625,16033684342581750132,14639220072880359338
202411141028,"2024-11-14 02:28:49.000000",170669,42802,170887,170669,25304,1173039,265037,8017430481202434092,15822693343100440478,7368252320072807121,1629584961149059975
202411141128,"2024-11-14 03:28:49.000000",170670,42802,170652,170670,25100,1171993,265302,5341563509607312664,6050471112024379820,17801302447804376363,10270083032565213485
202411141228,"2024-11-14 04:28:49.000000",170629,42802,170076,170629,25262,1159386,268438,5991180462552831968,15280855110144216,1692465103433613308,17381169388978465470
202411141328,"2024-11-14 05:28:49.000000",170599,42802,170468,170599,25227,1155811,271368,8633095560956815669,1668692420025409949,11464922289316404942,14244075523091034732
202411141428,"2024-11-14 06:28:49.000000",170544,42802,171485,170544,25068,1154854,273817,17134115611499486407,1393257696786779653,9277668464834626972,12026560680287055238
202411141528,"2024-11-14 07:28:49.000000",170581,42802,170836,170581,25331,1152014,275296,3010074790271554155,15015264562046717549,14754755974790530107,12851279050782629817
202411141628,"2024-11-14 08:28:49.000000",170566,42802,170806,170566,25327,1154111,272205,7335858157317843920,1355339910508025552,13017087918007006680,2970613144803373316
202411141728,"2024-11-14 09:28:49.000000",170483,42802,170450,170483,25324,1148718,276126,5531791088281035635,9818827406968677297,4299540288199571947,7370621072455433491
202411141828,"2024-11-14 10:28:49.000000",170502,42802,170788,170502,25497,1148313,277546,14554541581297363116,1390323557425662920,13998536321797033693,7108331158407401057
202411141928,"2024-11-14 11:28:49.000000",170576,42802,171108,170576,25316,1149222,270985,17183208561774418142,10654865571216040730,6655000749969768434,12521334039507778624
202411142028,"2024-11-14 12:28:49.000000",170563,42802,171323,170563,25290,1169296,271536,15768975329050097562,16103102980117675394,18064447384042143800,8081767708600007974
202411142128,"2024-11-14 13:28:49.000000",170584,42802,170153,170584,25118,1179737,266742,3350630605658275970,494856673014813754,17455417481504543513,13815169278495522635
202411142228,"2024-11-14 14:28:49.000000",170589,42802,169834,170589,24973,1177858,265391,17786735958933636146,3713291315260306454,12457363370920976873,32444655128544707
202411142328,"2024-11-14 15:28:49.000000",170624,42802,169714,170624,24797,1189744,261518,2264968283400151232,15981461036911867872,2443179309910460604,3135911544213930646
202411150028,"2024-11-14 16:28:49.000000",170683,42802,170501,170683,24864,1181405,265425,4335424679891540692,1045014597905011014,10655818134080928966,12079148716567112424
202411150128,"2024-11-14 17:28:49.000000",170602,42802,171422,170602,24711,1181875,264271,10904335626360757097,4160501752886380743,398859031463405368,14001272173883026654
202411150228,"2024-11-14 18:28:49.000000",170639,42802,170692,170639,24807,1185716,262725,11931911906512478865,11095453892604165451,17027600677657555609,15675230683525206275
202411150328,"2024-11-14 19:28:49.000000",170637,42802,170604,170637,24822,1177447,269990,2407455004582731746,7417440187611317462,4060649080686933487,14037460260736989961
202411150428,"2024-11-14 20:28:49.000000",170582,42802,169813,170582,24950,1179301,267098,17293999386843888580,972036323444858702,6303855410073476081,4107956910772856269
202411150528,"2024-11-14 21:28:49.000000",170569,42802,169692,170569,24945,1178688,266959,12894786924325376659,14736004032030477945,3074171888873752999,17350034178072965333
202411150628,"2024-11-14 22:28:49.000000",170538,42801,170200,170538,24968,1165913,272355,13540802040958975220,5548048405916116464,2325534622113232829,4560149687173019611
202411150728,"2024-11-14 23:28:49.000000",170587,42802,170076,170587,25069,1159811,272355,691974457366053447,9762609239627938939,859812338519578728,1601001364132717818
202411150828,"2024-11-15 00:28:49.000000",170653,42802,170703,170653,24930,1157666,271793,7123094082895523610,5893499585309511542,4533376689361931913,4699187279156299097
202411150928,"2024-11-15 01:28:49.000000",170677,42802,170512,170677,25254,1156735,276607,1867857515475840378,2875833071609701478,2877027282218023300,16543692991383109468
202411151028,"2024-11-15 02:28:49.000000",170615,42802,170417,170615,25131,1148669,278167,8277473020366002011,7164108694534952815,729810806354035592,6507440944231587718
202411151528,"2024-11-15 07:28:49.000000",170525,42802,170817,170525,25563,1155829,269044,14369565132839822797,9290904484023166099,17448576944334849719,16617300018154341489
202411151628,"2024-11-15 08:28:49.000000",170621,42802,170321,170621,25317,1152636,265446,16624919417787890562,15040566245110560274,4421854522845499580,2151179483561713676
202411151928,"2024-11-15 11:28:49.000000",170445,42802,169856,170445,25327,1155979,274559,14506296306408088925,5508604615176031363,9737851897947564023,4247422154488865723
202411152028,"2024-11-15 12:28:49.000000",170532,42802,171072,170532,25123,1164121,271134,744844068373038799,1285541993853091353,11353598476018505240,11363287957416569662
202411152128,"2024-11-15 13:28:49.000000",170550,42802,171360,170550,25100,1171572,266010,8386158626919670011,6483625281734424285,9435060351414154624,10780994376208767432
202411152228,"2024-11-15 14:28:49.000000",170531,42802,170164,170531,24899,1181504,261872,9685248716827224021,15584195323905291397,3307937306236117936,7465686802702344954
202411152328,"2024-11-15 15:28:49.000000",170626,42802,170468,170626,24899,1179222,266237,12321643573646659364,1631646876957779618,169529620815974225,8954638751902780783
202411160028,"2024-11-15 16:28:49.000000",170652,42802,170751,170652,24661,1182937,263368,8761576041239153292,2616471027409218938,9226563077440668165,13616406382788463279
202411160128,"2024-11-15 17:28:49.000000",170653,42802,170406,170653,24699,1184305,261623,2220891465749165905,5874500720074640643,421820773229416910,5502269765978576740
202411160228,"2024-11-15 18:28:49.000000",170566,42802,170274,170566,24682,1184163,262822,12648945267870269268,6652873070556017136,1940133176073978030,12319982201129986546
202411160328,"2024-11-15 19:28:49.000000",170648,42802,170736,170648,24853,1181903,263713,10324115862307513676,15599232537241963978,7594461170770606259,5786348219741663515
202411160428,"2024-11-15 20:28:49.000000",170631,42802,170884,170631,24675,1179390,264465,573940556983060283,3216372931967898901,15299015827162086257,11902810352833133049
202411160528,"2024-11-15 21:28:49.000000",170564,42802,170266,170564,24932,1180772,266680,3165483715784966909,1804306887227719627,17951679141593284636,319854940464327366
202411160628,"2024-11-15 22:28:49.000000",170498,42802,169856,170498,24948,1174402,269627,13904806789867758173,1537276324296121351,17634245001688458341,4929803864027485593
202411160728,"2024-11-15 23:28:49.000000",170463,42802,170828,170463,24980,1166548,270789,17967373631393622369,18191245694049086487,4526086302419903764,5715453146788051536
202411160828,"2024-11-16 00:28:49.000000",170547,42802,170586,170547,25093,1163378,267908,4370089399612220972,7284669683706731636,18372301410681571931,11005032776982572007
202411160928,"2024-11-16 01:28:49.000000",170520,42802,169875,170520,25237,1153854,268954,8455541422863211443,1002765761438468251,9290865206160164532,11748955202132780530
202411161028,"2024-11-16 02:28:49.000000",170576,42802,169871,170576,25423,1164517,269873,8877759284207800059,12237589602702598409,14109472607515470975,13412555602487261117
202411161128,"2024-11-16 03:28:49.000000",170557,42802,169999,170557,24972,1165395,269716,10424817208824319465,741902745140490933,7378122352940008911,9849598394030050947
202411161228,"2024-11-16 04:28:49.000000",170597,42802,170593,170597,25155,1165487,269328,10935453809243306374,3206344125664228244,10208633137736104598,3857562291003416548
202411161328,"2024-11-16 05:28:49.000000",170529,42802,171271,170529,25156,1162851,264693,1518031401845366621,11698623074014341199,17517174875165831500,15211527165591451272
202411161428,"2024-11-16 06:28:49.000000",170523,42802,170281,170523,25225,1163162,264972,4268836878831549885,4677230390426025783,4697676191957757154,7039097036483623038
202411161528,"2024-11-16 07:28:49.000000",170505,42802,170943,170505,25096,1150876,271483,13777619503010523926,18111833307606534102,13180530188629032745,14503225601587369791
202411161628,"2024-11-16 08:28:49.000000",170588,42802,169948,170588,25433,1150579,267507,1429210815716603640,15333355713761244330,4057122415605428133,14279104389433963451
202411161728,"2024-11-16 09:28:49.000000",170519,42802,170873,170519,25199,1141885,270735,14436828016340335401,15944760560640454039,3077181989620149269,8867205152957271185
202411161828,"2024-11-16 10:28:49.000000",170520,42802,169750,170520,25241,1150585,274206,4430951522152106030,18201703326047759702,7365622965982492360,11438228179493727964
202411161928,"2024-11-16 11:28:49.000000",170451,42802,170076,170451,25225,1158651,266563,10474905995304156380,11561382777613025324,5343167192556636424,9350984408176008444
202411162028,"2024-11-16 12:28:49.000000",170523,42802,170575,170523,25318,1165487,270501,9723380269160364073,15077526815791626013,12163127854672384981,6873560312729599035
202411162128,"2024-11-16 13:28:49.000000",170610,42802,170703,170610,25157,1174944,264300,9230338797204078399,2439417020890883809,3231749385888953683,16965086657648558919
202411162228,"2024-11-16 14:28:49.000000",170586,42802,170160,170586,25031,1179750,267413,58495865729128172,10636711413670691088,4176821278571433137,4006125958201274829
202411162328,"2024-11-16 15:28:49.000000",170593,42802,169988,170593,24919,1182317,262602,2542121498709780041,9915044951414142931,4480867480099508835,6262168792708374099
202411170028,"2024-11-16 16:28:49.000000",170636,42802,171348,170636,24772,1185950,263746,6837392812342207143,13317333359646749607,942697717334622290,16577230933971520584
202411170128,"2024-11-16 17:28:49.000000",170683,42802,170501,170683,24848,1190613,260179,10626294739278975173,8020160651281866851,6177887535407934130,16849473552324914596
202411170228,"2024-11-16 18:28:49.000000",170661,42802,170384,170661,24918,1184839,263114,12339726497510467446,17451462437569688742,11539333751711906314,11490175200113350116
202411170328,"2024-11-16 19:28:49.000000",170691,42802,171101,170691,24836,1185097,260899,17175254982101007376,2923912519496241508,8615448757927537216,1147701142361955264
202411170428,"2024-11-16 20:28:49.000000",170709,42802,171016,170709,24875,1186267,259557,6734043090465792448,14172488512255026980,5479014636200238709,4219341722817390753
202411170528,"2024-11-16 21:28:49.000000",170681,42802,171393,170681,23346,1199123,254146,10508196085133216469,3929986391442214145,10245251711360419106,11623845402727485630
202411170628,"2024-11-16 22:28:49.000000",170676,42802,170138,170676,22964,1185409,251669,13434252561077780122,3527793108425210814,1848772322155522099,10897054125317726117
202411170728,"2024-11-16 23:28:49.000000",170711,42802,171212,170711,22948,1187495,251921,12800352016647027456,13699349071027651532,15032511243906327852,314101349548451466
202411170828,"2024-11-17 00:28:49.000000",170756,42802,170321,170756,23883,1200797,274458,5988270176953212121,3385526227584223365,701363489180983080,6597658496590637804
202411170928,"2024-11-17 01:28:49.000000",170548,42802,170461,170548,24295,1169962,261006,14355976841435489095,7696820375284239451,7103706337879734646,13195874336205760756
202411171028,"2024-11-17 02:28:49.000000",170548,42802,170659,170548,24594,1172528,259168,2665484765938488700,4382305183531539432,9380856194431648123,7047999263107680787
202411171128,"2024-11-17 03:28:49.000000",170502,42802,170516,170502,24611,1163126,261475,689169113633874274,2967816190226457222,13472274521831742509,2841088855478897897
202411171228,"2024-11-17 04:28:49.000000",170540,42802,170296,170540,24270,1174595,254267,16352427916347971966,11895430855691506886,2051078054980331198,121965349996752078
202411171328,"2024-11-17 05:28:49.000000",170550,42802,171245,170550,24698,1169768,258516,1689976662483284894,5134129287237346432,11400807317873042708,1211716858472361034
202411171428,"2024-11-17 06:28:49.000000",170584,42802,170784,170584,24546,1173931,256021,18420315510637849693,4736090884355178211,14851193694571515634,8424267033182149386
202411171528,"2024-11-17 07:28:49.000000",170521,42802,170828,170521,24416,1168252,255630,16355216061474206561,7890205494034300515,10073939406684594970,15271964789097968440
202411171628,"2024-11-17 08:28:49.000000",170628,42802,169853,170628,24377,1166193,252209,5938636255212042643,16020660370425247831,1914237973732412743,5549967469806978315
202411171728,"2024-11-17 09:28:49.000000",170548,42802,170652,170548,24723,1165123,256183,15808261595995151893,9123379048458363631,17907603288081910377,17418205467430705637
202411171828,"2024-11-17 10:28:49.000000",170444,42802,170494,170444,24613,1159072,261096,9332641822480327345,4490744107608627933,14679863693861115205,13086730758427482967
202411171928,"2024-11-17 11:28:49.000000",170555,42802,170450,170555,24629,1167783,258305,8060826747716570520,13193329899689972976,2088887722362063775,3027981543052073995
202411172028,"2024-11-17 12:28:49.000000",170621,42802,170149,170621,24275,1179334,256524,13500801702244027970,11414438604320562760,2476551627243417420,13615206986455789850
202411172128,"2024-11-17 13:28:49.000000",170645,42802,170677,170645,24119,1183161,256978,12087909821721572147,13665825082786950579,3195629647527703831,5705533637245559375
202411172228,"2024-11-17 14:28:49.000000",170669,42802,170943,170669,24274,1185612,258550,8140347325547247150,17884981952167441776,3554741010242961295,12531696188476743031
202411172328,"2024-11-17 15:28:49.000000",170680,42802,170865,170680,24103,1189504,251916,3639635084002427062,3310678631586737934,7162025715569963847,210007726532249899
202411180028,"2024-11-17 16:28:49.000000",170634,42802,170965,170634,24028,1188599,256713,13014851141632796081,5474614529880975305,5827568867489932093,15381772558808350953
202411180128,"2024-11-17 17:28:49.000000",170712,42802,170659,170712,24088,1201191,257951,2647855204847732876,5876809642247431590,13300619001662843992,7768375418383809952
202411180228,"2024-11-17 18:28:49.000000",170550,42802,170281,170550,24169,1182749,262121,14231276398613117129,2754839358001918181,9482393461776202509,383329105483640389
202411180328,"2024-11-17 19:28:49.000000",170702,42802,171090,170702,24211,1192392,256803,4061921874697353789,17305016761300389495,3305535698442834171,7358600103182141151
202411180428,"2024-11-17 20:28:49.000000",170738,42802,171330,170738,21284,1195314,241667,437929904895104937,4073879928998677535,2981192084734468471,4264826456504337177
202411180528,"2024-11-17 21:28:49.000000",170814,42802,170597,170814,21717,1215958,264391,9784404276828356701,11919923939436636993,4690893757940930083,12603726595871914871
202411180628,"2024-11-17 22:28:49.000000",170697,42802,170998,170697,22000,1183841,249906,4402566012155048342,10544326985607582290,8942330458036848449,12113052661324857323
202411180728,"2024-11-17 23:28:49.000000",170629,42802,170417,170629,22433,1175089,250565,17057262287194136672,3668963163279198006,264811365980047715,10570063280884175773
202411180828,"2024-11-18 00:28:49.000000",170638,42802,170534,170638,22166,1165130,252263,12742882396889643654,3042337709086729200,1809236082934618772,10951379571461209832
202411180928,"2024-11-18 01:28:49.000000",170732,42801,171001,170732,22463,1171290,252991,3405899494503687164,793741334361537350,7324398605609803885,11577865250883508081
202411181028,"2024-11-18 02:28:49.000000",170731,42802,170821,170731,22456,1170897,248829,7261364875364948659,1871624419099851265,1386740482749749548,7262182574194136754
202411181128,"2024-11-18 03:28:49.000000",170691,42802,171053,170691,22405,1161439,256650,9750922749720931325,4536280262359180513,14766523668687927435,15941061591149742627
202411181228,"2024-11-18 04:28:49.000000",170657,42802,170950,170657,22712,1163947,255630,2688414785856065997,7335344369498115669,9271217222505879306,10850586696012513732
202411181328,"2024-11-18 05:28:49.000000",170751,42802,170230,170751,22896,1169948,258223,14328373938014120938,15154034659126068412,14517088691653867397,7470486306028781013
202411181428,"2024-11-18 06:28:49.000000",170740,42802,169904,170740,22490,1155954,255028,7136559294864844576,4953933326704860122,5224111869918117096,15762690508212504610
202411181528,"2024-11-18 07:28:49.000000",170675,42802,171186,170675,22696,1153144,257154,11144636878076783562,4561100812510275440,17597385081948428335,6514971635984041449
202411181628,"2024-11-18 08:28:49.000000",170549,42802,170954,170549,22539,1151932,258287,10357588359667974574,7293666318380702376,12912899969851118726,7132176203525223464
202411181728,"2024-11-18 09:28:49.000000",170635,42802,170428,170635,22803,1153871,255968,7398860471255032538,17924744674807574408,9339873247532352664,3335954448670756244
202411181828,"2024-11-18 10:28:49.000000",170616,42802,170854,170616,22825,1157379,258617,681453329418590689,1807127751469073901,4235843853416511367,4519744004190880203
202411181928,"2024-11-18 11:28:49.000000",170540,42802,170153,170540,22613,1162818,258097,7710527999845675924,11939043918851226118,12159995184166597043,15698407089714086719
202411182028,"2024-11-18 12:28:49.000000",170445,42802,171145,170445,24434,1165500,265380,14574946975637491481,10988371505582731577,240352091345695806,3111349884413254322
202411182128,"2024-11-18 13:28:49.000000",170503,42802,170285,170503,24500,1171742,266644,10904520826736926175,15304059598690961561,13640902845401276953,17246977172489743867
202411182228,"2024-11-18 14:28:49.000000",170710,42802,170722,170710,24189,1176785,270084,11860641966836346830,3694478363767549778,6905302994537438168,16385380655943726870
202411182328,"2024-11-18 15:28:49.000000",170658,42802,170329,170658,24438,1175287,270890,8714474211837876704,5540005872896595590,6227960587137159271,14378940827524788707
202411190028,"2024-11-18 16:28:49.000000",170521,42802,170564,170521,24081,1179151,266907,13110422556311467412,2006424439306675130,10849657751907751143,10419209044182331765
202411190128,"2024-11-18 17:28:49.000000",170645,42802,169951,170645,24439,1180179,267993,10967178477472290674,5987175779715080916,4791515053551327513,9726621093022803553
202411190228,"2024-11-18 18:28:49.000000",170756,42802,171389,170756,24132,1185434,263245,12852234438901498335,7824160576914689883,9271325815422755773,8500528341742506241
202411190328,"2024-11-18 19:28:49.000000",170669,42802,171622,170669,24132,1184286,262097,17321116891544535407,6861791870250645891,10871125580316878086,7171004951563947192
202411190428,"2024-11-18 20:28:49.000000",170611,42802,170281,170611,23316,1183522,260134,17299902766229506594,9198176082768799042,15934713464042719881,16988536929955031669
202411190528,"2024-11-18 21:28:49.000000",170703,42802,170314,170703,22520,1186687,255982,10277208816376166266,3423253071243133264,11371931358697587948,4884413047873827864
202411190628,"2024-11-18 22:28:49.000000",170778,42802,171393,170778,22418,1189413,265939,3604083013026312434,9464174855289655046,775567631662748933,13440282552266388535
202411190728,"2024-11-18 23:28:49.000000",170781,42802,170806,170781,23493,1179956,286288,7462047478751510375,9514259096605231695,13961654853696902933,14537337033110480077
202411190828,"2024-11-19 00:28:49.000000",170897,42802,171567,170897,23751,1157148,274088,17803655834100354744,13634712795574816242,2131429579132400078,4881235575202460872
202411190928,"2024-11-19 01:28:49.000000",170655,42802,170950,170655,23916,1160864,266961,7137097002434609510,4348760426492203050,5916766595681338902,16648384153172493010
202411191028,"2024-11-19 02:28:49.000000",170629,42802,170149,170629,23606,1173296,258449,16100139471570330241,13849176066438338151,18362881277590156749,14079360806183836009
202411191128,"2024-11-19 03:28:49.000000",170701,42802,170167,170701,23558,1161886,266785,11753718089993116975,6385359035658016463,6498830243079287105,12513765528405247161
202411191228,"2024-11-19 04:28:49.000000",170620,42802,170413,170620,22917,1156310,265002,1419204106165231794,1857075123396779484,13687342710515298102,12244939902237092408
202411191328,"2024-11-19 05:28:49.000000",170676,42802,169736,170676,22834,1165996,264281,7027689709806742437,16066813679041787157,640880587743401061,13192427410030786627
202411191428,"2024-11-19 06:28:49.000000",170635,42802,170847,170635,22796,1165554,264725,5980114527029997399,1951721233652648553,14237440979407709897,8274881152326076915
202411191528,"2024-11-19 07:28:49.000000",170641,42802,171142,170641,23020,1159696,259114,3863082803405893260,6491397901335289026,10246240154460706813,6442161968891357195
202411191628,"2024-11-19 08:28:49.000000",170546,42802,170784,170546,23814,1152723,268318,9511064884158360819,6700670374665810537,16428138334360398014,16726107476596283628
202411191728,"2024-11-19 09:28:49.000000",170641,42802,170362,170641,23950,1166328,256100,8959618310079606636,4648292567734432394,11274833285908625586,14083212695930233506
202411191828,"2024-11-19 10:28:49.000000",170478,42802,170711,170478,23873,1156904,263749,17604749129464475918,2006999822375113702,3066444220627371998,9109375653381620006
202411191928,"2024-11-19 11:28:49.000000",170567,42802,170127,170567,24147,1163793,260943,8801373354138559691,13754763612714685775,3382334978763800065,9258566677335358583
202411192028,"2024-11-19 12:28:49.000000",170647,42802,170803,170647,23688,1169305,263007,14439199767030172628,2670535411150754160,5269526937263003777,6059915019978073503
202411192128,"2024-11-19 13:28:49.000000",170642,42802,170527,170642,24453,1179644,265851,13925923047129681643,8608795413333888297,17576744468520766642,8082756142686017046
202411192228,"2024-11-19 14:28:49.000000",170659,42802,170744,170659,24540,1181821,269237,17484428785558308418,988827122385401546,10243561987209271570,14262682702561292430
202411192328,"2024-11-19 15:28:49.000000",170644,42802,171108,170644,24209,1187544,264812,6515173433426709082,12678237975484899946,1363716220897595496,4377839033008011340
202411200028,"2024-11-19 16:28:49.000000",170689,42802,170277,170689,24232,1201883,259949,2368911873584397012,8841737788672529634,391427382610306090,6964587185350727622
202411200128,"2024-11-19 17:28:49.000000",170724,42802,170681,170724,24489,1186548,260917,7659514695053671119,6044548455348096343,6175830412351955842,16306675270755655280
202411200228,"2024-11-19 18:28:49.000000",170645,42802,170475,170645,24473,1176691,266156,9973438832464598179,15237363541042337527,8281340054455239249,14878245138111160647
202411200328,"2024-11-19 19:28:49.000000",170738,42801,170409,170738,24553,1182291,262882,1578477328332022623,12755096284296591373,11040990735332696140,17722222397612938144
202411200428,"2024-11-19 20:28:49.000000",170646,42802,170611,170646,23627,1180007,258534,14483777545910195738,15337284109353733314,5398965529511763313,826090122189258219
202411200528,"2024-11-19 21:28:49.000000",170571,42802,170318,170571,23644,1177463,260836,1199710169274255622,3328336867608367736,5650302519243272507,9095542684452422605
202411200628,"2024-11-19 22:28:49.000000",170664,42802,170274,170664,23607,1177303,272824,7446856492422431338,17667427992430455454,3574316209895172348,7876700805573225600
202411200728,"2024-11-19 23:28:49.000000",170692,42802,170784,170692,23973,1197512,285444,1957850186322846476,6398261341276768296,1544748907091574035,15895419220211357795
202411200828,"2024-11-20 00:28:49.000000",170672,42802,170472,170672,23779,1154462,263650,1272355816941095772,12255080479004716418,6977093849779089470,17251622921741432994
202411200928,"2024-11-20 01:28:49.000000",170588,42802,170450,170588,24055,1153171,268827,16780757253478852839,18040678573627707513,6609445103411710522,14427323863569130866
202411201028,"2024-11-20 02:28:49.000000",170627,42802,170939,170627,23983,1159539,265285,8560173891550464739,9715271744177757645,8728946671384527120,5734182800884586176
202411201128,"2024-11-20 03:28:49.000000",170669,42802,170718,170669,23898,1168856,260251,14944622378008801691,1858555675257799839,16441841519891987087,12493197314529319857
202411201228,"2024-11-20 04:28:49.000000",170579,42802,170825,170579,24219,1164519,266907,11277691736493907362,5704624704641216724,4219168819821533878,14795524387733252904
202411201328,"2024-11-20 05:28:49.000000",170672,42802,171323,170672,24218,1173692,261553,14959584510472722595,14586686506766797905,13969877251210476841,13802101611869036551
202411201428,"2024-11-20 06:28:49.000000",170721,42802,171815,170721,23820,1154475,259127,14219691493022448290,16417363174385484670,5177615801163684556,2475467246305181046
202411201528,"2024-11-20 07:28:49.000000",170599,42802,170589,170599,23818,1150140,263219,16891957619369131255,10108036217633610481,7678291939363066727,8807005796787048095
202411201628,"2024-11-20 08:28:49.000000",170509,42802,170310,170509,24108,1155741,262967,14424303701287997012,17883169553469596526,3676649011964595711,8224614215043250277
202411201728,"2024-11-20 09:28:49.000000",170577,42802,171186,170577,24268,1146525,264868,364922868480313230,9980737707028358018,6492108586774100580,15365217834602753260
202411202028,"2024-11-20 12:28:49.000000",170567,42802,170274,170567,24932,1169230,266410,7084073011862123027,15914506897208983111,13327173307832570268,6165275336854793446
202411202328,"2024-11-20 15:28:49.000000",170666,42802,169995,170666,24830,1191626,256251,15198225788049588642,2601862331471201534,2566871370626626110,16939769270053406122
202411210028,"2024-11-20 16:28:49.000000",170750,42802,171496,170750,24762,1193798,255189,6605821055596629541,6398017398265393169,13219875449607747422,13604315137592482862
202411210128,"2024-11-20 17:28:49.000000",170607,42802,170681,170607,24803,1194980,260659,14157404450366368853,11242704542382889979,7875389667021730764,18053353602632834722
202411210228,"2024-11-20 18:28:50.000000",170756,42802,170773,170756,24667,1190775,254432,5463641975980402698,5406639659850190906,9774300188169602794,3975455156396912264
202411210328,"2024-11-20 19:28:49.000000",170649,42801,170593,170649,24724,1183589,258344,6833281674693564320,17232830696581419046,1418700376705464615,18343151575886910557
202411210428,"2024-11-20 20:28:49.000000",170660,42802,170917,170660,24905,1180001,261079,6435843049498377696,11586080950278849694,16749849627198525113,8809575612450940333
202411210528,"2024-11-20 21:28:49.000000",170654,42802,170391,170654,22843,1184027,248504,1095152066466631094,9463321284842863342,16085759555874852396,14011749012417321186
202411210828,"2024-11-21 00:28:49.000000",170666,42802,170167,170666,22870,1162594,252680,14458542167849717817,8507750340985403607,11431317362897716765,16752507919385564619
202411210928,"2024-11-21 01:28:49.000000",170743,42802,171663,170743,23267,1164144,255201,10897039369905904502,7922602278983213198,7091020689719050502,4455835437824591264
202411211028,"2024-11-21 02:28:49.000000",170674,42802,170895,170674,22923,1155351,257492,17243688343009396828,15219639053417079038,1406796420860612801,10683564556311383891
202411211128,"2024-11-21 03:28:49.000000",170702,42802,170861,170702,22471,1167554,252271,8526154279123575151,17121294275084256811,596756416820858160,3178315851596440182
202411211228,"2024-11-21 04:28:49.000000",170676,42802,171441,170676,22161,1167319,254719,7577976559416279425,13595582940922567365,925255328574975129,12337691485351352161
202411211328,"2024-11-21 05:28:49.000000",170749,42802,170913,170749,22069,1163590,248985,13224630048177108069,1224139508058434353,12257720153674567788,15994686096354292390
202411211428,"2024-11-21 06:28:49.000000",170666,42802,170556,170666,22027,1161181,256804,5044249012831114040,4086859285936998592,15798078701615993064,16471733087760934914
202411211528,"2024-11-21 07:28:49.000000",170633,42802,170950,170633,22341,1161541,252787,12779760819779332949,11299696526689082869,843934473420182429,13198204757286486583
202411211628,"2024-11-21 08:28:49.000000",170596,42802,169842,170596,21982,1152897,251021,2564485984659834613,11676507189268025837,2351833101317895459,7097271708708212519
202411211728,"2024-11-21 09:28:49.000000",170536,42802,170781,170536,22703,1145055,252860,8616319391618428475,16606703263797793405,13383763382191546325,9996358872592696637
202411211828,"2024-11-21 10:28:49.000000",170478,42802,170968,170478,23701,1151096,264085,11896951381875645618,4131923208358529030,13488119227903589538,17412093210715218058
202411211928,"2024-11-21 11:28:49.000000",170540,42802,169827,170540,23865,1148167,265419,15698738925838248735,4825572876984266957,8868630685354355361,3135894226427196505
202411212028,"2024-11-21 12:28:49.000000",170601,42802,170402,170601,24729,1165181,264924,6167680130274406380,3479375657619249194,2661745011119108563,18156000472246410205
202411212128,"2024-11-21 13:28:49.000000",170723,42802,170384,170723,24825,1177654,260775,9985657615094545387,13614456592062508841,3207456928775702415,17163336447427774189
202411212228,"2024-11-21 14:28:49.000000",170745,42802,170946,170745,24782,1177102,259354,8666813230595980683,18401200544999747927,4214611473765278478,4185015551423507422
202411212328,"2024-11-21 15:28:49.000000",170656,42802,170391,170656,24850,1177159,264950,14968267704616657200,3893683743582884308,15632045051584618271,15371723012510008245
202411220028,"2024-11-21 16:28:49.000000",170693,42802,171101,170693,24649,1175843,263406,144296133728768209,14497005199624132345,7595758449339967080,18346286106669280252
202411220128,"2024-11-21 17:28:49.000000",170672,42802,170149,170672,24624,1187667,259345,14311706594998586689,876146770938125453,17563633486293770769,14792331898433782257
202411220228,"2024-11-21 18:28:49.000000",170689,42802,170362,170689,24860,1184096,263972,10059624386371268420,16317733303148492622,7721736086735356591,18193604324371289185
202411220328,"2024-11-21 19:28:49.000000",170628,42802,170553,170628,24705,1183406,260785,11238311960133576237,15452542338891741677,6452847967128048166,1478043066658869800
202411220428,"2024-11-21 20:28:49.000000",170732,42802,170497,170732,23081,1187604,251307,12716177318563574558,1500167515053046288,10999931804796894495,5262992582334757441
202411220528,"2024-11-21 21:28:49.000000",170638,42802,170204,170638,22265,1179468,253554,3730734262698434302,5835940794130279050,7611474613728146646,2295067199897412218
202411220628,"2024-11-21 22:28:49.000000",170869,42802,170648,170869,22157,1146367,282592,1055661226721443451,14658807544575378993,7895940211253854814,2364064477706262738
202411220728,"2024-11-21 23:28:49.000000",170755,42802,170843,170755,22619,1166429,255525,9674177256247799176,9883833812521054590,10065298318679721784,7955775464574188338
202411220828,"2024-11-22 00:28:49.000000",170824,42802,171596,170824,22784,1120868,302910,3299077403365350836,16731598024095120980,12553143060535566100,9304318726779504672
202411220928,"2024-11-22 01:28:49.000000",170864,42802,171171,170864,23025,1109464,306869,12652799205769786285,4495067385083096915,7027713351913833788,5263044150783592560
202411221028,"2024-11-22 02:28:49.000000",170869,42802,171360,170869,22927,1141805,270359,12140368230438785224,1086902274789113716,6760720144900955247,15649081012270790713
202411221128,"2024-11-22 03:28:50.000000",170860,42802,170277,170860,22723,1147289,269687,8509503235293666163,10831854044382688383,5367129362944135277,17234091744106876867
202411221228,"2024-11-22 04:28:49.000000",170771,42802,170549,170771,23122,1150466,274292,14251601887278788427,10503608399682135713,5739645423229786270,12848478137483877916
202411221328,"2024-11-22 05:28:49.000000",170795,42802,170299,170795,22986,1149554,272041,6002463938846975554,14020040665452176710,16403759589511219749,10816008530505403505
202411221428,"2024-11-22 06:28:49.000000",170843,42802,171293,170843,23295,1149665,267526,13728181180445350461,4686161439279067621,9260174748141513993,4191406604267409063
202411221528,"2024-11-22 07:28:49.000000",170839,42802,170876,170839,23241,1159548,262494,15238975437063296728,7733056847891676420,9813916578380314781,2065884712034109611
202411221628,"2024-11-22 08:28:49.000000",170780,42802,171167,170780,23838,1164802,259707,16489467008385755364,12507770960558917596,6493592512001386319,13641217002181215267
202411221728,"2024-11-22 09:28:49.000000",170606,42802,171064,170606,24378,1162859,260012,12081935539794287179,8575586304014144683,16393647644580916949,3403536388845309071
202411221828,"2024-11-22 10:28:49.000000",170494,42802,170058,170494,24036,1152553,264165,15879941503485337929,5877015802492964871,12114409849209428874,7338183520379831096
202411221928,"2024-11-22 11:28:49.000000",170609,42802,170358,170609,24432,1171282,259026,519023294103014869,2959754698179424753,12454337406646645204,4441369143869104472
202411222028,"2024-11-22 12:28:49.000000",170548,42802,169875,170548,25191,1137154,263284,16086180355657583168,10953932340402106648,12492014257207356675,8632256602079271369
202411222128,"2024-11-22 13:28:49.000000",170634,42801,171197,170634,25179,1165371,288488,10602865986024702238,10600885707505280620,106857077630106055,17117920056312137893
202411222228,"2024-11-22 14:28:49.000000",170568,42802,170512,170568,25003,1163586,288729,3721957688567098778,5105469276318779072,8688496174241410400,79083748620326124
202411222328,"2024-11-22 15:28:49.000000",170647,42802,170608,170647,25119,1143928,257925,8270183321494823185,3048885666377224595,13518720596934637499,5184171852569297401
202411230228,"2024-11-22 18:28:49.000000",170664,42802,170931,170664,24889,1145890,255707,1362484587795628109,12034176379633914755,15756872078657239623,4896965708513376197
202411230328,"2024-11-22 19:28:49.000000",170588,42802,171193,170588,24855,1142969,255430,14000349262673457591,4618027122427019765,17439892444107341981,11367424377159734501
202411230428,"2024-11-22 20:28:49.000000",170534,42802,170281,170534,25086,1144697,254644,10829273855442613273,13631524835674308881,4140155178341854351,6380682241838595121
202411230528,"2024-11-22 21:28:49.000000",170567,42802,171215,170567,24750,1141850,256997,9963779127277297877,7221131848950693157,17584367411905782581,12682229427722049165
202411230628,"2024-11-22 22:28:49.000000",170642,42802,169999,170642,23937,1146814,246522,17361617243953983170,8620012359718659122,9380469443744586413,6977447096016080961
202411230728,"2024-11-22 23:28:49.000000",170545,42802,170611,170545,23720,1134797,250298,5298094293374346653,10712142584247423381,7008690578202914642,12941551039471191154
202411230828,"2024-11-23 00:28:49.000000",170588,42802,171160,170588,24072,1125418,250971,17562524112607191437,403784017390462135,7536507878899123097,3866911434085468637
202411230928,"2024-11-23 01:28:49.000000",170495,42802,169878,170495,24149,1127776,253904,9664230389211725450,7972335872666251582,14041694411204534102,9627040168583949096
202411231028,"2024-11-23 02:28:49.000000",170502,42802,169612,170502,24017,1131279,251979,15258065350887234544,10216155369862254260,13225376867543559582,13753913925804595496
202411231128,"2024-11-23 03:28:49.000000",170536,42802,169999,170536,23975,1128257,253987,13692601096024077481,17423884911913023387,2611640843084581626,13579792141809551880
202411231228,"2024-11-23 04:28:49.000000",170567,42802,170182,170567,23953,1130535,250622,8148936340282861133,14595294006238381515,10349063237033559735,11886175068636873377
202411231328,"2024-11-23 05:28:49.000000",170567,42802,170810,170567,24266,1125022,254798,7415362196956607071,695136651168002079,17478280365008704461,17791109053793084779
202411231428,"2024-11-23 06:28:49.000000",170534,42802,170784,170534,24236,1124466,257321,2599172493361011984,969888722931248666,7489306730480768167,11819145228447636173
202411231528,"2024-11-23 07:28:49.000000",170529,42802,170542,170529,24058,1127518,254471,619576679002282349,11521724188668065741,12540856089097682593,7552521954296370367
202411231628,"2024-11-23 08:28:49.000000",170481,42802,171167,170481,23934,1124496,255000,1437625541637762331,2696066987412740603,5004811796255706469,3720731314549613637
202411231728,"2024-11-23 09:28:49.000000",170385,42802,170718,170385,25314,1120528,260857,3638026227764832629,7243147493761987,17127191755866229290,10960704303865638770
202411231828,"2024-11-23 10:28:49.000000",170382,42802,170395,170382,25512,1111978,261787,17412056494424780547,13351836131731739289,7991796366986186548,7699842321782133304
202411231928,"2024-11-23 11:28:49.000000",170476,42802,170354,170476,25339,1112038,263564,4879479177000014142,4467078893104233202,17250771235427081738,11321716162257426830
202411232028,"2024-11-23 12:28:49.000000",170464,42802,170758,170464,25154,1134323,256969,4639472790158866246,14323561091918037734,7821981968372428951,17503493815878102701
202411232128,"2024-11-23 13:28:49.000000",170500,42802,169575,170500,25184,1137047,259045,16002282875053989415,10902735197904309105,13129001740703388438,10742172176493052842
202411232228,"2024-11-23 14:28:49.000000",170565,42802,169743,170565,25127,1141976,256829,13572125689021290917,9207262722394558219,11594773124968927978,17038721385775972592
202411240228,"2024-11-23 18:28:49.000000",170621,42802,171522,170621,24987,1156295,255124,5463230881853034535,7794550381018375547,2981663941351731958,2846955725501502138
202411240328,"2024-11-23 19:28:49.000000",170604,42802,170821,170604,24786,1154684,254703,5451929683104289385,10394772013752686163,13291989085735736780,11316257573178860144
202411240428,"2024-11-23 20:28:49.000000",170638,42802,171094,170638,24950,1153465,254250,7787722611735500494,13087932973893138704,5249258377023102956,15996615667239414850
202411240528,"2024-11-23 21:28:49.000000",170695,42802,170707,170695,25168,1157255,254049,16361795934798347848,4451274592792766074,8385057699384222426,2189446876157019372
202411240628,"2024-11-23 22:28:49.000000",170535,42802,170622,170535,25003,1150573,256600,17300054684939203114,5612126346215145862,1436673926821011043,12972306842881637005
202411240728,"2024-11-23 23:28:49.000000",170605,42802,170670,170605,25052,1150881,252559,10287295432659216171,5922598112880802383,12276574136271632747,17527591602649991019
202411240828,"2024-11-24 00:28:49.000000",170418,42801,170873,170418,25040,1140339,256946,7343640183841588777,2132862894607907335,18254156768043844033,10356302592653516417
202411240928,"2024-11-24 01:28:49.000000",170439,42802,170711,170439,25191,1142631,256693,9202874548936146269,8533471318464799277,18024832217562252213,9937399050490410105
202411241028,"2024-11-24 02:28:49.000000",170547,42802,170722,170547,25184,1141076,256408,4739044779750577847,11836984613979925371,11305783805448584569,2862013020494858481
202411241128,"2024-11-24 03:28:49.000000",170528,42802,170483,170528,25274,1144241,257264,220522565237055808,5612900097028052592,7751220728327821333,6241370311649320179
202411241228,"2024-11-24 04:28:49.000000",170436,42802,170296,170436,25299,1127425,267075,16018389731217811155,9434227758479904005,17268391901314379745,4767769043126663627
202411241328,"2024-11-24 05:28:49.000000",170433,42802,169564,170433,25521,1129922,266462,425532704714640475,9922617759088927273,751927256920316632,13897486011144328854
202411241428,"2024-11-24 06:28:49.000000",170484,42802,170431,170484,24121,1134779,257583,3944286798299760320,4372096679995325316,13328754103632424870,17853655468530839684
202411241528,"2024-11-24 07:28:49.000000",170441,42802,171345,170441,24388,1136676,255799,8171386681629770829,17526483735218152335,1821715054620462139,12792542659671749025
202411241628,"2024-11-24 08:28:49.000000",170434,42802,170538,170434,25556,1127652,259745,17176011227334434048,6130906201952391596,16181697616991464868,14582411531656056602
202411241728,"2024-11-24 09:28:49.000000",170409,42802,170659,170409,25747,1126074,266430,14046835407310941982,9131356706775669446,6359509361959602423,3366734278008017811
202411241828,"2024-11-24 10:28:49.000000",170299,42802,170582,170299,25604,1124969,268038,5156191337433686491,7522123965904143205,8268060141585965936,6918510179913493400
202411241928,"2024-11-24 11:28:49.000000",170381,42802,170358,170381,25382,1130774,265109,5310544622083360673,5395888181295767745,4445734018621813081,7976697988629478275
202411242028,"2024-11-24 12:28:49.000000",170543,42802,171134,170543,25487,1142608,264543,4091691051119660501,8885564369188216925,2349728369693246677,9195270534112196001
202411242128,"2024-11-24 13:28:49.000000",170816,42802,170431,170816,25241,1134073,276294,4008226730481994427,16853657254573517477,6586575229944659503,11177531116759350975
202411242228,"2024-11-24 14:28:49.000000",170514,42802,170424,170514,25139,1142931,263592,7916631543693417129,13809811538738621651,2164132794070314425,11012588170201902641
202411242328,"2024-11-24 15:28:49.000000",170885,42802,171537,170885,25087,1158562,280985,4801623123948633872,12242776401956193282,16893230473322684730,17493100802040207248
202411250028,"2024-11-24 16:28:50.000000",170936,42802,170858,170936,25026,1189136,298088,11145138637080113066,7884736561368922862,10652174923719169320,570260251416992350
202411250128,"2024-11-24 17:28:49.000000",170870,42802,171116,170870,25010,1163759,283402,6898799258871859480,6772470658963828304,3236388670122975127,4428179208389851287
202411250228,"2024-11-24 18:28:49.000000",170870,42802,170689,170870,24938,1175396,277366,14028478406365013507,10243224213870833775,1259636644838311630,5119426688734836850
202411250328,"2024-11-24 19:28:50.000000",170900,42802,171138,170900,24853,1170970,279413,12659564143150643255,17982250235131346757,1066157798521214310,15498346793352350558
202411250428,"2024-11-24 20:28:49.000000",170890,42802,170674,170890,24973,1169950,283224,16790959213988781715,7300113470573027715,13537689853137184344,11011213348250948414
202411250528,"2024-11-24 21:28:49.000000",170877,42802,170428,170877,24975,1168697,283292,17489572056054772239,3838433786425455471,2037550784848353036,10871068932187555492
202411250628,"2024-11-24 22:28:49.000000",170930,42802,171241,170930,25283,1149870,297058,2920346485465154014,17783691162992572414,11180552297587909126,4846103904474021960
202411250728,"2024-11-24 23:28:49.000000",170709,42801,170050,170709,25193,1116687,303276,2434804400824851136,5441117788054547060,5829798810466232620,3890879325804765198
202411250828,"2024-11-25 00:28:49.000000",170749,42802,171142,170749,25382,1120399,313643,15486232258588701907,8179792590467263835,13754355334242897835,4976225132996799273
202411250928,"2024-11-25 01:28:49.000000",170742,42802,171352,170742,25354,1109005,323688,16344383863749512315,13183408312596897585,12693846160780441785,9006557913004151419
202411251028,"2024-11-25 02:28:49.000000",170748,42802,170619,170748,25340,1117635,315881,13525364686497924006,9881353100743956612,4162624890120613057,9816934072499949097
202411251128,"2024-11-25 03:28:49.000000",170729,42802,170237,170729,25394,1126014,310898,11989398286317354673,17503627548184138703,3819431688617488620,5197728700310391252
202411251228,"2024-11-25 04:28:49.000000",170642,42802,170792,170642,24439,1110695,326635,8794996932670553937,14687597708363833045,18228892412013994026,7426119325411478622
202411251328,"2024-11-25 05:28:49.000000",170384,42802,170854,170384,24601,1080653,347257,13867570228888993145,10313910028042479787,14382104778235628522,3217748463201467280
202411251428,"2024-11-25 06:28:49.000000",170550,42802,170061,170550,24237,1102785,332186,4683521362030698395,9774073759913228875,16237356756907082433,510733908292064127
202411251528,"2024-11-25 07:28:49.000000",170491,42802,170821,170491,24345,1101401,329241,15624634806021515301,8192628310535975545,13219717863400114515,12184948298357671301
202411251628,"2024-11-25 08:28:49.000000",170464,42802,170593,170464,24189,1106377,323629,7983276538459724647,1066318933519571931,16901698312671923109,7208353604160328601
202411251728,"2024-11-25 09:28:49.000000",170497,42802,170869,170497,24668,1097470,326005,10224125358092990950,17517440569674178900,8354761013616559618,11207028671742196744
202411251828,"2024-11-25 10:28:49.000000",170492,42802,170464,170492,25640,1098598,325892,536947528749069469,12159884858199713265,15115892072804790138,8166810553986336504
202411251928,"2024-11-25 11:28:49.000000",170385,42802,170307,170385,25558,1105910,325394,10254115003971545207,13819577376865893421,38644068837026454,14004550404462322258
202411252028,"2024-11-25 12:28:49.000000",170495,42802,170186,170495,25284,1114560,322623,10101454661836180186,9069606319915729582,731797344893110432,3450068717484933550
202411252128,"2024-11-25 13:28:49.000000",170644,42802,170200,170644,25341,1129752,317395,15602281152280816522,496505423936571692,7571667109430155463,10809958174983941667
202411252228,"2024-11-25 14:28:49.000000",170739,42802,170479,170739,25403,1142672,310758,10603777789254012719,5796309941173011473,8249907055114622122,8286571890979731702
202411252328,"2024-11-25 15:28:49.000000",170598,42802,171471,170598,24876,1151361,335648,7035464863312226544,8874392310304122998,1000623700385877757,6110550026406199559
202411260028,"2024-11-25 16:28:49.000000",170717,42802,169999,170717,24750,1144060,306544,18043427980783059758,11099819018774813138,16676243812065346713,13019015693081608065
202411260128,"2024-11-25 17:28:49.000000",170659,42802,170806,170659,25008,1150753,302164,14405450339472947270,2747104894559275662,13715038567805345395,3592212731393383981
202411260228,"2024-11-25 18:28:49.000000",170708,42802,170468,170708,24784,1148645,301854,3098035832204970217,7547030715535097023,14764950870389387448,986469315588441920
202411260328,"2024-11-25 19:28:49.000000",170697,42802,171559,170697,25056,1150540,302123,6010524824908904319,7243222974629067463,15548842928003325921,8001311223421261877
202411260428,"2024-11-25 20:28:49.000000",170726,42802,170530,170726,24862,1141146,308537,953704701091887360,2649253232365709728,9262641914457825261,12174612373875680743
202411260528,"2024-11-25 21:28:49.000000",170709,42802,170968,170709,23571,1143088,302244,14256429871868843962,1013615748707291250,16838813645576288743,12088345073916597407
202411260628,"2024-11-25 22:28:49.000000",170726,42802,170733,170726,23624,1122386,308854,16988718649871932751,1241765377060250301,10783710749970256499,2259698672870840373
202411260728,"2024-11-25 23:28:49.000000",170471,42802,171060,170471,23831,1104108,320950,1367099407195003734,10218386664809679818,18072771722899627861,10195484767321956431
202411260828,"2024-11-26 00:28:49.000000",170521,42802,170758,170521,25274,1100773,339380,11436299454228711188,5373171979088340648,9444825123594881263,5353386107780991039
202411260928,"2024-11-26 01:28:49.000000",170505,42802,170560,170505,25334,1098387,335155,8093925297742012964,4486678885149141338,7394256312738976289,1197665186828519627
202411261028,"2024-11-26 02:28:49.000000",170486,42802,170769,170486,25384,1096420,337894,13520126669289017382,945498354771698654,3147666183755443994,5649744521708643706
202411261128,"2024-11-26 03:28:49.000000",170491,42802,170858,170491,24275,1094530,330699,280373791740108345,15451197491611649857,648542312481126085,6770702565853343851
202411261228,"2024-11-26 04:28:49.000000",170469,42802,170666,170469,24221,1094184,333713,11656566870975451547,371997684656889443,5841044292415221258,9922619065270430916
202411261328,"2024-11-26 05:28:49.000000",170372,42802,169699,170372,24490,1079198,336819,12487623517382333250,17915954624380066624,4320898984487449254,7092333635365371492
202411261428,"2024-11-26 06:28:49.000000",170377,42802,170924,170377,24129,1080111,336213,10553948690903924724,11413352167072619884,6283684774775949200,9293776274145273604
202411261528,"2024-11-26 07:28:49.000000",170492,42802,170479,170492,24346,1086120,328321,17400113711948213706,10814840531655169094,16268706242533166945,4802560806230197665
202411261628,"2024-11-26 08:28:49.000000",170444,42802,170362,170444,24318,1096076,320857,7822207714991152847,1220920505009685121,9179797674901049854,14851833695624155682
202411261728,"2024-11-26 09:28:49.000000",170503,42802,170523,170503,24419,1080928,327530,11946824412503157192,14162141038974718188,18320513542833655970,7608680805625017824
202411261828,"2024-11-26 10:28:49.000000",170467,42802,170549,170467,24589,1076815,328727,16398571807069530147,6461616647084138785,4875128684175697839,6951809389183747127
202411261928,"2024-11-26 11:28:49.000000",170499,42802,171289,170499,25435,1095717,329175,18030060931422161089,1419716755214722413,8396761422379672287,7639764891792419323
202411262028,"2024-11-26 12:28:49.000000",170516,42802,171131,170516,25411,1097948,337296,9982890005415474408,11202771658200952260,15432312364332479634,10088779556251626128
202411262128,"2024-11-26 13:28:49.000000",170595,42802,170700,170595,25275,1118025,327429,11479799092964881975,13376723494505446861,16955315413213969437,2961210222813059919
202411262228,"2024-11-26 14:28:49.000000",170694,42802,170556,170694,25448,1137433,315158,3068133953624578224,8846001827971820000,16462886706484547702,12076387082763775244
202411262328,"2024-11-26 15:28:49.000000",170687,42802,170318,170687,25453,1142042,308435,9103089321747757827,13915398423314033635,2420660386988340839,12494725314973902909
202411270028,"2024-11-26 16:28:49.000000",170664,42802,170494,170664,25317,1145719,303594,18330275656466279046,5251166109305911052,6935923725130150519,12867473618356337963
202411270128,"2024-11-26 17:28:49.000000",170734,42802,171574,170734,25181,1155651,298294,3362525843956480857,12643836255297799195,4060776543134905214,13991111229392121810
202411270228,"2024-11-26 18:28:49.000000",170685,42802,170065,170685,25013,1151712,296901,8816945524061348787,5462617005640304241,4654668171423773356,7230784663079888622
202411270328,"2024-11-26 19:28:49.000000",170634,42802,170707,170634,25064,1142855,301098,3022517025527617752,12137765204433620544,46737782300570240,11121483766143129046
202411270428,"2024-11-26 20:28:49.000000",170754,42802,170208,170754,25167,1141829,304761,10165470087240054969,2541156313336674687,12755100193693098888,4206025283401902428
202411270528,"2024-11-26 21:28:49.000000",170683,42802,170571,170683,25131,1137776,305173,12604110261636617037,13814513022048724177,525110102642969097,3438889948829681377
202411270628,"2024-11-26 22:28:49.000000",170672,42802,171326,170672,23818,1135124,303705,16779037014350373246,7696514232855851240,12077635885841589777,13998171469064616805
202411270728,"2024-11-26 23:28:49.000000",170533,42802,170164,170533,24082,1113742,318916,4131076302087638673,14655233828452443511,12586202312916281720,18060211349578229996
202411270828,"2024-11-27 00:28:49.000000",170544,42802,171297,170544,24001,1104522,320335,8048087613363759876,10449403967802571214,3702157503624975581,12740798280544383143
202411270928,"2024-11-27 01:28:49.000000",170498,42802,170058,170498,24113,1088498,333654,3560034751451430741,11582021324001796931,9496370181007277665,10999229362940144183
202411271028,"2024-11-27 02:28:49.000000",170476,42801,170674,170476,24030,1096099,328657,5797057825485092536,9100617330702273004,12808901000669154345,14857208074111244977
202411271128,"2024-11-27 03:28:49.000000",170530,42802,170998,170530,24274,1090287,328888,11195515906337892749,12395168548653618943,10847066917904226,18408083491299591854
202411271228,"2024-11-27 04:28:49.000000",170482,42802,170197,170482,24303,1094163,331536,2280060934284298824,420751880195081936,7488004089399894916,124582933056542072
202411271328,"2024-11-27 05:28:49.000000",170453,42802,170887,170453,24505,1082449,337875,12929837758384260188,10165687333225560164,2581269860137206089,809017438843751253
202411271428,"2024-11-27 06:28:49.000000",170469,42802,170832,170469,24122,1092530,332089,15417331794720659599,1028834585623711457,15629618434263798691,18121195514771562137
202411271528,"2024-11-27 07:28:49.000000",170518,42802,170461,170518,24240,1094852,331128,4737530564736393514,9336808577818951964,13542295847414410326,17076425220295937408
202411271628,"2024-11-27 08:28:49.000000",170537,42802,169981,170537,24269,1095750,325921,8083183193398931045,2392382853088360159,17752868957854877801,15311096409436082149
202411271728,"2024-11-27 09:28:49.000000",170403,42802,170442,170403,25625,1098912,324298,8116031997927466414,8286284912787242752,12053885783608138310,2420887430600014250
202411271828,"2024-11-27 10:28:49.000000",170396,42802,170839,170396,25752,1104256,317505,18376787791631316747,13754530303272469149,4623380705922186531,6559090377865152647
202411271928,"2024-11-27 11:28:49.000000",170540,42802,170406,170540,25665,1107900,308681,7230858911529649373,13139699949008305295,12215250991559685320,2573162988612782734
202411272028,"2024-11-27 12:28:49.000000",170565,42802,170442,170565,25740,1117180,320258,12701442921236036152,16509243937751407126,9082219319711964143,9483756256573117187
202411272128,"2024-11-27 13:28:49.000000",170644,42802,171075,170644,25581,1125978,314842,16831613476547746524,4218770810730960672,10549099531957739949,8635276087593889007
202411272228,"2024-11-27 14:28:49.000000",170764,42802,171341,170764,25406,1132730,320253,13733635405446108227,6181136399931096703,9558888108151859172,16539058359582616958
202411272328,"2024-11-27 15:28:49.000000",170268,42802,170512,170268,25301,1090479,347249,15384289822690160945,3490945831451335487,16731953171068054678,15900537610328933304
202411280028,"2024-11-27 16:28:49.000000",170699,42802,170920,170699,25340,1144357,303903,17745408330347072391,11164781402157353779,9920084785876423532,18204329753082639724
202411280128,"2024-11-27 17:28:49.000000",170739,42802,170979,170739,25161,1141566,306075,5934002813667270156,17867022505091286846,14158815311830205026,2999464606751595446
202411280228,"2024-11-27 18:28:49.000000",170756,42802,170725,170756,25322,1145152,303006,10699190447495543056,12107378212388252690,9241028562763153992,4106760522432549710
202411280328,"2024-11-27 19:28:49.000000",170750,42802,170998,170750,24979,1142344,305287,13221745027203196841,6192333484177287611,18218382394022261771,12457019244434045269
202411280428,"2024-11-27 20:28:49.000000",170744,42802,170854,170744,22682,1143502,291089,7559877131556408004,12177724578292597392,1410773115911231007,9865238163024055201
202411280528,"2024-11-27 21:28:49.000000",170746,42802,170652,170746,21914,1143780,286781,17425371061028335184,14958479014965724158,7358928851115933922,9591117744156436960
202411280628,"2024-11-27 22:28:49.000000",170715,42802,170571,170715,21518,1156060,294363,6296344340094782062,4588138786447375814,9025932166949644815,7267146510122931863
202411280728,"2024-11-27 23:28:49.000000",170624,42802,170442,170624,21655,1118480,306364,10780990874425336528,1078563283893836656,2477922911646426924,4624889258274388482
202411280828,"2024-11-28 00:28:49.000000",170576,42802,171179,170576,21663,1106601,313995,2437082627493925834,4074276276325770236,4230851431439332212,17966933452257982290
202411280928,"2024-11-28 01:28:49.000000",170521,42802,169933,170521,21689,1102160,318887,11893650322534694780,6468174497396751226,819404194757184039,15983175902438937655
202411281028,"2024-11-28 02:28:49.000000",170577,42802,170303,170577,21708,1101825,312749,13383551430916963798,4888335522537053914,5792627857254655730,13382366195347994258
202411281128,"2024-11-28 03:28:49.000000",170533,42802,170615,170533,21502,1103945,311964,2842019238356560837,12508281328523325873,5666545302725838736,7755618461351024302
202411281228,"2024-11-28 04:28:49.000000",170439,42802,170641,170439,21526,1095783,315724,3813235649248115038,10723471164010933134,4923978535631582737,10346389170132003183
202411281328,"2024-11-28 05:28:49.000000",170635,42802,170461,170635,20836,1098414,307503,11229495972299362078,17172831722959899042,11556061631172136179,7644221675494549155
202411281428,"2024-11-28 06:28:49.000000",170555,42802,171245,170555,20865,1101860,313934,9858756965948410551,13149519607951754075,9418195086245093247,13092187950925439661
202411281528,"2024-11-28 07:28:49.000000",170596,42802,171190,170596,20827,1096741,307152,16703978801249736820,1441430062543597542,8760189822464898686,10157545784856234118
202411281628,"2024-11-28 08:28:49.000000",170586,42802,170600,170586,20982,1101693,298399,9349966220230942789,10067018358137103145,14599451003887044388,10288274363602140784
202411281728,"2024-11-28 09:28:49.000000",170688,42802,170527,170688,20506,1103731,293870,11843310447449413271,4489243713327755157,2480521566578404879,7982455528049538261
202411281828,"2024-11-28 10:28:49.000000",170663,42802,170329,170663,21201,1124109,290570,7751895858381357595,14224947732109067791,4686179566298131970,15399685098119486932
202411281928,"2024-11-28 11:28:49.000000",170605,42802,170784,170605,21715,1123557,292584,15369699508112803489,588771229833254837,4233531662123459484,3231181503270144750
202411282028,"2024-11-28 12:28:49.000000",170656,42802,170303,170656,21534,1125670,293760,7637988550893453846,1728567896150151746,4408957090988959220,10240014405913317564
202411282128,"2024-11-28 13:28:49.000000",170625,42802,170677,170625,21521,1132493,288327,2814826282625001057,3331365134504799023,16892670520894850686,12656430931483166510
202411282228,"2024-11-28 14:28:49.000000",170748,42802,170950,170748,21824,1137697,285888,5128926875846796888,320165103904649178,5263280137989562067,14979204438397186039
202411282328,"2024-11-28 15:28:49.000000",170743,42802,170457,170743,22107,1143213,281751,13690000215892709902,3182372982554541426,8434717622943937842,2364055834936660762
202411290028,"2024-11-28 16:28:49.000000",170694,42802,170777,170694,22413,1138678,287576,17987502137734520882,18133563473031660588,2970719979610531780,16532956261149299104
202411290128,"2024-11-28 17:28:49.000000",170720,42802,170354,170720,22884,1141373,289068,7175681333301305317,6533281124651722471,1929360305458059042,15483106758881982636
202411290228,"2024-11-28 18:28:49.000000",170695,42802,170542,170695,22750,1143339,283920,9086387292210049634,13871452946105626048,16209446812528133720,13789423850038618072
202411290328,"2024-11-28 19:28:49.000000",170705,42802,170692,170705,22822,1139988,289015,17153359372859973753,16737479845759454545,3807191319044756320,9465165298463765062
202411290428,"2024-11-28 20:28:49.000000",170755,42802,170395,170755,22020,1136524,288338,10637077014625945756,14424586180683170818,312510356047246969,10317699769044676557
202411290528,"2024-11-28 21:28:49.000000",170640,42802,170248,170640,22134,1135657,288208,11359107259475868978,12453997397563349766,11542165675089945362,13748556575836603740
202411290628,"2024-11-28 22:28:49.000000",170588,42802,170884,170588,22229,1123676,299047,15345431618265059883,15504406623627087229,6629620060904580355,14902049783185807235
202411290728,"2024-11-28 23:28:49.000000",170527,42802,170685,170527,22206,1107468,309145,14264870072812354724,6518540738983950874,2357684198393404393,6344083288829024611
202411290828,"2024-11-29 00:28:49.000000",170545,42802,170965,170545,22240,1087874,318302,2555267198033263924,8447008957257796466,14850644910248093310,15305576118231356716
202411290928,"2024-11-29 01:28:49.000000",170555,42802,171031,170555,22310,1079202,331646,16603103001516005592,16765398523263979406,14692153425659210835,5703229521994810561
202411291028,"2024-11-29 02:28:49.000000",170591,42802,170644,170591,22356,1083060,317298,4357442532634439435,15926705714320871979,12697178504843620370,6579917002543504236
202411291128,"2024-11-29 03:28:49.000000",170523,42802,170725,170523,22292,1094551,317332,3706018054567959482,18250971397502407810,4410574350034894153,10271503715586142023
202411291228,"2024-11-29 04:28:49.000000",170607,42802,170508,170607,21193,1094442,318598,17582923933725441171,1089554325493394627,4213208071308850320,1206258976322817970
202411291328,"2024-11-29 05:28:49.000000",170643,42802,170545,170643,21158,1092325,316115,13320953407356491650,17691676044383689858,11274221882656192316,8182216721389895146
202411291428,"2024-11-29 06:28:49.000000",170557,42802,171153,170557,21424,1086315,319090,13615241869257866916,11136060693399517820,3488576563936179538,12118593593146730156
202411291528,"2024-11-29 07:28:49.000000",170552,42802,170898,170552,22629,1090447,316760,7856763433650872223,9792548518336082331,11447448047438338812,14254457454410653008
202411291628,"2024-11-29 08:28:49.000000",170558,42802,170928,170558,22653,1093347,310985,1123821960116377054,11315182299417955746,9986845770692840045,12579260868289609519
202411291728,"2024-11-29 09:28:49.000000",170442,42802,170325,170442,23035,1099786,304856,18025296806287440474,8539900409120708174,14564282110701151139,18117177623911603633
202411291828,"2024-11-29 10:28:49.000000",170443,42802,170994,170443,23706,1104282,310232,8910780513365482644,8523042541504184796,12121316814663503246,8034547149248842070
202411291928,"2024-11-29 11:28:49.000000",170576,42802,169973,170576,24027,1111027,306441,11138031071042079644,6098352580185737356,1833592240589068852,17963571474384783428
202411292028,"2024-11-29 12:28:49.000000",170628,42802,170193,170628,24132,1117588,309725,2319638782456366664,4947751298058446014,1809212740691190108,15792325909067437692
202411292128,"2024-11-29 13:28:49.000000",170760,42802,170431,170760,24096,1136282,295554,6864508503050127478,15942107625104235766,5183739037109502056,5152541922346248620
202411292228,"2024-11-29 14:28:49.000000",170675,42802,171356,170675,24836,1131303,304063,12204557939436802654,9990014175882929254,16227332383699017030,12569287557517611910
202411292328,"2024-11-29 15:28:49.000000",170750,42802,170560,170750,24757,1139545,297544,9019418904352980343,11824642205091468561,17879734033139519094,17582686623218989272
202411300228,"2024-11-29 18:28:49.000000",170777,42802,171120,170777,24728,1142813,295459,17280721377746833548,10158656561055651144,3448647872422466347,11731653995092779563
202411300328,"2024-11-29 19:28:49.000000",170681,42802,170931,170681,24943,1142249,294870,18429910291230503663,14275374410590475739,2765364066428406686,8184224186867486572
202411300428,"2024-11-29 20:28:49.000000",170625,42802,170615,170625,24817,1135203,295767,7320530687661526069,5902471598435222205,16756213413212068343,11141631435896537969
202411300528,"2024-11-29 21:28:49.000000",170716,42802,170876,170716,24942,1142980,291268,3569967539943598323,2327809166340018301,16275101637073227301,12186689254057494887
202411300628,"2024-11-29 22:28:49.000000",170692,42802,170138,170692,23874,1140957,287269,12090720224382708840,1975216353938477492,12610283411015217409,15168046520965819807
202411300728,"2024-11-29 23:28:49.000000",170187,42802,170428,170187,23739,1141144,277339,8333069442957038079,14092298500723825275,3593502221997198155,13977624103714520629
202411300828,"2024-11-30 00:28:49.000000",170300,42802,169995,170300,24074,1140376,274568,8443616610008019080,15723098569709510012,3167260894880089909,14814587275502356571
202411300928,"2024-11-30 01:28:49.000000",170259,42802,170475,170259,24186,1130289,277824,6755557080836002588,9906862869322977774,11515662480653979346,17603317355823281866
202411301028,"2024-11-30 02:28:49.000000",170105,42802,169736,170105,23835,1132257,279529,3460090153301888443,7720423455283451971,16468466895315951064,6786877163109940170
202411301128,"2024-11-30 03:28:49.000000",170236,42802,170692,170236,24137,1142684,272080,915589063469389030,11583978083760836472,17017665055551466258,9985330162016512018
202411301228,"2024-11-30 04:28:49.000000",170306,42802,170538,170306,22921,1143428,269644,13986152118589432490,16758401383746775466,12405351705633789339,10829183508629603
202411301328,"2024-11-30 05:28:49.000000",170125,42802,169981,170125,22817,1139784,272171,5368440975858588314,1272364484054743724,802041176929705155,11896264179833257687
202411301428,"2024-11-30 06:28:49.000000",170146,42802,170160,170146,22477,1133478,273035,470699199131878185,7267536013846184223,3760586667647097151,5647523240125347111
202411301528,"2024-11-30 07:28:49.000000",170215,42802,169353,170215,23124,1134948,272587,3377968668574258814,2451379916210715328,4221515502342487229,15967413176517925043
202411301628,"2024-11-30 08:28:49.000000",170118,42802,169037,170118,23411,1119186,280611,8143423815704149278,15784365308374511162,7767006753465708131,10457869600712603685
202411301728,"2024-11-30 09:28:49.000000",170025,42802,169495,170025,23863,1128264,279220,485775004141477921,11327705275813011959,18368512813174397452,6724545999250395330
202411301828,"2024-11-30 10:28:49.000000",170095,42802,170332,170095,24372,1130394,276194,226945650889729749,143961317258816481,17473644981532884206,258609705944204232
202411301928,"2024-11-30 11:28:49.000000",170158,42802,169834,170158,24430,1135469,276022,11056968084657157095,13395951250426922587,3006725305424361225,7354591274723825919
202411302028,"2024-11-30 12:28:49.000000",170220,42802,169692,170220,25422,1137359,282724,6067764810780990042,4815212965186312868,1525235951322832487,16576612865317453459
202411302128,"2024-11-30 13:28:49.000000",170066,42802,169714,170066,25212,1143118,279671,4235747278160282490,10762262350038693644,16866880420147267954,6459392378786619730
202411302228,"2024-11-30 14:28:49.000000",170368,42802,169962,170368,24899,1148473,278739,13319015496286105624,1427916238601051874,11897452093584822022,9574913462103987874
202411302328,"2024-11-30 15:28:49.000000",170182,42802,169583,170182,24653,1152321,280431,18126998333973810381,11156371704083108715,4729236630067166212,11278150541861514766
202412010028,"2024-11-30 16:28:49.000000",170226,42801,169670,170226,24568,1156355,277323,16514175856261515879,1528043309752145539,7689694528584706781,1926688834869429885
202412010128,"2024-11-30 17:28:49.000000",170235,42802,169765,170235,24524,1155811,278594,4306276991016224937,8263018492635927319,1058728297020018948,7254683279826449638
202412010228,"2024-11-30 18:28:49.000000",170360,42802,170424,170360,24271,1164523,272235,4477200852493180653,4884091714150705019,15384766707840792344,5536297689418794952
202412010328,"2024-11-30 19:28:49.000000",170362,42802,170644,170362,24473,1156424,278556,3352392385356727170,2862428658057434104,2975867173347724985,2959205338813043161
202412010428,"2024-11-30 20:28:49.000000",170273,42802,169703,170273,24399,1160192,276994,9862187925431576670,4087323498663115236,9483761479061795235,7118508584373581039
202412010528,"2024-11-30 21:28:49.000000",170261,42802,170274,170261,24316,1161189,275053,10195225796067291591,9718567791280087775,10259448017507693301,5397242155952746119
202412010628,"2024-11-30 22:28:49.000000",170395,42802,170494,170395,24355,1159710,280483,3116858170024007553,15087507915548566725,9007063067345576524,12832240567339335662
202412010728,"2024-11-30 23:28:49.000000",170180,42802,169564,170180,24760,1147722,281060,8454441770725684494,8553400635218423614,16649988679022955204,10778184252909564816
202412010828,"2024-12-01 00:28:49.000000",170100,42802,170358,170100,25129,1134311,287750,3016730465708596442,17512021527302608042,7111579884923318902,8187142796208892712
202412010928,"2024-12-01 01:28:49.000000",170369,42802,170490,170369,24951,1127885,288600,11173122453115009923,1618263070373075179,16261082617941741928,8686812024358757764
202412011028,"2024-12-01 02:28:49.000000",170202,42802,170666,170202,25244,1137042,286742,5858917387417001241,10112567019306586415,12558168634703449332,13993317203983223270
202412011128,"2024-12-01 03:28:49.000000",170235,42802,170483,170235,24097,1137274,283511,14217132531602430181,16182011502649753453,2073495589902731015,13923277110377371741
202412011428,"2024-12-01 06:28:49.000000",170241,42802,171057,170241,24326,1140961,278528,3598651211432598156,1331386084148656894,13411258353326322300,13951180227216758194
202412011528,"2024-12-01 07:28:49.000000",170211,42802,169670,170211,24453,1137945,275512,43315750467685089,4788001261525028003,11410050562782518306,1147089469149657770
202412011628,"2024-12-01 08:28:49.000000",170271,42802,170795,170271,24566,1134093,279153,11166023352463934420,13277905651060238574,8550428202498982585,2461012383198041149
202412011728,"2024-12-01 09:28:49.000000",170145,42802,171234,170145,24671,1135462,279086,12401947962203229024,14943248945855518832,5740161826710949929,5675427137642639897
202412011828,"2024-12-01 10:28:49.000000",170155,42802,170906,170155,24512,1125449,279108,16069824094958301001,4350331337710698867,11798623409754491543,17030427275384042369
202412011928,"2024-12-01 11:28:49.000000",170190,42802,170354,170190,24426,1131815,278355,12001884683985216216,9543235396712538704,6585904997999857091,13294710760305401303
202412012028,"2024-12-01 12:28:49.000000",170246,42802,170204,170246,25166,1143318,283610,11304821583328245723,12477685411444127633,9337526648861944336,16228259183624297516
202412012128,"2024-12-01 13:28:49.000000",170273,42802,170608,170273,25369,1150208,284246,7751033082166014515,6746610152448620787,6662067560495397826,2160955219821119916
202412012228,"2024-12-01 14:28:49.000000",170321,42802,169856,170321,25226,1153416,282036,8951318712814246782,9536170267086946136,13842179696508445231,14881643996961046635
202412012328,"2024-12-01 15:28:49.000000",170283,42802,170058,170283,25027,1156499,278909,9529246831198249089,4458517787644048323,16844085444831271836,12290536658714140606
202412020028,"2024-12-01 16:28:49.000000",170374,42802,170575,170374,25010,1157379,277920,9793043665917691202,11292454656179125666,8010223640203905451,1980218108737266951
202412020128,"2024-12-01 17:28:49.000000",170260,42802,169838,170260,24906,1151317,283804,12354199946422581949,7699830830436802209,5557447698231824705,3205536405642430901
202412020228,"2024-12-01 18:28:49.000000",170442,42802,170204,170442,25181,1161074,277627,15320406766414463920,9514093952119332776,4615807305237753737,8233360488166718215
202412020328,"2024-12-01 19:28:49.000000",170202,42802,170149,170202,25013,1157807,277288,11035850769427723241,16038397495556361609,13112974003314901304,10730933989508915686
202412020428,"2024-12-01 20:28:49.000000",170416,42802,170351,170416,25137,1152223,283310,12100121149037102374,16136592951996243060,4763536925702970146,18163260682376644522
202412020528,"2024-12-01 21:28:49.000000",170160,42802,170376,170160,23961,1154990,273401,14345880143838292980,10589599839207142864,7921994540936718915,15724277286972145133
202412020628,"2024-12-01 22:28:49.000000",170410,42802,170464,170410,23003,1149745,266882,2242848069046138559,11955200406997606233,5166610866494313018,15513879001925060984
202412020728,"2024-12-01 23:28:49.000000",170703,42802,170943,170703,23177,1139776,269668,15390974012079081029,7087662572741589643,10698272049748347544,2980185181741752994
202412020828,"2024-12-02 00:28:49.000000",170612,42802,170354,170612,23904,1121807,284074,4161146094638589170,13581174007437240534,1304452051564323800,12712734906129016098
202412020928,"2024-12-02 01:28:49.000000",170772,42802,170083,170772,23163,1137860,282340,14452673975161962754,11438829681822439784,4527873004153372956,17283337220999288314
202412021028,"2024-12-02 02:28:49.000000",170571,42802,170983,170571,23111,1125372,290263,8400890041959680453,13244791768728980675,16486305476200087451,7503494229533427067
202412021128,"2024-12-02 03:28:50.000000",170714,42802,170666,170714,23126,1122717,288618,6320688791081484409,9184192917369016451,7052351094625141817,4115747022860139643
202412021228,"2024-12-02 04:28:50.000000",170605,42802,170142,170605,23288,1108544,295089,16328597555426911515,10676971376099183049,447368345525962022,5156091622527266688
202412021328,"2024-12-02 05:28:49.000000",170601,42802,170318,170601,23426,1118260,294551,14403924996278192117,15173102508133504399,10524308970659188459,17941663430610547591
202412021428,"2024-12-02 06:28:49.000000",170566,42802,170828,170566,23159,1127473,292585,11002398935221643708,294775778671300152,10999150502752606131,5208854774707327189
202412021528,"2024-12-02 07:28:49.000000",170598,42802,170659,170598,23330,1113568,292762,9629683830705643866,11373055023000562668,6198909372711384344,3421061189686975130
202412021628,"2024-12-02 08:28:49.000000",170463,42802,170072,170463,23309,1121505,287890,20653256101252865,15791921950187514567,10190937745299119334,405031589384557558
202412021728,"2024-12-02 09:28:49.000000",170415,42802,170586,170415,24347,1124609,285854,7992656101102855743,262835031619533197,2462801108583971792,2330668622557084848
202412022028,"2024-12-02 12:28:49.000000",170305,42802,169845,170305,25383,1132590,293663,8742993959035614280,15361832256989173678,10892359041398153469,366656677393250199
202412022128,"2024-12-02 13:28:49.000000",170403,42802,170450,170403,25486,1148567,288641,14017485388614404170,5076625259162237172,6795886425920823769,1152249916910290673
202412022228,"2024-12-02 14:28:49.000000",170194,42802,170758,170194,25326,1151632,287091,17721729482754477993,18446030726116240039,4739156799028443312,10412609369016791480
202412022328,"2024-12-02 15:28:49.000000",170289,42802,170090,170289,25139,1154080,287082,9226658790554405656,814663821205649554,12369040185763165024,373322231373349430
202412030028,"2024-12-02 16:28:49.000000",170273,42801,170424,170273,25193,1156445,287225,1035373242932420385,18138637965363233157,5447797000797641553,4556518853232444531
202412030128,"2024-12-02 17:28:49.000000",170370,42802,170976,170370,24982,1159662,283847,5703291448038330465,13575714476772445951,6931768916837312146,14663613837806877366
202412030228,"2024-12-02 18:28:49.000000",170340,42802,170321,170340,25036,1154871,288425,18342073084388893948,7813437978600055418,13413812293218375367,16664525178825193159
202412030328,"2024-12-02 19:28:49.000000",170347,42802,170505,170347,25200,1154893,288728,3861451639725641518,16573204969227069746,16748468261730184296,11629216961652992418
202412030428,"2024-12-02 20:28:49.000000",170253,42802,170329,170253,25035,1152765,287347,16349153231088019590,3633871878146647126,13958642333191313326,13217415115475126724
202412030528,"2024-12-02 21:28:49.000000",170366,42802,170310,170366,23828,1161054,275928,5590058943445597249,12683580849379242741,5472638935109618807,10356391331292683645
202412030628,"2024-12-02 22:28:49.000000",170274,42802,170655,170274,22630,1147777,276483,14316556208326336905,7175673036286608599,17648915217907306467,14088253379925978297
202412030728,"2024-12-02 23:28:49.000000",170576,42802,170252,170576,22659,1143679,277367,13167456682095758015,13054333918758696389,7259964542333280488,12648793370685349700
202412030828,"2024-12-03 00:28:49.000000",170550,42802,169981,170550,22670,1124801,286610,9173704557508091929,3762298815879292479,3599241980849144321,3031123372812732115
202412030928,"2024-12-03 01:28:49.000000",170605,42802,170689,170605,22933,1123136,296225,10858554661340853099,17148019069554188579,5735031390679313147,11419963565892403245
202412031028,"2024-12-03 02:28:49.000000",170530,42802,170692,170530,22915,1119920,301070,1188427135032489887,1394156538411178429,3808010947273185500,111597040043784718
202412031128,"2024-12-03 03:28:49.000000",170612,42802,170340,170612,22889,1119078,298194,6586210033011277437,3297659096532738035,10167183753126453213,5380432699769786485
202412031228,"2024-12-03 04:28:49.000000",170645,42802,170637,170645,22877,1124135,296064,10739261309118841787,10439058377756176123,10755546182534073628,3262629503051684234
202412031328,"2024-12-03 05:28:49.000000",170594,42802,171160,170594,22937,1115781,299930,2002292271184747808,320820638838603762,1520412401288014482,2429034589494409328
202412031428,"2024-12-03 06:28:49.000000",170673,42802,170424,170673,23146,1120526,294114,6698167432830876478,4789291718644859076,12863648294494186843,13392864448139760821
202412031528,"2024-12-03 07:28:49.000000",170578,42802,170670,170578,23135,1120651,290317,6531587207331086064,6296768140685465212,7001909106862994511,8755265433203726609
202412031628,"2024-12-03 08:28:49.000000",170515,42802,170725,170515,23267,1114950,287541,10564356134418200767,8281304418806925901,11349369163518406706,7412310960636083018
202412031728,"2024-12-03 09:28:49.000000",170315,42802,170571,170315,22962,1110421,288993,15008850931774118832,13493049589221554320,7525386115899786706,9254571448855489708
202412031828,"2024-12-03 10:28:49.000000",170270,42802,170895,170270,23339,1114569,285112,11805043723330924350,16673189671450850300,3283997997454844776,18431830995191268648
202412031928,"2024-12-03 11:28:49.000000",170323,42801,170777,170323,23170,1126593,275633,14722414473610858154,5654771994900582206,9285762830199113083,3983273851813705015
202412032028,"2024-12-03 12:28:49.000000",170562,42802,170314,170562,23629,1126260,293273,17819252890874139150,14276175656938877184,9173828521528042493,7751118817406230137
202412032128,"2024-12-03 13:28:49.000000",170640,42802,169849,170640,24517,1135418,293238,1210524500617237338,267735506742726682,6505309378740429172,5450664803194385460
202412032228,"2024-12-03 14:28:49.000000",170591,42802,170237,170591,25123,1140914,298587,526419858917299503,4231295650633716387,1123549836983418219,11360745722754642471
202412032328,"2024-12-03 15:28:49.000000",170356,42802,170725,170356,25108,1146707,292711,5383412276266631842,3656867981919205766,8888954610639121543,15856798402386960247
202412040028,"2024-12-03 16:28:49.000000",170588,42802,170270,170588,25112,1149699,288086,12166737769943344640,15533053864932135616,13057155899367345716,11504151294505061386
202412040128,"2024-12-03 17:28:49.000000",170292,42802,170373,170292,25138,1146561,291511,8040472105438061872,2196088366349034586,4300310683304578339,3590248696696631253
202412040228,"2024-12-03 18:28:49.000000",170291,42802,170417,170291,25049,1156465,284407,2047694402168052200,7019964556582096822,7688868893258532592,1791648069775687690
202412040328,"2024-12-03 19:28:49.000000",170342,42802,169867,170342,24989,1155759,283612,8538528002275687306,5463646373165206832,14436470485384472245,8128388303973581979
202412040428,"2024-12-03 20:28:49.000000",170309,42802,170354,170309,23744,1161347,273778,3786102783408201464,4561809095682188602,3500494600314922013,1464345234718006665
202412040528,"2024-12-03 21:28:49.000000",170400,42802,169962,170400,22317,1159139,267667,13348861118069183641,13846900665883649929,1644884852453961715,14032308574001104977
202412040628,"2024-12-03 22:28:49.000000",170383,42802,170076,170383,22897,1143466,268640,12076975207475736489,10240392335926702711,13446846001686957962,10167495847213161644
202412040728,"2024-12-03 23:28:49.000000",170634,42802,171186,170634,22720,1141945,274202,11652715663311979688,2284051470277640370,15671616595802280926,14025352768596317896
202412040828,"2024-12-04 00:28:49.000000",170619,42802,169999,170619,22952,1128898,283984,7098366108787035289,15141079573648578575,8943749710967040525,6038793518290288425
202412040928,"2024-12-04 01:28:49.000000",170629,42802,170105,170629,23101,1105863,292835,17500492800497205669,12150584406948181071,17822899596104784644,5128747429612254398
202412041028,"2024-12-04 02:28:49.000000",170516,42802,170622,170516,23040,1115908,292772,2860940641432058539,7346586584661647221,11745991446487056737,16383666408878851081
202412041128,"2024-12-04 03:28:49.000000",170555,42802,170567,170555,22857,1102732,293940,16676945469215001458,5968639454263661294,11423426059538284850,16096026888132987722
202412041228,"2024-12-04 04:28:49.000000",170608,42802,170347,170608,22964,1107263,294104,10468068838043620970,17700668100556452068,10582927459698832143,13085277839449479295
202412041328,"2024-12-04 05:28:49.000000",170559,42802,170769,170559,23032,1094187,302091,7561562842790266679,13849092079795670843,3617940815626998531,1546463201478102703
202412041428,"2024-12-04 06:28:49.000000",170560,42802,170703,170560,22924,1098213,305635,7213484277236702955,12867850163620504951,12060212378335501736,7721850241354183432
202412041528,"2024-12-04 07:28:49.000000",170435,42802,170773,170435,23016,1101518,295963,11613504951435995743,6614453649766701221,899268476273394347,16609072576912621899
202412041628,"2024-12-04 08:28:49.000000",170414,42801,169634,170414,23208,1114828,287649,16841249838182457706,3703661422776102018,6181317011187497314,6415726786256698314
202412041728,"2024-12-04 09:28:49.000000",170283,42802,169849,170283,23020,1121835,272740,12877176686974611129,8626290255800728451,7629269400616806932,6486651717895031684
202412041828,"2024-12-04 10:28:49.000000",170218,42802,170630,170218,24460,1117292,278996,5133882244170316759,12514826813573108367,3156406084207359211,10031836932993739947
202412041928,"2024-12-04 11:28:49.000000",170253,42802,170314,170253,24217,1116565,287731,16803876434967483548,13119659556256892978,7387799354145028622,9671805637834133288
202412042028,"2024-12-04 12:28:49.000000",170081,42802,170608,170081,25509,1131710,288734,14203571209726944946,4843542324134741040,3638788548659401062,382193248880585422
202412042128,"2024-12-04 13:28:49.000000",170162,42802,169615,170162,25488,1133586,285703,17754432246686166847,6287112560904393211,1413977589183587043,10406294690814573369
202412042228,"2024-12-04 14:28:49.000000",170238,42802,171009,170238,25395,1141669,285306,12870511452369099776,15003361909791708138,7015372678031102458,11004520090065574732
202412042328,"2024-12-04 15:28:49.000000",170093,42802,170490,170093,25304,1141629,285145,10574835610734918270,12730192305873716546,13371552537709283214,8830300037168663088
202412050028,"2024-12-04 16:28:49.000000",170166,42802,170814,170166,25200,1145832,282913,18204962295345631504,18405549728813085750,10456731990753395270,5125530434858550846
202412050128,"2024-12-04 17:28:49.000000",170257,42802,170343,170257,25234,1146492,282875,2357689961023057711,4117712332537448359,7597715697799058315,2505089753754577775
202412050228,"2024-12-04 18:28:49.000000",170163,42802,170619,170163,25192,1149220,279511,16926909511142366697,9803155875798598521,4636527292639214826,13755343099828559824
202412050328,"2024-12-04 19:28:49.000000",170172,42802,170025,170172,25064,1150209,278758,779574081457188563,10359082756894600815,10732712920275209840,2354485087538443804
202412050428,"2024-12-04 20:28:49.000000",170331,42802,170219,170331,23990,1151804,272741,3825812614024511944,9518561678235252746,6849220835328621768,13957926803693827198
202412050528,"2024-12-04 21:28:49.000000",170280,42801,171142,170280,22548,1147262,267270,14654837272061297250,10230970416352058802,7637087238036988118,2086764469819643384
202412050628,"2024-12-04 22:28:49.000000",170428,42802,170530,170428,22720,1145448,270326,10259684011268330263,16094153901631815723,12084247424266698386,12509224650764250734
202412050728,"2024-12-04 23:28:49.000000",170550,42802,170417,170550,22806,1126188,271409,15427921774131264014,5128967039491405654,11702289962947531833,5168064126696954387
202412050828,"2024-12-05 00:28:49.000000",170601,42802,170994,170601,22634,1116223,279125,10939708606117358661,11137132549888278447,12410400943613417630,15982008594186099874
202412050928,"2024-12-05 01:28:49.000000",170593,42802,171452,170593,22567,1099002,300418,10135119889609004055,3048658101534638669,4876763787378068489,5312592493885541593
202412051028,"2024-12-05 02:28:49.000000",170559,42802,170230,170559,22886,1114353,292408,6129586433366649906,10728876883723804252,2338097957419284934,289724074586872758
202412051128,"2024-12-05 03:28:49.000000",170627,42802,170733,170627,22995,1109300,294355,4180464227129731980,11342418085868354558,1149204792807662898,5853996560266979204
202412051528,"2024-12-05 07:28:49.000000",170617,42802,170523,170617,23285,1115157,292081,5986457073257728432,6701219687907045424,5945778720260372692,3365271107776215368
202412051628,"2024-12-05 08:28:49.000000",170426,42802,170847,170426,23326,1113874,285514,16310236225864810205,16712733293502708099,13080912425055985216,13971009714145066374
202412051728,"2024-12-05 09:28:49.000000",170392,42802,170047,170392,23138,1133911,273107,13037418577126714599,10012706089259269035,13814484656867697485,13713923312329267557
202412051828,"2024-12-05 10:28:49.000000",170314,42802,170876,170314,24273,1127791,275793,8030279674410391626,12110953542408312680,10073686998573680883,8863596825507607415
202412051928,"2024-12-05 11:28:49.000000",170004,42802,169630,170004,24445,1116791,287551,10983947017659173979,5790596530334660601,3145249746330496843,7952000964549258807
202412052028,"2024-12-05 12:28:49.000000",170336,42802,170777,170336,25497,1127455,293529,16629182179926626794,5354673194932075630,18439227310449527766,2799761879106024766
202412052128,"2024-12-05 13:28:49.000000",170394,42802,169707,170394,25429,1142607,288212,15382389850344573350,9145577363296588870,16364678972917906239,5952018788497778625
202412052228,"2024-12-05 14:28:49.000000",170204,42802,169488,170204,25433,1142384,287299,14224869860126514083,742079209093126309,14941922408858358086,13240725978744773316
202412052328,"2024-12-05 15:28:49.000000",170254,42802,170428,170254,25278,1149385,283014,3137881988035891230,17962824881400787234,6361692719139963352,16933105349415513870
202412060028,"2024-12-05 16:28:49.000000",170053,42802,169601,170053,25144,1142854,290160,16323494458194466878,1868355546209087020,8072897179390930543,873600701031411557
202412060128,"2024-12-05 17:28:49.000000",170165,42802,171585,170165,25030,1148460,286326,994495067845656736,3566735568712131114,5235907787608951968,8791935464338586556
202412060228,"2024-12-05 18:28:49.000000",170215,42802,169995,170215,25273,1151444,283156,11676548608892178018,12868858985758837742,9627048206523551400,1788626688269825362
202412060328,"2024-12-05 19:28:49.000000",170195,42802,170615,170195,25115,1153351,279529,8031281654875074933,6098045055492146819,12546983158737104525,14900339542417231275
202412060428,"2024-12-05 20:28:49.000000",170460,42802,170182,170460,23885,1152050,277143,10463591047820512177,14678859555212419689,9187245549442009222,11437021568073062652
202412060528,"2024-12-05 21:28:49.000000",170445,42802,170494,170445,22533,1153256,266970,9030508213898246233,18193565023294151607,12222000721428516550,17998279737015868154
202412060628,"2024-12-05 22:28:49.000000",170379,42802,170384,170379,22400,1145108,270490,1951799080223512276,6698402434302090940,13180614280049827031,11763772976810452175
202412060728,"2024-12-05 23:28:49.000000",170542,42802,170442,170542,22449,1134370,273067,7735754653168944779,1263571559556311223,17302826005781462633,6365816603247517671
202412060828,"2024-12-06 00:28:49.000000",170589,42802,170644,170589,22865,1106219,291286,5476813567070319549,10157103448816290487,15449111172221641631,13588949903801724555
202412060928,"2024-12-06 01:28:49.000000",170599,42802,170226,170599,23081,1099411,300296,921018172075412829,203491282876448223,5826936733596077231,8701323700301820743
202412061028,"2024-12-06 02:28:49.000000",170663,42802,170530,170663,23215,1086691,311819,4651906598536302477,8926560119619748641,10964673179818798161,6423367854445611141
202412061128,"2024-12-06 03:28:49.000000",170589,42802,170464,170589,23022,1095083,299915,4477172677503948753,1485555560871332261,4395895650658686134,6247166193230421372
202412061428,"2024-12-06 06:28:49.000000",170566,42802,170461,170566,22646,1099307,300946,3541216183489115525,4868897624020032213,752151926449473810,14764452572001206616
202412061528,"2024-12-06 07:28:49.000000",170435,42802,170880,170435,22810,1086152,305526,3899559458124331490,3493716106018448740,12475232467843238130,3006389568218297576
202412061628,"2024-12-06 08:28:49.000000",170404,42802,170439,170404,23514,1093036,299848,13877603961064528975,12523634086283831389,1805720529185739950,3199694677339261982
202412061728,"2024-12-06 09:28:49.000000",170165,42802,169999,170165,23405,1088173,294663,13295520200612763906,10019956668203392770,9004125644125167042,11738391066297144344
202412061828,"2024-12-06 10:28:49.000000",170078,42802,170442,170078,24197,1087623,295584,13013736128812901858,5251590552413689778,5081898794168636793,3785358019253799049
202412061928,"2024-12-06 11:28:49.000000",170068,42802,170215,170068,24450,1099276,298548,1466307754896835244,5153587750823503882,11387099808338166648,2680493538159009160
202412062028,"2024-12-06 12:28:49.000000",170347,42802,169864,170347,25566,1111101,293013,5228388873709592021,16199248274015720833,9358175915952261856,8801471993748423582
202412062128,"2024-12-06 13:28:49.000000",170059,42802,169397,170059,25280,1117462,296248,9539097951819690700,6436429553811360706,14362708592284796107,1592522274477526243
202412062228,"2024-12-06 14:28:49.000000",170635,42802,170299,170635,25207,1127165,294740,155113132626318662,2420625371415129802,17335456396409048174,6293758584490260448
202412062328,"2024-12-06 15:28:49.000000",170276,42802,170237,170276,25150,1135129,288857,508988964345557850,289711057335305434,9899982730086248732,9202530409246407442
202412070028,"2024-12-06 16:28:49.000000",170182,42802,170083,170182,25028,1139321,283685,13712861211040914875,2155248473465543365,12224132049657055239,6058478120297782949
202412070128,"2024-12-06 17:28:49.000000",170074,42802,170230,170074,25123,1133547,287188,9904202469073984308,13128048342510167576,12170560191254846515,10007938460408002403
202412070228,"2024-12-06 18:28:49.000000",170202,42802,170979,170202,25140,1143321,283616,2026388761325381294,5831206176943748582,13080315293850606409,169654326514161987
202412070328,"2024-12-06 19:28:49.000000",170236,42802,170435,170236,25303,1132113,283995,17895343959932741810,13138647490924660064,841186095299484103,7275475336828180709
202412070428,"2024-12-06 20:28:49.000000",170240,42802,169966,170240,25370,1145143,278606,8332249893656521858,2352024097120059756,3751828104510943427,15074824712623403309
202412070528,"2024-12-06 21:28:49.000000",170143,42802,169743,170143,25148,1144021,280774,5601357410657518974,615549277890602330,8724289191400774277,17419129603161707161
202412070628,"2024-12-06 22:28:49.000000",170207,42802,170902,170207,25351,1139890,285103,3958286827686094096,1702675638302448514,13904086455439578812,712434934677286588
202412070728,"2024-12-06 23:28:49.000000",170165,42802,170666,170165,25180,1137216,279703,2691859910201409478,6705799326817644818,9190077709068374739,7879283546931718133
202412070828,"2024-12-07 00:28:49.000000",170290,42802,171445,170290,25157,1117090,289248,3255057378123390509,7382724802070845487,3358446552699534636,6920392255104396322
202412070928,"2024-12-07 01:28:49.000000",170092,42802,170167,170092,24493,1128227,281022,13419893094123318467,2089845431783407367,5027477237796412619,5905641579030006499
202412071028,"2024-12-07 02:28:49.000000",170184,42802,169845,170184,24612,1132257,277013,8648386892448440488,16908825847790901890,11675905105360627283,2686589405621766403
202412071428,"2024-12-07 06:28:49.000000",170205,42802,169845,170205,24423,1131900,277368,3001058786129628863,3413165764441062501,13060041243516890638,7313163448113372846
202412071528,"2024-12-07 07:28:49.000000",170187,42802,170825,170187,24520,1127510,277420,9321677049968893415,15935833429347473961,956045606941758516,10814773180523318576
202412071628,"2024-12-07 08:28:49.000000",170111,42802,170189,170111,24855,1114967,282652,15144131192867112386,14555555381534917916,10375717961850706172,13122489821437742218
202412071728,"2024-12-07 09:28:49.000000",170076,42802,170200,170076,24551,1108851,277279,3618569713183053807,10554088531677427361,11965860212000894853,9701744082328016049
202412071828,"2024-12-07 10:28:49.000000",170134,42802,170795,170134,25516,1111597,289123,640007188847838072,7837099586844409470,8661931975169607218,6471730637976908932
202412071928,"2024-12-07 11:28:49.000000",169996,42802,170094,169996,25566,1115558,287314,9784656042947407591,3864349553074261915,6306610587712659192,250694590360435324
202412072028,"2024-12-07 12:28:49.000000",170110,42802,170182,170110,25735,1127429,287159,17328836097559556489,16251573072470921071,3880168630822176751,2332421171697430159
202412072128,"2024-12-07 13:28:49.000000",170040,42802,170336,170040,25390,1132506,283785,1457132592140940996,3074204964985211476,8247128824632676094,14183412491260203296
202412072228,"2024-12-07 14:28:49.000000",170207,42802,169900,170207,25338,1141623,282283,15676606870156974691,14867871349816625433,7914845268252744752,7889240464828097636
202412072328,"2024-12-07 15:28:49.000000",170184,42802,170134,170184,25336,1142437,284946,1684647653406749770,2119857814987439656,1335892498679540572,10508943125463423752
202412080028,"2024-12-07 16:28:49.000000",170182,42802,170259,170182,25142,1144473,280623,3892564980308006761,10481713555255635159,5268095206418512807,15218699378679221903
202412080128,"2024-12-07 17:28:49.000000",170091,42802,169973,170091,25068,1143374,281310,1026480539956633485,15958848642413976365,8719269415008910887,14317463472870764847
202412080228,"2024-12-07 18:28:49.000000",170231,42802,170508,170231,25398,1147002,281051,2863289675324632781,13064888220946062691,119436790127017225,8735697111765094065
202412080328,"2024-12-07 19:28:49.000000",170132,42801,170957,170132,25317,1146851,281160,1722880822343058699,10444248914157401339,4843821784331406312,15463218715354379834
202412080428,"2024-12-07 20:28:49.000000",170282,42802,170788,170282,25190,1145041,281602,3406058177330721133,5395209950433475525,4149265952736547214,5487950550241559484
202412080528,"2024-12-07 21:28:49.000000",170219,42802,170178,170219,25245,1152401,279104,17413649800191938101,2152210013030765723,6837799494879958128,4554013802462836044
202412080628,"2024-12-07 22:28:49.000000",170275,42802,170983,170275,25159,1184744,298657,725547762225410957,9526682467452234341,11145775089506814373,2599866695926266439
202412080728,"2024-12-07 23:28:49.000000",170217,42802,169783,170217,25167,1159600,290756,3904658335703030466,3797212976325218618,16295765242512369575,17831729269208066593
202412080828,"2024-12-08 00:28:49.000000",170210,42802,169911,170210,25384,1136013,277866,7930047035232695454,10506716788208838026,17255014567959301780,15233737417731844370
202412080928,"2024-12-08 01:28:49.000000",170097,42802,170259,170097,25450,1129250,283700,6789707207764838294,17266475410519645924,10779771879123606536,6260628362733241888
202412081028,"2024-12-08 02:28:49.000000",170066,42802,170036,170066,25553,1131529,286382,977370817673331285,3475726213326672651,6114356550093698014,4956937508419428366
202412081128,"2024-12-08 03:28:49.000000",170154,42802,169813,170154,25494,1136226,282167,8743469246170963299,13281612573196876589,13714217259449981359,2816255677899560107
202412081228,"2024-12-08 04:28:49.000000",170323,42802,170171,170323,24363,1136470,277650,15923627598697533850,15863052336512869816,7537698141870996230,6066622023718031192
202412081328,"2024-12-08 05:28:49.000000",170117,42802,170626,170117,24687,1136938,278026,18055738002407265877,18149154646940115567,17698540650746498572,5526773215083660496
202412081428,"2024-12-08 06:28:49.000000",170252,42802,170575,170252,24581,1139198,274800,329673059754713857,7826103883671860045,13869758588754629400,3024556171819768592
202412081528,"2024-12-08 07:28:49.000000",170207,42802,170597,170207,24730,1136203,275416,14049823709472078807,12615473125506633645,7618448328052664821,1423475559861683927
202412081628,"2024-12-08 08:28:49.000000",169981,42802,170369,169981,25741,1120509,282962,5322349616797144684,14477182731055733866,14025094161189739644,862612145960350824
202412081728,"2024-12-08 09:28:49.000000",170037,42802,170153,170037,25673,1119957,282379,4732772935531307972,17389267817284725172,806054585025463177,14277982524792645583
202412081828,"2024-12-08 10:28:49.000000",170065,42802,169904,170065,25596,1122647,283226,822023890306497946,16526769531870915152,3150202387919082028,6973014372452805652
202412081928,"2024-12-08 11:28:49.000000",170139,42802,170233,170139,25537,1130363,285986,8702401379873093772,2671733018765741294,3847198819787400228,11567847699211509302
202412082028,"2024-12-08 12:28:49.000000",170215,42802,169940,170215,25525,1132786,287851,6666679220832113353,3539194166820836263,3167648478601556545,13135186809450695645
202412082128,"2024-12-08 13:28:49.000000",170242,42802,169900,170242,25276,1147141,282171,12897494921406015418,15471303078112535324,3098044842865174754,10018852827227652044
202412082228,"2024-12-08 14:28:49.000000",170265,42802,170762,170265,25265,1146935,282979,14251134753130636168,17030808986755767748,9117861140601070060,2036199360802969646
202412082328,"2024-12-08 15:28:49.000000",170282,42802,170230,170282,25278,1144555,280838,1888444565355114428,12771518705090656314,8929285259214744542,16100522640672912508
202412090028,"2024-12-08 16:28:49.000000",170291,42802,170318,170291,25476,1144856,283278,10976819864760149783,579252323318718785,9473494095975234580,7967540496241318088
202412090128,"2024-12-08 17:28:49.000000",170317,42802,170615,170317,25303,1147840,282389,17579569811499339486,10141768999010162332,13270641375540288372,18054907036676244882
202412090228,"2024-12-08 18:28:49.000000",170211,42802,169528,170211,25379,1152467,279794,1454197048086926117,6971058163755946273,1145815422404640690,11200333575441921376
202412090328,"2024-12-08 19:28:49.000000",170301,42802,170861,170301,25191,1150814,280049,15679114689489011774,8617932825187477552,10825472645417060781,7192810933272781457
202412090428,"2024-12-08 20:28:49.000000",170306,42802,169765,170306,25509,1160606,280809,7796679129961902057,13587924617711288877,13788150999536997619,801218585931702351
202412090528,"2024-12-08 21:28:49.000000",170136,42802,170156,170136,25368,1159240,281974,15073922406377494904,18371708778515994672,14964457179511019040,12986246163217287282
202412090628,"2024-12-08 22:28:49.000000",170249,42802,170138,170249,24451,1140623,277929,12394320261919472342,5476261308369151794,10086936414002042425,7922686589875087797
202412090728,"2024-12-08 23:28:49.000000",170532,42802,170744,170532,24388,1141558,288311,16431763485235276127,905397344313203977,12413773777644111208,14158669504851492214
202412090828,"2024-12-09 00:28:49.000000",170536,42802,170226,170536,23309,1122933,296199,15386513603804916925,7534697398549110205,13315175501018117153,11286436932476864865
202412090928,"2024-12-09 01:28:49.000000",170500,42802,170622,170500,23650,1116235,297230,12805223558888888402,1585229902699844750,955706242936881749,12181362492933821931
202412091028,"2024-12-09 02:28:49.000000",170546,42802,170314,170546,23315,1122514,298498,14771887369906983401,13270840196304271935,2764763227873315638,2242169089911365818
202412091128,"2024-12-09 03:28:49.000000",170570,42802,170751,170570,23398,1114880,294878,7050241484168345218,13675078503050633040,10470580891404394277,15577521859316695635
202412091228,"2024-12-09 04:28:49.000000",170507,42802,170898,170507,23323,1123332,288798,13115351076795263069,17648268733602041093,15555309793219188640,9605110731543901148
202412091328,"2024-12-09 05:28:49.000000",170481,42802,170538,170481,23629,1113859,297011,13876363944947533074,13912306650305277040,12159570476233975002,10976766561930962770
202412091428,"2024-12-09 06:28:49.000000",170565,42802,170920,170565,23790,1124727,295530,15238921613233890813,16964419320653223975,10821551529269388758,5041942954209528942
202412091528,"2024-12-09 07:28:49.000000",170492,42802,170965,170492,23879,1108431,299613,6299081329542907285,17325335398216550619,2458016158260153437,7521321849183125303
202412091628,"2024-12-09 08:28:49.000000",170610,42802,170325,170610,24648,1108679,301156,2701322548576176377,4286758150403095301,16109519922511329185,12222506283852954509
202412091728,"2024-12-09 09:28:49.000000",170288,42802,169893,170288,24553,1111730,295687,2488815128163201691,17068185826064460713,11864445004191703633,1849900151710448119
202412091828,"2024-12-09 10:28:49.000000",170270,42802,170527,170270,24630,1119421,291685,5422646240302933167,4669252668074675041,2904662477016130783,11522810706771274589
202412091928,"2024-12-09 11:28:49.000000",170391,42802,170204,170391,25552,1122188,293924,9562589267704496158,10431422266046802910,17565283479353455748,13970691747819994456
202412092028,"2024-12-09 12:28:49.000000",170387,42802,171042,170387,25511,1119735,309988,18194886565494910712,2052485405132968876,10967054208303761851,15914252875998165783
202412092128,"2024-12-09 13:28:49.000000",170193,42802,170736,170193,25551,1151172,282711,12053553772277775492,1587835437555919570,17543054397102160271,10719080090872070423
202412092228,"2024-12-09 14:28:49.000000",170171,42802,170248,170171,25479,1153961,284481,1308636499079879165,8479004263063215771,2400432120171729731,12082711601615036505
202412092328,"2024-12-09 15:28:49.000000",170207,42802,170659,170207,25527,1159002,281419,3053168323551702607,12047349463740163635,5716537048870642543,11582324102637057437
202412100028,"2024-12-09 16:28:49.000000",170214,42802,169886,170214,24829,1150932,286209,1307907922683321238,3890467730039941268,12564157057632108865,14100134116182350911
202412100128,"2024-12-09 17:28:49.000000",170275,42802,170490,170275,25233,1151860,280110,6848001452883356947,16295637960307419465,5133079676847552430,473970051638828234
202412100228,"2024-12-09 18:28:49.000000",169998,42802,170446,169998,25079,1152535,282162,7890444601532800163,6642949207516440627,10081177528005092721,17203102182020838453
202412100328,"2024-12-09 19:28:49.000000",170249,42802,169575,170249,24976,1155621,280413,8507777581077727361,13147312651657264151,15200515420184048226,17904408112121712106
202412100428,"2024-12-09 20:28:49.000000",170337,42802,170758,170337,24901,1149353,281665,4221729224372120832,15562759173188737694,16834059868866459853,8067215630621494105
202412100828,"2024-12-10 00:28:49.000000",170565,42802,171060,170565,23286,1107097,296415,14662013086021256171,13138928259998084595,10807184541662024822,12938710620260483872
202412100928,"2024-12-10 01:28:49.000000",170500,42802,169970,170500,23429,1103664,299887,9224733313592568675,4558334847644759271,3344401971120596084,10567732876092931650
202412101028,"2024-12-10 02:28:49.000000",170564,42802,171234,170564,23214,1110703,298970,17684580814593839955,15776657792659637059,8597000187161675641,378415138434784031
202412101128,"2024-12-10 03:28:49.000000",170518,42802,170799,170518,23122,1115472,295164,1291380074225183397,10367291605585831295,10763698744423078479,2735570469601980545
202412101228,"2024-12-10 04:28:49.000000",170535,42802,170773,170535,23228,1098827,303765,2447651128021731589,14917805512609918797,10514049592216819594,6709571261929768170
202412101328,"2024-12-10 05:28:49.000000",170623,42802,170648,170623,23382,1099546,300522,7400242836638357895,12966683971824270331,1506952842965944443,9276007330938258115
202412101428,"2024-12-10 06:28:49.000000",170507,42802,170725,170507,23458,1102369,292271,2002427876466350177,8516979405645473953,816209093821697990,13514106442559948972
202412101528,"2024-12-10 07:28:49.000000",170438,42802,170666,170438,23741,1108772,297085,3801405638532867015,10433191186423851135,9874119549367201990,8539240565776523152
202412101628,"2024-12-10 08:28:49.000000",170479,42802,170781,170479,23979,1110272,289633,1773966109995149690,13918298931357733692,3746444871646374413,5356651830980025747
202412101728,"2024-12-10 09:28:49.000000",170336,42802,169977,170336,24627,1122519,289586,72116831422486887,8096624014095709029,762587923025244211,8690628528049846557
202412101828,"2024-12-10 10:28:49.000000",170443,42802,169853,170443,24479,1117111,288728,1180961420691601669,15950287615247613059,5330482985281852997,9890155171902161315
202412101928,"2024-12-10 11:28:49.000000",170500,42802,169988,170500,24402,1108746,299921,9657586732270405137,3887110974233732647,17404575786311993902,8749950488141151834
202412102328,"2024-12-10 15:28:49.000000",170565,42802,169791,170565,25208,1136340,294139,13327067902845168038,3752543442384781182,15901642936675182520,8491324026929104928
202412110028,"2024-12-10 16:28:49.000000",170440,42802,170769,170440,25261,1139281,292581,3875273168042918816,6170700196977431612,1546067244520363863,10120530589025606671
202412110128,"2024-12-10 17:28:50.000000",170320,42802,169313,170320,25278,1143318,289733,1850610148530002412,4207746293896888582,11839206234617841096,9431149634305895638
202412110228,"2024-12-10 18:28:49.000000",170319,42802,170571,170319,25221,1151693,280485,11604365129453756388,17429230919884494254,15599949671084229192,7925353957129970530
202412110328,"2024-12-10 19:28:49.000000",170263,42802,170556,170263,25329,1151201,281300,5694015857591466048,10240126689213484546,15232472718181441443,15307640430701075235
202412110428,"2024-12-10 20:28:49.000000",170152,42802,169444,170152,25270,1148636,281087,6294114916293864918,13179277866515340978,7521035400799931059,9274221317591325145
202412110528,"2024-12-10 21:28:49.000000",170300,42802,170351,170300,24094,1150204,275376,11499175975382217933,3431919127887450231,10685833764872151164,5239212947925228646
202412110628,"2024-12-10 22:28:49.000000",170493,42802,170274,170493,23138,1143565,274088,14469371996407831847,16631820230064272989,6739013945132452048,13554874664162465482
202412110728,"2024-12-10 23:28:49.000000",170394,42802,169612,170394,23314,1126920,281549,2868726520611801697,9695409613977041563,5039655745453494883,5827993444326669203
202412110828,"2024-12-11 00:28:49.000000",170505,42802,170219,170505,23042,1129794,282252,15841225001356341134,17912145830975743648,2052081588972497909,978921920795040553
202412110928,"2024-12-11 01:28:49.000000",170478,42802,170439,170478,23300,1116047,289353,806955411481052634,5038705152717062382,11272239113567324673,17608380706834516157
202412111028,"2024-12-11 02:28:50.000000",170341,42802,170387,170341,23194,1129432,273489,13266489685217940169,17354364103787076309,339666863242648786,5872974838646154798
202412111128,"2024-12-11 03:28:49.000000",170159,42802,169966,170159,23306,1127638,276354,7438912316721410619,6926600504437056997,13386988265660987383,3314983302985433339
202412111228,"2024-12-11 04:28:49.000000",170230,42802,170736,170230,23777,1129651,276748,7662131478498280920,4379825056916289560,9273455330731049761,8434723087849962549
202412111328,"2024-12-11 05:28:49.000000",170113,42802,170457,170113,23459,1112101,290674,16089656309989224232,2464274685851717760,11950656849562053934,1681806212246581632
202412111428,"2024-12-11 06:28:49.000000",170198,42802,170567,170198,23387,1103130,295233,7040864921339283084,7915130028701330776,6056171914165244683,7815984076904699573
202412111528,"2024-12-11 07:28:49.000000",170076,42802,170475,170076,23413,1123724,304498,15104964866553300113,15373230438434587375,14554873153773622763,6866033713267231451
202412111628,"2024-12-11 08:28:49.000000",170041,42802,169933,170041,23883,1118578,303370,12459547681609899467,10868283272250387199,8403337755085339516,14792294662343760048
202412111728,"2024-12-11 09:28:49.000000",170051,42802,170248,170051,24845,1142385,291464,4747760057262926501,5117237104001763987,12576856395221233557,8753229666721754023
202412111828,"2024-12-11 10:28:49.000000",169893,42802,169375,169893,24700,1133795,295561,2349417744831679674,6470698365569702604,1489336877555163201,6417975981730203335
202412111928,"2024-12-11 11:28:49.000000",170023,42802,170409,170023,24679,1146194,291271,9810212088971960201,17260650927781307599,15285871167867116233,1482675769459746589
202412112028,"2024-12-11 12:28:49.000000",170112,42802,170351,170112,25626,1145844,294126,10800419676792754986,3660504288843303044,5202479151729449279,15173351640238645119
202412112128,"2024-12-11 13:28:49.000000",170210,42802,170409,170210,25484,1158275,298621,2641719835579596134,2296126509672493914,2724105348989785768,11606060211039000570
202412112228,"2024-12-11 14:28:49.000000",170168,42802,170156,170168,25224,1147121,310557,2451399051643147039,4268094275306248651,4977071214951383930,7745595889354125208
202412112328,"2024-12-11 15:28:49.000000",170247,42802,170527,170247,25372,1168904,295693,4202202391797603949,619694214937777043,3782163281562903247,10362678073719506335
202412120028,"2024-12-11 16:28:49.000000",170216,42802,169564,170216,25090,1164945,292420,4252210595892878974,9259385729747435934,17254722786657623912,13184735530455234604
202412120128,"2024-12-11 17:28:49.000000",170173,42802,169933,170173,24887,1180066,307844,16091504153501802662,11819188219751044506,791938197683670445,12921068385440622285
202412120228,"2024-12-11 18:28:49.000000",170120,42802,170186,170120,25013,1184462,309881,7239702756431753096,7646304266544329076,18231134562458846933,11799786922808392817
202412120328,"2024-12-11 19:28:49.000000",170201,42802,170083,170201,25154,1175127,308872,5029599917296870372,5954547565146227498,6400127386932007464,15789219511140542596
202412120428,"2024-12-11 20:28:49.000000",170388,42802,169977,170388,25179,1181410,293867,10659613731398373519,8232288654741446415,4077039615827459481,7203683270617036457
202412120528,"2024-12-11 21:28:49.000000",170305,42802,169813,170305,24125,1176343,291944,476044913043675666,17472425124132412852,17670513642446652008,8150089178065350514
202412120628,"2024-12-11 22:28:49.000000",170388,42802,170270,170388,23277,1147568,301815,9990151702976876434,4619872067136567084,18138848763185495121,11927641315552117833
202412120728,"2024-12-11 23:28:49.000000",170596,42802,170538,170596,23569,1155308,298553,7597329620628201670,17546377166270115062,12411218592842096681,2790632247423354715
202412120828,"2024-12-12 00:28:49.000000",170576,42802,170652,170576,23252,1130605,314438,5000627406735823192,7693652934751639444,6337229231290699507,4594411842398468781
202412120928,"2024-12-12 01:28:49.000000",170518,42802,170663,170518,23177,1114435,327540,7199621196755805787,2400828824524499739,13703359113283586710,15932918328580081756
202412121028,"2024-12-12 02:28:49.000000",170223,42802,170230,170223,23346,1118208,315726,15058141861727388068,2437697029819944934,9213754767455585332,5239595933274082880
202412121128,"2024-12-12 03:28:49.000000",170099,42802,170160,170099,23364,1140619,302074,2181936227313614389,6740082729006026423,689408130302294625,10065195518271417595
202412121228,"2024-12-12 04:28:49.000000",170042,42802,169360,170042,23386,1131361,299854,16718815091835066321,6790764988794352915,1038447584419616547,8842231001042113581
202412121328,"2024-12-12 05:28:49.000000",170164,42802,169594,170164,23222,1126708,300493,15466425529094411900,10299019544691879236,17134679611200290134,1351204839940788014
202412121428,"2024-12-12 06:28:49.000000",170300,42802,170197,170300,23307,1130010,303436,2373952634576975288,14536595741985698912,778716000115563232,10701073775687425872
202412121528,"2024-12-12 07:28:49.000000",170169,42802,170497,170169,23445,1122011,305710,6115429825788353426,1869482219993315128,13603728882465584868,12903600134596015896
202412121628,"2024-12-12 08:28:49.000000",170001,42801,170043,170001,23732,1110666,314188,8147069299642928977,6169291990095001965,1840298632140554860,1075822505746874116
202412121728,"2024-12-12 09:28:49.000000",169692,42802,169721,169692,24499,1097519,324808,8179380817730745685,16413116105324810563,2835873307241531580,10084472338375028108
202412121828,"2024-12-12 10:28:49.000000",169626,42802,170061,169626,24804,1105315,326273,14210344464797126558,14414098534033484456,968433045164501651,5670726715298546923
202412121928,"2024-12-12 11:28:49.000000",170035,42802,169590,170035,24970,1127465,313515,1512077842114752296,11346252168380264618,1948471102922268861,9695928856885833705
202412122028,"2024-12-12 12:28:49.000000",170211,42802,170365,170211,25679,1133882,316417,17840529570764225514,11858767689352536164,1986905963726586426,5388558934743690720
202412122128,"2024-12-12 13:28:49.000000",170047,42802,170343,170047,25435,1139622,313426,13056422680919303337,16653500065379532547,10880239081532960653,9597732839461948679
202412122228,"2024-12-12 14:28:49.000000",170025,42802,170178,170025,25231,1152379,307329,17388098672942682658,3581725596997872748,8296193501602370980,6666964222223516246
202412122328,"2024-12-12 15:28:49.000000",170344,42802,170138,170344,25151,1167663,298571,9181179846244675518,3654983812132185940,16283901035404573339,3545636586305230765
202412130028,"2024-12-12 16:28:49.000000",170169,42802,169882,170169,24981,1158547,305504,16953664769425913365,14974052407151654049,9481346868516734265,13303116627851361313
202412130128,"2024-12-12 17:28:49.000000",170168,42802,170714,170168,25218,1151856,310909,15400647297347832040,15064440896793036038,7896518973504363873,368795895982896909
202412130228,"2024-12-12 18:28:49.000000",170196,42802,170468,170196,25144,1166136,299825,2996502914022409974,2348034334693661100,296720759497768996,13465007064193487634
202412130328,"2024-12-12 19:28:49.000000",170278,42802,170825,170278,25034,1170456,297086,8753402356447575513,15293527397738221607,2504024858718634813,8233623292063246379
202412130428,"2024-12-12 20:28:49.000000",170197,42802,170010,170197,24081,1165614,291776,11124894258840695863,15313038395174496529,1102394829331896880,9564238065752448988
202412130528,"2024-12-12 21:28:49.000000",170180,42802,170994,170180,23823,1166174,288972,9807578093657784675,7651456797487599267,10696366439677644847,9961730644474629169
202412130628,"2024-12-12 22:28:49.000000",170174,42802,169725,170174,21949,1162423,287458,2426886126920884847,12797918282502340717,18400465837449381549,17409486204236550785
202412130728,"2024-12-12 23:28:49.000000",170405,42802,169663,170405,22003,1148705,291736,522626335202851941,13894318313037145609,6406896190793652502,11252516253999379698
202412130828,"2024-12-13 00:28:49.000000",170659,42802,171260,170659,21814,1138333,298279,4010284267164310533,12714648483637843437,13215829669529783823,15914515647835500299
202412130928,"2024-12-13 01:28:49.000000",170393,42802,170098,170393,21606,1140867,288561,4526241612270842703,11116219425623796469,2409036964943644790,10146332767178685348
202412131028,"2024-12-13 02:28:49.000000",170391,42802,170303,170391,22092,1140354,301982,15882848505736281475,6068905093086049327,3654072415737083266,9573557472951184178
202412131428,"2024-12-13 06:28:49.000000",170223,42802,169966,170223,23314,1140481,300208,8984966905031667522,16422703479277659744,10348149959399753796,9926529645967125792
202412131528,"2024-12-13 07:28:49.000000",170215,42802,169988,170215,23101,1149963,286000,959517720349607799,10120837539742736869,7437189103662676339,12909101036742495005
202412131628,"2024-12-13 08:28:49.000000",170185,42802,170707,170185,23144,1152496,292603,910526278073725716,10077818086067369632,4740617693235616232,14700650502578596698
202412131728,"2024-12-13 09:28:49.000000",170191,42802,170164,170191,24217,1146839,296732,15159923965109092969,1009214584345323467,2919018556326768283,919930339468082521
202412131828,"2024-12-13 10:28:49.000000",170037,42802,169893,170037,24220,1140914,296664,14307984039617071512,478379107880537908,12794482067436027346,17531418022188694622
202412131928,"2024-12-13 11:28:49.000000",170106,42802,170087,170106,25332,1150039,297169,2536247654487835227,4974237237707002005,10708756025289113931,1347732715290835915
202412132028,"2024-12-13 12:28:49.000000",169974,42802,170817,169974,25066,1120880,295858,16054971554279438579,284903118667014863,6250410706070824028,10667500637575965212
202412140028,"2024-12-13 16:28:49.000000",170133,42802,169615,170133,23723,1134504,281627,6628817329990204930,7187029042028414626,16211318340494397715,13421318416296270053
202412140128,"2024-12-13 17:28:49.000000",170147,42802,169798,170147,23713,1139766,278885,3479897676901982694,10955746751334213986,12548613187774793575,7263791862270922545
202412140228,"2024-12-13 18:28:49.000000",170158,42802,170270,170158,23214,1136205,280960,3239484553578751432,2218657361780190708,5211932715642288451,4122309012772836635
202412140328,"2024-12-13 19:28:49.000000",170227,42801,170373,170227,23389,1142170,278237,5499101696326962060,18026675501582008712,9051048161515551794,7948809876213811070
202412140428,"2024-12-13 20:28:49.000000",170146,42802,170369,170146,23252,1138504,278378,5124514807669453346,13046001610487334782,12393123366560513274,5788575869000595206
202412140528,"2024-12-13 21:28:49.000000",170303,42802,170655,170303,23492,1138465,280883,10473743413989201159,1846869833216411295,15566704843235614024,8247627973065977774
202412140628,"2024-12-13 22:28:49.000000",170243,42802,171142,170243,23954,1137522,278358,11627220746083557735,10201500404234826637,16203103065900553550,18072357605821840786
202412140728,"2024-12-13 23:28:49.000000",170050,42802,169309,170050,24011,1119848,289203,6278165062081367231,11348494845880410049,2831681375405016205,4825144060722966533
202412140828,"2024-12-14 00:28:49.000000",170085,42802,170428,170085,23947,1133600,280695,5744271659285635441,3735360113738498197,1603405491193550586,700190715958951148
202412140928,"2024-12-14 01:28:49.000000",170160,42802,169948,170160,24125,1124979,283158,16477630134895186160,4321262334085539132,5734742874240640824,5484388666896436238
202412141028,"2024-12-14 02:28:49.000000",170059,42801,169999,170059,24327,1125072,285235,6963278784369048513,14257558005660019019,4486966539808885906,16917335087085850442
202412141128,"2024-12-14 03:28:49.000000",170081,42802,170153,170081,23187,1118568,279999,10486424696141543149,277989853173555995,3177915140909963791,16131454850019970527
202412141228,"2024-12-14 04:28:49.000000",170178,42802,170263,170178,23178,1125566,282015,18382186923226725571,11900897237323840619,7485488509456815807,15459959564892691435
202412141328,"2024-12-14 05:28:49.000000",170279,42802,171064,170279,22843,1130138,277965,14870449560599646788,18253357118799565700,10343507691432621323,11261270767555295319
202412141428,"2024-12-14 06:28:49.000000",170003,42802,170025,170003,22783,1126478,276400,10681454847592561786,9642746496813035474,6007397027824962703,7347825862735830611
202412141528,"2024-12-14 07:28:49.000000",170083,42802,170153,170083,24066,1127279,279838,7366688353553103404,9128800352388677074,15752136711434394738,14518460576125211378
202412141628,"2024-12-14 08:28:49.000000",170044,42802,170215,170044,23975,1113120,286366,4783730811966715627,4693961027204263865,11551936562168125895,18289740043133001083
202412141728,"2024-12-14 09:28:49.000000",169962,42802,170211,169962,24421,1109074,293952,6076417061015234524,12916807864521439348,7581303053649738679,9785713556272800709
202412141828,"2024-12-14 10:28:49.000000",170072,42802,169878,170072,24376,1110041,291436,15214511664808101941,378400907482468639,4845740335701867673,2870745425504120579
202412141928,"2024-12-14 11:28:49.000000",169960,42802,169948,169960,24365,1111427,294714,7833787481276038759,2847444823038453111,1682234418162718318,17609291390103838420
202412142028,"2024-12-14 12:28:49.000000",170067,42802,170211,170067,25341,1115952,297121,10978145501704920212,5604912865559038448,15357980424512927903,1750671878792102575
202412142128,"2024-12-14 13:28:49.000000",170078,42802,169999,170078,25380,1120163,298106,13718643963802576561,15130992615502963355,15091518622830031409,10635109153486259229
202412142228,"2024-12-14 14:28:49.000000",170095,42802,170542,170095,25248,1129289,292436,371294184127070850,5634482297477047064,955113165667061856,514198036398727498
202412142328,"2024-12-14 15:28:49.000000",170147,42802,170197,170147,25256,1136753,287360,7176088443100051586,1037003904597800474,15319478775579330503,442226548840510615
202412150028,"2024-12-14 16:28:49.000000",170152,42802,169532,170152,25156,1139926,296064,5495767787847144838,5318968014240779090,17409882359635270393,5612383089648129941
202412150128,"2024-12-14 17:28:49.000000",170145,42802,170519,170145,25084,1135728,288410,16557058695983480100,9177687558658360458,5852934749067152085,1921516208040499011
202412150228,"2024-12-14 18:28:49.000000",170173,42802,170197,170173,25106,1141278,281698,12484011837455268098,14532512378457303468,14425912257791721077,10829735575795580619
202412150328,"2024-12-14 19:28:49.000000",170154,42802,170663,170154,25139,1136000,290363,12066005420809231726,12978605876497500054,6038082896158663306,3487583979057042318
202412150428,"2024-12-14 20:28:49.000000",170136,42802,170340,170136,25284,1139862,284537,6139142713173562049,8274692088996609277,7573148516985566812,1918177815371494548
202412150528,"2024-12-14 21:28:49.000000",170081,42802,169944,170081,25008,1128289,292769,488599164326188388,5373411286430265704,9807532952919999337,16419160162759305899
202412150628,"2024-12-14 22:28:49.000000",170250,42802,170773,170250,24350,1128846,282562,9728445654717037155,3455301117722483391,13713757208085438540,12594555486399812480
202412150728,"2024-12-14 23:28:49.000000",170208,42802,170486,170208,24569,1134515,283495,6737003955570942096,6214554878114528596,6120709264433066304,12918636899901951080
202412150828,"2024-12-15 00:28:49.000000",170169,42802,170626,170169,24008,1124738,285255,17346834981858015633,16768809692578161273,18299799678370652310,11989863898060417538
202412150928,"2024-12-15 01:28:49.000000",170100,42802,169831,170100,24175,1118466,290814,17627275403961206890,14329347871565116764,18183463712947920505,143355257014049139
202412151028,"2024-12-15 02:28:49.000000",170020,42802,169915,170020,24159,1115375,291819,5328766816789759974,6772880239875061992,13086161560704869299,17051548013809932931
202412151128,"2024-12-15 03:28:49.000000",169963,42802,169535,169963,24252,1120905,290253,10033464370223012181,16842391028221623999,12309395160664876050,7258055002269881678
202412151228,"2024-12-15 04:28:49.000000",170080,42802,170689,170080,23267,1126100,282089,13952841253609773155,7192878656466408499,12557688499032438617,9988006467071362769
202412151328,"2024-12-15 05:28:49.000000",170022,42802,170336,170022,23264,1124556,283755,8571758060925811853,3641205407836007099,6327538000098498963,13638295522832175847
202412151428,"2024-12-15 06:28:49.000000",169998,42802,169823,169998,23370,1109105,285968,6744234316043631334,12980070468316946654,16657691213691105020,12527460806795334106
202412151528,"2024-12-15 07:28:49.000000",170039,42802,169750,170039,24372,1111762,288528,4587192317692714723,13355348740816460833,8693346299405557987,3135172729729114705
202412151628,"2024-12-15 08:28:49.000000",170020,42802,169761,170020,24244,1112323,294563,2877620148692702397,9602264775908208325,15577141652455096780,7796305087531236394
202412151728,"2024-12-15 09:28:49.000000",170059,42802,170156,170059,24326,1106720,290068,3963093241243416951,1718641601911119335,13603288908442483478,2614994209308261972
202412151828,"2024-12-15 10:28:49.000000",170023,42802,169802,170023,24582,1110374,295479,12522795803020324427,16623469786298710391,15008214779481440204,12310509177165848606
202412151928,"2024-12-15 11:28:49.000000",170018,42802,169284,170018,24540,1115517,293530,13073110432454978500,17247660166956064326,13270202782120551708,11032952379723639214
202412152028,"2024-12-15 12:28:49.000000",170008,42802,169491,170008,25415,1114673,303886,18169039103537131881,3325463692267894503,17939542190596601455,1472406082757604593
202412152128,"2024-12-15 13:28:49.000000",170176,42802,170406,170176,25504,1136611,292045,18328344631778716316,18327978577373201826,6797003096520236854,17265794225521326134
202412152228,"2024-12-15 14:28:49.000000",170180,42802,170575,170180,25211,1137838,290351,17969610091940320001,12399125812519498101,1331935160248092614,5456090847616023476
202412152328,"2024-12-15 15:28:49.000000",170039,42802,170058,170039,25146,1153034,291828,10376474416215719797,4500845507276648245,15447893326751910137,1991938108881393975
202412160028,"2024-12-15 16:28:49.000000",170151,42802,170340,170151,25215,1155700,293615,17663319600124375247,2045572252281962989,1285478927166768363,1878130788621894333
202412160128,"2024-12-15 17:28:49.000000",170193,42802,170442,170193,25056,1151699,294440,1095827468223281134,16071895449664888850,6106517138246710714,12174837542819047986
202412160228,"2024-12-15 18:28:49.000000",170183,42802,170266,170183,25033,1157518,292109,12485618851222197797,4688895576490590531,14419732964419140942,9304164147941757186
202412160328,"2024-12-15 19:28:49.000000",170182,42802,170854,170182,25263,1158181,289077,5329403353037506805,9146567797442734699,5790471451700281145,10751276940020499359
202412160428,"2024-12-15 20:28:49.000000",170313,42802,170505,170313,25105,1169826,294847,3431456569108473707,16611902275246270317,3125681390699159262,13305014522598361070
202412160528,"2024-12-15 21:28:49.000000",170208,42802,170906,170208,23714,1168225,288409,1089828780738037903,13609556233290914077,2018266396019503260,14469481599945744464
202412160628,"2024-12-15 22:28:49.000000",170261,42802,170105,170261,23016,1177593,285665,6147069590490055628,9492604259262904256,8077656681772424648,15236869134953827688
202412160728,"2024-12-15 23:28:49.000000",170194,42802,170457,170194,23306,1159062,285335,3910247294286825151,3509912244296276617,9505208092721254810,11718918787767499596
202412161128,"2024-12-16 03:28:49.000000",170115,42802,170314,170115,23827,1130622,304219,3977904020292831016,12295745512478290650,17481112925339936488,828882075415605628
202412161228,"2024-12-16 04:28:49.000000",170173,42802,170105,170173,23793,1144568,299962,15326212407373703356,12617775920463345098,12512002494189743850,11434942178453575978
202412161328,"2024-12-16 05:28:49.000000",170044,42802,169266,170044,23318,1133207,304367,3252944220686180585,2814364858552917635,16026272223355854541,436557462832708783
202412161428,"2024-12-16 06:28:49.000000",170126,42802,170263,170126,23806,1138970,304608,17466309535049268318,4812135051312486216,535323784471247780,6429120225684380318
202412161528,"2024-12-16 07:28:49.000000",170310,42802,170630,170310,23874,1150531,292609,15370187944925209737,2225709358009830813,10165209807494578961,15363147908592735039
202412161628,"2024-12-16 08:28:49.000000",170195,42802,170409,170195,24192,1146697,296739,16908978401198139094,3925055881734158566,15616775761216386627,60299633962434579
202412161728,"2024-12-16 09:28:49.000000",170068,42802,169882,170068,25032,1138025,302407,17592070752134871092,17311722598201444092,10141613619743263070,8911219826793890358
202412161828,"2024-12-16 10:28:49.000000",170117,42802,170109,170117,25534,1135476,305779,7057737090620872784,9533232474401043782,12618234359342686492,4312785728682981648
202412161928,"2024-12-16 11:28:49.000000",170145,42802,169568,170145,25621,1137038,309150,2577222932155662835,10685021456225635719,16888393593751799585,9930092797720610207
202412162028,"2024-12-16 12:28:49.000000",170062,42802,169853,170062,25485,1146631,305829,12625191060222177437,12988855924546904077,6008434823025248673,10615452067223880505
202412162328,"2024-12-16 15:28:49.000000",170242,42802,169995,170242,25133,1171252,294699,17977403927780365194,15185417738607267264,456145463181831872,9643015275941191970
202412170028,"2024-12-16 16:28:49.000000",170177,42802,170178,170177,25095,1172107,293803,15847414289634861338,17670936408086417972,14064286804236363064,1908427267736035242
202412170128,"2024-12-16 17:28:49.000000",170188,42802,170508,170188,25412,1164501,295996,12318606752506702695,10577521017191983773,9420083456197732515,10842874838099776947
202412170228,"2024-12-16 18:28:49.000000",170202,42802,169981,170202,25347,1168652,293303,15412253421430121080,7901934906995573154,127404874386799708,8521788850621274538
202412170328,"2024-12-16 19:28:49.000000",170224,42802,170869,170224,25214,1195191,312670,6635916751356995079,11247098889230426847,11123611558942701447,5030644986218335837
202412170428,"2024-12-16 20:28:49.000000",170209,42802,169532,170209,25080,1183421,294750,7084543965734277487,9549475641015579767,17960887196407914773,365074249035484625
202412170528,"2024-12-16 21:28:49.000000",170149,42802,169944,170149,24990,1161698,296158,18396330588121776470,13965174403419788010,4719626919051784906,17225001300890026152
202412170628,"2024-12-16 22:28:49.000000",170089,42802,170230,170089,25095,1158738,295069,6772099421483971112,6138657093664185478,11139606991963895001,1740728355128919763
202412170728,"2024-12-16 23:28:49.000000",170079,42802,170619,170079,25222,1145358,299601,15248478929247740075,17304562562363590075,14601263982777030727,1390904511086073145
202412170828,"2024-12-17 00:28:49.000000",170128,42802,170843,170128,25234,1139191,297017,3797890359605455296,9805135132797790606,18162249060292396141,8316951818768244937
202412170928,"2024-12-17 01:28:49.000000",170191,42802,170281,170191,25448,1145313,300614,3602705251419018237,10145336422476737557,16770331197896179205,5683814139023848131
202412171028,"2024-12-17 02:28:49.000000",170264,42802,170193,170264,25308,1144047,302263,6172088238561154308,8363277649854986254,7044646495744505981,2793645318522157119
202412171128,"2024-12-17 03:28:49.000000",170140,42802,169488,170140,25583,1147832,299105,7168066310622808839,5064418421152747771,17230083941652324880,14286641444937159176
202412171228,"2024-12-17 04:28:49.000000",170196,42802,170622,170196,25279,1141774,299586,3880421095342059287,15306517665632509609,17213032079748547859,6124251314676805011
202412171328,"2024-12-17 05:28:49.000000",170291,42802,170120,170291,25453,1141426,305416,11754414649970289378,2408608643038743980,15209804099857916289,4332008778967463627
202412171428,"2024-12-17 06:28:49.000000",170161,42802,170902,170161,25591,1129388,301628,16216295860336662322,12647874643047642252,12891970006449144723,18166220087621624259
202412171528,"2024-12-17 07:28:49.000000",170125,42802,170296,170125,25689,1132431,304042,12074636677369146402,4576270846485929910,2492847673773707060,17108730241690099272
202412171628,"2024-12-17 08:28:49.000000",170041,42802,169973,170041,25838,1118016,309047,13701756814188587880,2122083094976586330,3858717538044549904,11439768597060891770
202412171728,"2024-12-17 09:28:49.000000",170026,42802,170758,170026,25815,1122083,309872,2592012808744837719,5981695206593775141,16295480694063669770,9022702828564757568
202412171828,"2024-12-17 10:28:49.000000",170134,42802,169765,170134,25729,1132742,301779,15374901848813009345,2300740994949128505,2990022393288154986,16483148030591387464
202412171928,"2024-12-17 11:28:49.000000",169833,42802,169747,169833,25659,1129928,311750,13025245522554680537,15991762013118994867,12060815876921213912,4946167912351489722
202412172028,"2024-12-17 12:28:49.000000",170180,42802,170387,170180,25525,1147386,305255,10559362138171163760,8788451234261189250,4477193984904172652,8585844591187100994
202412172128,"2024-12-17 13:28:49.000000",170115,42802,170769,170115,25318,1159974,301267,4448488993554735718,12485415142072123974,2737420692842641799,18253544703481721739
202412172228,"2024-12-17 14:28:49.000000",170272,42802,170340,170272,25198,1166617,296690,3404971147033986354,7313585801715166750,16910420715785091202,15152548284328100736
202412172328,"2024-12-17 15:28:49.000000",170214,42802,170340,170214,25099,1168183,292579,5868699553139783915,2227363087202240813,4240005290888848137,17222886618984580867
202412180028,"2024-12-17 16:28:49.000000",170274,42802,170343,170274,25365,1171826,291974,4564285932856597530,16286182842924154788,8906976324046273762,10550144075215326752
202412180128,"2024-12-17 17:28:49.000000",170229,42802,170142,170229,25259,1174146,311839,4908669310095718826,15701809104997899732,5971499294840132925,9179009810991618057
202412180228,"2024-12-17 18:28:49.000000",170239,42802,170461,170239,25009,1181326,308873,9310984584980906297,5775992369256958113,10304770562947125962,16225733699764862656
202412180328,"2024-12-17 19:28:49.000000",170280,42802,170259,170280,25053,1171232,293966,3491549481787945508,695596653931239754,9444249404503814806,2564015261405198724
202412180428,"2024-12-17 20:28:49.000000",170321,42802,170895,170321,25102,1166583,298548,14416725390252397513,3734798046032065473,2378815690368403023,10810117102959589341
202412180528,"2024-12-17 21:28:49.000000",170268,42802,170483,170268,24988,1169698,294905,10416045693924943625,13028288125653014425,9880929047911345905,2257677042771899883
202412180628,"2024-12-17 22:28:49.000000",170146,42802,170303,170146,25161,1146778,308941,7916630097425589356,3115006518051179026,4926238573612726902,7361661945835716066
202412180728,"2024-12-17 23:28:49.000000",170248,42802,170219,170248,25566,1162883,296706,7666066635076163718,12234911829165805012,1054384377128747350,17421246369986159848
202412180828,"2024-12-18 00:28:49.000000",170059,42802,170098,170059,25371,1136974,304028,9620025563268065127,3952901475212842567,13097535285394733067,3902428216070726953
202412180928,"2024-12-18 01:28:49.000000",170236,42802,170318,170236,25332,1138049,306341,10034034744828190806,13289948530148580996,12566551545329443089,15394525871779095115
202412181028,"2024-12-18 02:28:49.000000",170456,42802,170354,170456,25478,1139778,312361,9855695853429350552,12221489014482486444,6096808643444518890,1561853713245908510
202412181128,"2024-12-18 03:28:49.000000",170434,42802,171182,170434,25420,1145608,305827,7550981603078277885,10824510011408153663,360198270950934213,7245430259406924579
202412181228,"2024-12-18 04:28:49.000000",170424,42802,170924,170424,25295,1130487,316805,7535687558634801272,3829999454339587562,14393070767331239849,11425800606675256927
202412181328,"2024-12-18 05:28:49.000000",170441,42802,170692,170441,25552,1137909,311540,8267022402822444893,8792859980239793725,7080918882567046925,4852089055370539689
202412181428,"2024-12-18 06:28:49.000000",170269,42802,170406,170269,25375,1141677,308707,5646340842086215338,7393167380201252570,15879550409982341861,17383562332327370211
202412181528,"2024-12-18 07:28:49.000000",170133,42802,169937,170133,25429,1119115,310332,6617981564696423441,3741183247376964359,5347202116233675632,5070144947223723822
202412181628,"2024-12-18 08:28:49.000000",170125,42802,169688,170125,25538,1127892,304602,7006187256955386158,12736461818406149988,3661222717812946333,15530960887495949245
202412181728,"2024-12-18 09:28:49.000000",170102,42802,169630,170102,25522,1136292,304925,6681776621361598116,12851785015199144312,6051215284066923076,6989714075726646120
202412181828,"2024-12-18 10:28:49.000000",170105,42802,170369,170105,25657,1132672,307835,16359487175758641390,8711223487697808926,14630799632286044862,3008425087308042692
202412181928,"2024-12-18 11:28:49.000000",169948,42802,169437,169948,25617,1129090,306433,7291934039669078841,16688572207502844913,8312552299341082295,16137663937970958207
202412182028,"2024-12-18 12:28:49.000000",170089,42802,169926,170089,25733,1141931,305344,1124887647032853132,8034490172327034090,13708279789761806576,3457642378045492860
202412182128,"2024-12-18 13:28:49.000000",170282,42802,170255,170282,25311,1155748,301281,12965112504581624836,6420982508471968058,11193912215742288733,16475056119547291771
202412182228,"2024-12-18 14:28:49.000000",170218,42802,170442,170218,25038,1157097,304286,12258093075100274746,17549250808401542676,17581799242643425754,17052279076816074012
202412182328,"2024-12-18 15:28:49.000000",170237,42802,170347,170237,25023,1163621,293846,13645921558726758306,7349298370909450164,12287620237339403001,2350124432332303131
202412190028,"2024-12-18 16:28:49.000000",170131,42802,170178,170131,25000,1163929,293919,14093150096462037645,9196650369937534493,916337688732053640,3029693020914932096
202412190128,"2024-12-18 17:28:49.000000",170204,42802,170836,170204,25106,1159470,296192,9705970656079588681,4349271362381497283,13751116493894885404,3897068131421797996
202412190228,"2024-12-18 18:28:49.000000",170194,42802,169747,170194,25247,1160787,296285,7452431732913904816,639669602311871374,7589411836528136712,14383237347725183860
202412190328,"2024-12-18 19:28:49.000000",170307,42802,169656,170307,25138,1168215,293435,11228165930661884157,5870311683772746991,18225457854238287809,17287677376179764013
202412190428,"2024-12-18 20:28:49.000000",170217,42802,170784,170217,25079,1160166,293302,4530598116871849975,3985815782238422879,9726732879988291354,6849531650670145218
202412190528,"2024-12-18 21:28:49.000000",170311,42802,170215,170311,25183,1163632,293034,5944845802233830207,11148808805933439239,7288342021626645860,5651696544569074444
202412190628,"2024-12-18 22:28:49.000000",170199,42802,170538,170199,25335,1142500,302686,7405624655954152859,6197553455120108309,10859402467742084651,10945876476659221025
202412190728,"2024-12-18 23:28:49.000000",170401,42802,170098,170401,25595,1135634,300155,14554328468175769113,16506859609524282757,14556400840356944523,9087775546753622777
202412190828,"2024-12-19 00:28:49.000000",170126,42802,170413,170126,25345,1133204,303458,13881516568847692603,11744326891319127765,12058716112249739540,5250672126653429968
202412190928,"2024-12-19 01:28:49.000000",170228,42802,170902,170228,25579,1129403,303276,16507222978811118009,18016695785161264233,8533602129864594932,8457600080078889656
202412191028,"2024-12-19 02:28:49.000000",170175,42802,170288,170175,25273,1131966,304521,10612280479778168125,9998568708900559291,4963527967124618624,11514739399209634104
202412191128,"2024-12-19 03:28:49.000000",170067,42802,170329,170067,25724,1129015,302348,8440343754273152204,12840088427363871036,4739143868923024131,12302035713407916447
202412191228,"2024-12-19 04:28:49.000000",170146,42802,170839,170146,25470,1136459,304856,121402087028766452,1086529250722874026,3687622170441846045,14374191625791506661
202412191328,"2024-12-19 05:28:49.000000",170078,42802,169437,170078,25591,1123891,310334,17699205084588567266,17518436396596130444,9223077927938250153,17721402391661580569
202412191428,"2024-12-19 06:28:49.000000",170184,42802,169754,170184,25455,1136217,307794,7900057664763412819,4348124680411401883,18234908387571687433,17174851575453408127
202412191528,"2024-12-19 07:28:49.000000",170150,42802,170076,170150,25478,1116202,310019,13381789447222010457,13667032796189152195,17239609928563786666,15298968186239893704
202412191628,"2024-12-19 08:28:49.000000",170066,42802,169098,170066,25849,1123110,311157,5217524641703990770,15217914644788260266,10007963572261177818,7156725723075574750
202412191728,"2024-12-19 09:28:49.000000",170050,42802,169922,170050,25685,1117600,307968,9543613344529534097,6119743280929319415,2526780472426189097,11023666236577474565
202412191828,"2024-12-19 10:28:49.000000",169947,42802,169919,169947,25634,1127123,310178,17551099858089244881,11952005836533527795,4467871366294701186,14951794514497898450
202412191928,"2024-12-19 11:28:49.000000",170022,42802,170058,170022,25703,1116721,311753,12062576853186774519,17470230106413123607,14106297306513047697,629189580041523801
202412192028,"2024-12-19 12:28:49.000000",169997,42802,169069,169997,25403,1144477,301716,12845045649940891154,3691125999095749992,11988903437422890374,9877827351064563682
202412192128,"2024-12-19 13:28:49.000000",170129,42802,169462,170129,25425,1151128,301987,9702736903402165430,13751867307058824914,964813866500125498,1530063931792620310
202412192228,"2024-12-19 14:28:49.000000",170279,42802,168950,170279,25337,1154782,300083,15572936008255293923,4118572318931511005,13436340769520068989,1811020415931891257
202412192328,"2024-12-19 15:28:49.000000",170225,42802,170112,170225,25269,1161930,296647,259489317580512705,13080803228257534059,7510182074241814132,2637225270165621794
202412200028,"2024-12-19 16:28:49.000000",170156,42802,170483,170156,25281,1161253,292477,14087045731770443009,15413767860289886993,15938543089730679541,13859414267724754151
202412200128,"2024-12-19 17:28:49.000000",170245,42802,170068,170245,25045,1170343,294414,700478846003776532,17606065652445759714,11468996924631122295,13002940576647273605
202412200228,"2024-12-19 18:28:49.000000",170085,42802,170979,170085,24858,1164484,294763,5453205454381820397,13711643986481970349,5123010061599421413,10545399886820565287
202412200328,"2024-12-19 19:28:49.000000",170210,42802,170549,170210,25068,1172504,288481,11956204690129654276,15024596516322026490,11783294145986139989,13328307375973476305
202412200428,"2024-12-19 20:28:49.000000",170211,42802,170149,170211,25027,1170268,291400,11518940486677364383,1810260295016829415,2576510780172411456,3433524991431131426
202412200528,"2024-12-19 21:28:49.000000",170154,42802,169984,170154,25196,1166674,293570,7096405694412826061,12450947961796541845,3863499863336100761,269665765532516397
202412200628,"2024-12-19 22:28:49.000000",170104,42802,170310,170104,25125,1154270,292416,4120526884881055934,3446990734802320700,4435402629725950884,11261602852303677490
202412200728,"2024-12-19 23:28:49.000000",170189,42802,170050,170189,25154,1155604,295986,18042060776059015797,9493167729221450333,2887517567803690133,8787929591036750427
202412200828,"2024-12-20 00:28:49.000000",170284,42802,169714,170284,25261,1137132,296502,15811252523179769022,16643921808444112304,6193322566649028587,6695040212124534295
202412200928,"2024-12-20 01:28:49.000000",170051,42802,169718,170051,25458,1124747,311251,17138382703119815616,9204345009134535978,6664596188954770519,6339035044292340687
202412201028,"2024-12-20 02:28:49.000000",170247,42802,169966,170247,25388,1146062,304254,15486082505575149045,13611876798763551911,17789045992191684829,17111039610105779757
202412201128,"2024-12-20 03:28:49.000000",170165,42802,170270,170165,25692,1139798,303299,14784485231092958890,7056799716808950540,5645712575534132495,7787911683144495061
202412201228,"2024-12-20 04:28:49.000000",170173,42802,169747,170173,25442,1137652,306732,4843601167779605092,18172343721671570426,7346770534455089961,3789180414190956995
202412201328,"2024-12-20 05:28:49.000000",170189,42802,169992,170189,25633,1133182,309688,13999081901170654381,4100784366265768813,4068000462611109545,8480091640557329545
202412201628,"2024-12-20 08:28:49.000000",169966,42802,169827,169966,25531,1131063,310308,16406645946935436460,14898919657923300734,16139908714883782532,16303844345922840752
202412201728,"2024-12-20 09:28:49.000000",170145,42802,171190,170145,25816,1130010,309250,10269963224275112283,15388653965902567967,10011214275108819600,645048504146374402
202412201828,"2024-12-20 10:28:49.000000",170171,42802,170519,170171,25648,1128861,312567,3442008309836168422,6706850365046378538,2995429418268483592,13467518532080333058
202412201928,"2024-12-20 11:28:49.000000",170149,42802,169397,170149,25448,1127789,311922,1274811999767386930,6642415351593662118,3097204033002340815,7424263407372070111
202412202028,"2024-12-20 12:28:49.000000",170160,42802,170120,170160,25217,1111115,300069,5107986862193389103,3441389673685613531,16194743057215711771,1992885455052300855
202412202128,"2024-12-20 13:28:49.000000",170199,42802,171153,170199,25258,1116241,299389,18027456457094703594,6515238116272357804,15354187030361883365,1035617450768599727
202412202228,"2024-12-20 14:28:49.000000",170016,42802,169900,170016,25365,1119543,298414,6115141199743212720,900277192678811454,1230853581008734016,17884135050214051260
202412202328,"2024-12-20 15:28:49.000000",170213,42801,170542,170213,25222,1127786,294378,6161612443147198568,14551905976666930758,369165763859071208,15036276478022847054
202412210028,"2024-12-20 16:28:49.000000",170142,42802,170490,170142,25234,1119942,297065,7724801639241806264,8018062463748485260,8154035510370724090,9883724275652746376
202412210128,"2024-12-20 17:28:49.000000",170143,42802,170277,170143,25202,1130843,291121,9578988123535127285,15680364071048202937,7310332184425563853,15631097414950427089
202412210228,"2024-12-20 18:28:49.000000",170067,42801,169838,170067,25154,1124807,295641,18309525890960538135,17415349892908914217,12073092468072141119,7409118721915489571
202412210328,"2024-12-20 19:28:49.000000",170095,42802,170193,170095,25207,1128470,295939,331323157658964645,14467807935586153597,10906520203442015179,17344607835526279735
202412210428,"2024-12-20 20:28:49.000000",170027,42802,169761,170027,24893,1124135,295457,16799223027635032770,8029650096890459292,12046897876266097086,13730854410148497764
202412210528,"2024-12-20 21:28:49.000000",170106,42802,170153,170106,25271,1131944,289810,16244683033854545910,10833696230040940818,4838128749095112039,8020606296467815571
202412210628,"2024-12-20 22:28:49.000000",170133,42802,170424,170133,25467,1125742,291586,14879810940191946711,11399368875784818785,6753176464510664463,16550581784379979429
202412210728,"2024-12-20 23:28:49.000000",169995,42802,170843,169995,25404,1123811,293703,13777569461409262380,5379834111536823942,3895360317941208922,17754322427939815028
202412210828,"2024-12-21 00:28:49.000000",169905,42802,170098,169905,25309,1121274,295577,12512703267354470069,12509563131518258845,14251024105002075819,76041580162233987
202412210928,"2024-12-21 01:28:49.000000",170036,42802,169973,170036,25604,1118276,289486,15694620802572949526,17072331190617592578,5242071745822608928,8334945837521193588
202412211028,"2024-12-21 02:28:49.000000",170043,42802,170578,170043,25284,1116209,291965,17209713621773980668,3591574400553763936,5580607251489354358,10100080392333190466
202412211128,"2024-12-21 03:28:49.000000",170173,42802,170285,170173,25407,1116525,290524,10821109385597196076,10634696172317479826,17386886787951860851,11227985653341085853
202412211228,"2024-12-21 04:28:49.000000",170142,42802,170545,170142,25523,1118282,289332,12029766412905976653,17048682503400321629,3678665062440239333,16910847771473822427
202412211328,"2024-12-21 05:28:49.000000",169990,42802,169970,169990,25547,1106212,290796,1782555447995618927,4074082560704870459,15966399925456289354,11791446471299480124
202412211428,"2024-12-21 06:28:49.000000",170141,42802,170615,170141,25782,1117495,290814,9462351155010936033,8206376782699338575,14334206412446884037,17037550087351009469
202412211528,"2024-12-21 07:28:49.000000",169984,42802,169229,169984,25514,1096492,295403,3323640353854346678,9894948455496950722,18191801195534381038,15239709414261446670
202412211628,"2024-12-21 08:28:49.000000",170090,42802,170755,170090,25685,1108505,294497,297834110290379132,9732022891892109816,15867907188743425582,8673677985098988922
202412211728,"2024-12-21 09:28:49.000000",170047,42802,170116,170047,25693,1110085,293232,17475420474643732653,15644762463466628717,13685836124620621340,12334636952798452152
202412211828,"2024-12-21 10:28:49.000000",169903,42802,170902,169903,25569,1100070,294159,17075044484751401261,18024648464579114487,2130196389898335075,13119692302642209145
202412211928,"2024-12-21 11:28:49.000000",170039,42802,169729,170039,25547,1100427,297467,366928352614696193,14263782990279530979,2848728480325996263,1514658515452387197
202412212028,"2024-12-21 12:28:49.000000",170066,42802,169970,170066,25506,1122724,292502,14167564032481718095,5985932381622870385,7984726433087617395,8313440398871820681
202412212128,"2024-12-21 13:28:49.000000",170023,42802,169951,170023,25490,1123182,294073,8082443631917968220,10868510175114248168,11661532497470420689,13749609450655394313
202412212228,"2024-12-21 14:28:49.000000",170195,42802,170043,170195,25178,1132268,286980,17925364637387749720,3001671854500525838,6121710515981749583,13263003349528677287
202412212328,"2024-12-21 15:28:49.000000",170231,42802,170109,170231,25149,1136767,284517,12136416415146029207,7474546713731254325,13954506329322971488,4227633209528294336
202412220028,"2024-12-21 16:28:49.000000",170149,42802,170362,170149,25088,1135923,287429,10786775770230582879,13517949741715963531,15909044614499832101,6820240012729310981
202412220128,"2024-12-21 17:28:49.000000",170174,42802,170387,170174,25049,1142368,284864,13471242166966444540,5206641454984646232,14379531877768238680,4132795769510481972
202412220228,"2024-12-21 18:28:49.000000",170249,42802,170376,170249,25047,1151993,290004,12338202520519274446,2302969270826733340,6196155362372951618,14972240027417697938
202412220328,"2024-12-21 19:28:49.000000",170151,42802,170032,170151,24900,1141465,285635,4515936152494757033,16313137195290424663,6750161739395515897,6468100389655900313
202412220428,"2024-12-21 20:28:49.000000",170235,42802,169601,170235,25294,1140141,287880,706513769397453363,13751272766444576217,14324423535798157739,7202551605822257033
202412220528,"2024-12-21 21:28:49.000000",170185,42801,170446,170185,25269,1142889,285635,14045960333527731947,857415487460985947,18275267431522100791,11460554640791597255
202412220628,"2024-12-21 22:28:49.000000",170178,42802,170112,170178,25453,1142626,287701,6401214957491474638,15113932476262378352,4473900850020320854,12903904751616819296
202412220728,"2024-12-21 23:28:49.000000",170233,42802,170193,170233,25416,1135329,289518,960512847570803468,14416539747027908124,486203019143640768,1407966451629392914
202412220828,"2024-12-22 00:28:49.000000",170125,42802,170633,170125,25475,1132011,291128,11166583125937821804,4318441771430383512,16469633676134966586,10101496320289721998
202412220928,"2024-12-22 01:28:49.000000",170145,42802,170017,170145,25440,1130034,291087,13570113460236021778,15026286296563845084,14421192710100249452,17213827535505838078
202412221028,"2024-12-22 02:28:49.000000",170133,42802,170208,170133,25638,1125100,293975,14725408367920455136,13694697213372356326,7086200845532258367,1658742094617915973
202412221128,"2024-12-22 03:28:49.000000",170041,42802,170453,170041,25405,1124980,293974,6844369854815645756,17969157891380064460,5798271338205999017,12364814446252839865
202412221228,"2024-12-22 04:28:49.000000",169981,42802,170255,169981,25544,1129814,292964,18211929200491198227,14452683622511523311,9484521704272391226,16359879881668388936
202412221328,"2024-12-22 05:28:49.000000",170107,42802,170072,170107,25533,1126808,293498,4633174520246511934,2960289838491912312,8549827753348517145,13699979633275491171
202412221428,"2024-12-22 06:28:49.000000",170095,42802,170237,170095,25563,1122698,296677,1791794867527870158,9006368581747884338,14626343863744479289,14673484517656097141
202412221528,"2024-12-22 07:28:49.000000",170066,42802,170134,170066,25817,1122881,295904,94097684585327876,15911528511140493274,11545919774168422577,16849831898979554613
202412221628,"2024-12-22 08:28:49.000000",170114,42802,170098,170114,25783,1121178,295994,7700268424186948754,14712243187082455176,12069417187281045224,2974868070179985582
202412221728,"2024-12-22 09:28:49.000000",169913,42802,170626,169913,25550,1117300,297829,16358280783113375322,8313025084591943820,13512984111558811232,14919872711448158732
202412221828,"2024-12-22 10:28:49.000000",170003,42802,170703,170003,25637,1126965,294265,8885893565007500970,16205511553283010984,17247935420167313268,9691694611957499622
202412221928,"2024-12-22 11:28:49.000000",169973,42801,170076,169973,25438,1121900,296957,12923718400292711775,4792511939809541743,10378417277392833451,14734089631345326069
202412222328,"2024-12-22 15:28:49.000000",170218,42802,170047,170218,24976,1160778,286226,15459154281287243703,7552810583419043779,8540344277893399720,8095301241290480968
202412230028,"2024-12-22 16:28:49.000000",170278,42802,170310,170278,25037,1164020,286218,12080901681829881901,12429281188253853361,11978809487080538220,7190911566285655304
202412230128,"2024-12-22 17:28:49.000000",170266,42802,170622,170266,25129,1162298,290216,8962955046515286753,7886796626549542781,1678707519854617692,16605047036226193460
202412230228,"2024-12-22 18:28:50.000000",170239,42802,170222,170239,25132,1170870,286897,241326337092222563,12480177442826115243,1341900367491103812,2354832890486000070
202412230328,"2024-12-22 19:28:49.000000",170212,42802,170722,170212,24919,1165065,287724,1815226694115559923,7130727586313880665,11840500090206535920,4275931906607066584
202412230428,"2024-12-22 20:28:49.000000",170245,42802,170336,170245,25198,1170504,290108,5118479180566315567,16122931027479532293,3604137867091888635,8312927717896842541
202412230528,"2024-12-22 21:28:49.000000",170275,42802,170109,170275,25061,1164066,296055,558027191114254068,16982586624202394194,753280389459064252,8632025424696053520
202412230628,"2024-12-22 22:28:49.000000",170196,42802,169871,170196,25404,1161572,289147,5591895680020118162,1861182325057771320,10651020038621413428,14605370318807740248
202412230728,"2024-12-22 23:28:49.000000",170157,42802,169411,170157,25467,1152922,294137,12568255026324023550,4152728266582221156,8329758905385480426,7297403662197369186
202412230828,"2024-12-23 00:28:49.000000",170252,42802,170076,170252,25339,1189020,317717,7498511453137658141,3665827734779647473,15713762190443763698,660876056206592404
202412230928,"2024-12-23 01:28:49.000000",170170,42802,170417,170170,25303,1146948,295191,2891085519219643991,9134657279451345815,8107751013263082826,5415020918874323130
202412231028,"2024-12-23 02:28:49.000000",170158,42802,170530,170158,25526,1133948,298760,5557147074378694294,12094641593737182840,13832760457265337627,6080397747905832079
202412231128,"2024-12-23 03:28:49.000000",170197,42802,170446,170197,25581,1151727,294823,14159035237113588865,6369617976453730837,14837867408115781185,4834914712501115627
202412231228,"2024-12-23 04:28:49.000000",170134,42802,170321,170134,25385,1136163,295665,2129318160760926469,3464174767126306801,1475190979684324729,8347627152542470225
202412231328,"2024-12-23 05:28:49.000000",170210,42802,170120,170210,25428,1146606,293709,11893250714513784818,6166761411112417648,13231136499944765762,10572680327607480594
202412231428,"2024-12-23 06:28:49.000000",170158,42802,170626,170158,25254,1142368,294291,12590405294324910369,14069305790551727037,2462599135446205240,10032292664931542596
202412231528,"2024-12-23 07:28:49.000000",170127,42802,169729,170127,25361,1135111,298305,3653613287372279905,8626481249441568161,970455246786657088,4817572087531528008
202412231628,"2024-12-23 08:28:49.000000",170236,42802,169590,170236,25563,1129625,301007,7571749855973813453,11302057600076868103,15918303240892842859,3273908344283990093
202412231728,"2024-12-23 09:28:49.000000",170105,42802,170123,170105,25576,1137561,296798,15567688851503775462,9223489183436581346,6989465697899592880,9593361887780081528
202412231828,"2024-12-23 10:28:49.000000",170144,42802,170417,170144,25635,1138102,296462,16356384426948044326,2788151843102860442,10093762372863905101,2116019945592259775
202412231928,"2024-12-23 11:28:49.000000",169988,42802,169364,169988,25468,1136615,304869,235777198716815591,5444050498329078249,4181860777554555072,17321954371143163616
202412232028,"2024-12-23 12:28:49.000000",170283,42802,170252,170283,25376,1159346,300931,15696598888747691423,361286548436182801,16518665797242029417,12431380027048489289
202412232128,"2024-12-23 13:28:49.000000",170347,42802,170530,170347,25310,1166497,297614,10733961889275541917,10861653702469949175,13540537249302321999,4197355867333115321
202412232228,"2024-12-23 14:28:49.000000",170359,42802,170519,170359,25255,1169863,296008,9699363927693950354,3998086907064403728,10591963272554617594,381335826929080994
202412232328,"2024-12-23 15:28:49.000000",170360,42802,170633,170360,25143,1173928,291211,2483024735242888683,18033183567614818051,12859840146790052848,2574318402017154188
202412240028,"2024-12-23 16:28:49.000000",170345,42802,170626,170345,25070,1175986,291487,11798691919054136999,12348593544754598761,11448150131737086452,9549423088129225210
202412240128,"2024-12-23 17:28:49.000000",170204,42802,170413,170204,25135,1175269,291756,3658991580668956059,15154970785979274173,2463057103798299820,7870309116225384052
202412240228,"2024-12-23 18:28:49.000000",170303,42802,170994,170303,24971,1182405,288276,13028589866819320738,5027273173861863618,15719822331384131317,13484195324376941441
202412240328,"2024-12-23 19:28:49.000000",170310,42802,170237,170310,25110,1179571,290510,117036338296196150,4630529114063964900,2968169108381442706,14673810657587382012
202412240428,"2024-12-23 20:28:49.000000",170281,42802,171042,170281,25178,1175839,294113,12224985502117622041,9403249686951097759,9902851301765098023,9848093714233595679
202412240528,"2024-12-23 21:28:49.000000",170395,42802,170538,170395,25087,1175247,291778,8162713387642091871,7466952059007910565,3637952863031028756,6092394504193168484
202412240628,"2024-12-23 22:28:49.000000",170163,42801,169922,170163,25109,1175701,289627,17239503982629078332,5574175717725161108,9673890814120097567,2134553426834576233
202412240728,"2024-12-23 23:28:49.000000",170177,42802,170171,170177,25164,1156568,294153,16127479754214557048,14029614169293631216,15059918404385449053,10027919191486466409
202412240828,"2024-12-24 00:28:49.000000",170179,42802,170512,170179,25410,1162045,291266,14401048250015250980,2138933692233306066,14834667602665052565,9638812880481996819
202412240928,"2024-12-24 01:28:49.000000",170095,42802,170420,170095,25705,1150521,296656,10501820747807730337,9963255863424786739,14789003121554679447,12502294113431226771
202412241028,"2024-12-24 02:28:49.000000",170146,42802,170098,170146,25337,1153578,295247,16630963532553851962,13112384863652989718,6632397345807975796,1542756872067102190
202412241128,"2024-12-24 03:28:49.000000",170144,42802,170560,170144,25231,1164577,292356,17109630648281188140,18380022797467919420,8720661669666743509,2487824003712119341
202412241228,"2024-12-24 04:28:49.000000",170110,42802,170983,170110,25280,1152420,300811,1867301418164022721,17012459014729890335,9498587321895708181,5023836432633718453
202412241328,"2024-12-24 05:28:49.000000",170117,42802,169707,170117,25188,1154395,298353,16664599012106045187,1143265294929249245,17863254167006843584,16163763339155766228
202412241428,"2024-12-24 06:28:49.000000",170148,42802,169966,170148,25452,1146902,299953,10575919832462333773,3432856528031473343,4195271782806170329,9077346225392727951
202412241528,"2024-12-24 07:28:49.000000",170088,42802,169915,170088,25594,1151141,291897,12037700803961285687,310005789576996481,4154402929429902153,15172544669193090195
202412241628,"2024-12-24 08:28:49.000000",170024,42802,169688,170024,25338,1148037,298488,11024360112080127824,17057583566448776464,9570543728007099583,5725766068585047451
202412241728,"2024-12-24 09:28:49.000000",170145,42802,170175,170145,25401,1146714,295184,17009972995778533534,4251866368073042010,10115323802462136105,6656694175930894731
202412241828,"2024-12-24 10:28:49.000000",170066,42802,170714,170066,25455,1127954,300750,5568405260863091472,4197373292187749720,4938529559586376696,16548760668656041668
202412241928,"2024-12-24 11:28:49.000000",170086,42802,169758,170086,25283,1149994,295382,2010088179105779841,6233865085615423321,8860535309752061254,2669230158120532462
202412242028,"2024-12-24 12:28:49.000000",170127,42802,171186,170127,25477,1147625,298267,13241157139731722449,12264677913553488795,11858417116525036683,10100055597652702799
202412242128,"2024-12-24 13:28:49.000000",170244,42802,169798,170244,25442,1159703,293890,10920464991592256521,1759173827322908513,4775040397696044169,5274830142138345473
202412242228,"2024-12-24 14:28:49.000000",170344,42802,170825,170344,25106,1175410,286552,16537382446351483264,3743125251839967268,3634145962355468186,12737318999520481996
202412242328,"2024-12-24 15:28:49.000000",170314,42802,169747,170314,25127,1174134,285959,10400709637320921630,11569108850264482204,2706679968152106664,17548577399011235816
202412250028,"2024-12-24 16:28:49.000000",170276,42802,170292,170276,24832,1167922,285999,16434940707339315166,3022917364737323242,17437944458844639346,2815502379461924488
202412250128,"2024-12-24 17:28:49.000000",170353,42802,170065,170353,24778,1164786,289615,7275945523721825985,18359930530214323147,7189709117693441189,5009750632490177213
202412250228,"2024-12-24 18:28:49.000000",170276,42802,170021,170276,24749,1167966,286577,7319698712821253126,4669684234276234460,2849043742000000759,6418476996704405617
202412250328,"2024-12-24 19:28:49.000000",170207,42802,170681,170207,24775,1162356,290835,12339314168095889350,231849500376197336,13992821545901431634,18253153997456210566
202412250428,"2024-12-24 20:28:49.000000",170449,42802,169364,170449,23212,1174642,275690,4005542726287570894,13145832434457408456,5730037759849553953,16276278339800839357
202412250528,"2024-12-24 21:28:49.000000",170321,42802,169922,170321,21717,1169565,270062,1774049973869799527,15073090514368704735,7480745708037918291,7075872815320693257
202412250628,"2024-12-24 22:28:49.000000",170366,42802,170472,170366,21874,1167026,269739,3529839598574814798,11732544390129873280,5069236081657711543,11123918667815542619
202412250728,"2024-12-24 23:28:49.000000",170269,42802,170021,170269,22882,1160771,276096,2963840078544742744,6686986755761140618,14805559930151973053,4412311650102844983
202412250828,"2024-12-25 00:28:49.000000",170196,42802,170127,170196,22626,1149493,277688,6435751785524344246,10709559388513133552,9617020476961868017,2158260337635488025
202412250928,"2024-12-25 01:28:49.000000",170163,42802,170935,170163,22878,1150894,278507,11727924490090732084,12926255895192809434,6303630521492244374,5628742939468581136
202412251028,"2024-12-25 02:28:49.000000",170160,42802,169528,170160,23409,1144518,285823,14459161954930902291,221931301432431879,6494742637738944984,4253228851925918010
202412251128,"2024-12-25 03:28:49.000000",170040,42802,170567,170040,22945,1149538,281162,1198679621333101638,6515881250219689158,979919930927908408,2646645597061593502
202412251228,"2024-12-25 04:28:49.000000",170202,42802,169995,170202,23563,1150315,287803,2491352995555270341,1735592882864618073,10575010040006859959,16190233097771289941
202412251328,"2024-12-25 05:28:49.000000",170085,42801,169897,170085,24204,1146679,290531,11518226589409589348,2366418644043280020,13595642189588132524,9447833449556887146
202412251428,"2024-12-25 06:28:49.000000",170138,42802,170167,170138,24527,1140379,289846,16489425426682156224,12692077153496677828,8046229605416853559,7201485051225783177
202412251528,"2024-12-25 07:28:49.000000",170234,42802,170153,170234,24793,1131502,294730,3043818832331564958,1758472537601165178,16180955578081599456,13563236086346663772
202412251628,"2024-12-25 08:28:49.000000",170119,42802,170285,170119,24944,1140938,295487,3478898070379570561,14719926645416109571,9415132002599528059,10261458867870658455
202412251728,"2024-12-25 09:28:49.000000",170128,42802,171072,170128,25259,1138601,296359,2276701624268727827,16314420586232910899,15609066119886791549,6182294522276354133
202412251828,"2024-12-25 10:28:49.000000",170082,42802,170395,170082,25061,1136327,295362,7438474647290140482,15322845468292284496,6643726561122887666,7957627537895679080
202412251928,"2024-12-25 11:28:49.000000",170069,42802,170047,170069,25314,1132284,298663,12290349352145305345,3704996735476419211,9060223146872747173,11290151057962174549
202412252028,"2024-12-25 12:28:49.000000",170087,42802,170384,170087,25397,1145647,295212,16165948126868360958,7031979307126727920,8010264586766355976,5127541615866918400
202412252128,"2024-12-25 13:28:49.000000",170301,42802,170755,170301,25057,1154628,291822,3855236640261770919,17478049016915024767,10605189260757356690,8026356493137573482
202412252228,"2024-12-25 14:28:49.000000",170208,42802,170325,170208,25268,1160365,293469,9041009728664113868,2824486585375839170,12547461937040830909,17633303104807278689
202412252328,"2024-12-25 15:28:49.000000",170349,42802,169886,170349,25089,1167477,286581,2598882541877961082,3229821112943981450,17271149249097858622,5413294202052871612
202412260028,"2024-12-25 16:28:49.000000",170208,42802,169977,170208,25126,1163387,292812,17392101507394033354,16796364883187610088,15534608281971620083,10794751064626311099
202412260128,"2024-12-25 17:28:49.000000",170282,42802,170505,170282,24897,1169337,289519,16673401111471020819,3001730521235880423,10777765193420242280,79331252002653846
202412260228,"2024-12-25 18:28:49.000000",170221,42802,169929,170221,24745,1174354,284883,15053690394194870705,15082824516857615989,16012961178468885202,6729345456538997158
202412260328,"2024-12-25 19:28:49.000000",170271,42802,170685,170271,24845,1170221,287528,14908107386560942236,17245713409691040362,11934414973663788599,1651626046909898111
202412260428,"2024-12-25 20:28:49.000000",170288,42802,170032,170288,25143,1167727,290339,12084992912505351430,1863046405350900088,8068996422210345520,1911321000758900790
202412260528,"2024-12-25 21:28:49.000000",170315,42802,170769,170315,25108,1173431,284377,7404074859369151728,3217328581491067172,6310688805515900642,782300041443121996
202412260628,"2024-12-25 22:28:49.000000",170319,42802,170655,170319,24277,1169613,282541,4637050880466331916,6473368245352406888,9731295994709169600,7913410233779853542
202412260728,"2024-12-25 23:28:49.000000",170235,42802,170648,170235,24764,1164645,286715,15721901798403692914,8278831901094295610,1632971195312297641,6995823209502795993
202412260828,"2024-12-26 00:28:49.000000",170171,42802,169575,170171,24465,1153299,285820,1507593871215493163,5503362317353687131,15050914785451158114,18406854329203263892
202412260928,"2024-12-26 01:28:49.000000",170204,42802,170534,170204,24418,1146933,290123,7786322096041123485,11730646819636455285,8894121936863752507,14899528985165633437
202412261028,"2024-12-26 02:28:49.000000",170254,42802,170021,170254,24191,1155271,282985,6844725681977369299,6932199508159563215,15112553033434797013,5524454519652551283
202412261128,"2024-12-26 03:28:49.000000",170148,42802,170065,170148,24176,1150533,286501,3262959427209919110,12020061707331785246,15457403700069598878,2243606375006420660
202412261228,"2024-12-26 04:28:49.000000",170096,42802,170303,170096,24316,1151557,284842,2413143314670183195,9792716511494936127,7386801590997720893,6969464056528467889
202412261328,"2024-12-26 05:28:49.000000",170180,42802,170464,170180,24200,1147414,284498,15321276680078895229,13598572731777205711,4825808307381108889,14056885888481418967
202412261428,"2024-12-26 06:28:49.000000",170287,42802,170711,170287,24455,1149387,288209,9923545431300684359,12938614314731834667,13151751640667078940,16839126397567537144
202412261528,"2024-12-26 07:28:49.000000",170072,42802,170058,170072,24182,1148815,287204,15769317484147659489,15925607916027455621,13560864408829149964,9624537989112943312
202412261628,"2024-12-26 08:28:49.000000",170122,42802,169670,170122,24322,1137149,290169,6237773584825086995,56424146647268163,11361200427178101437,3074550498745932925
202412261728,"2024-12-26 09:28:49.000000",170182,42802,170006,170182,25160,1134975,306686,13654281017961701882,2796667408213819486,17445254863108027295,6787705487449490103
202412261828,"2024-12-26 10:28:49.000000",170138,42802,170164,170138,25597,1142944,295266,5970765382577276299,16474630211471416213,3212268910241181540,8494410374379717922
202412261928,"2024-12-26 11:28:49.000000",170009,42802,170237,170009,25388,1133593,304781,12419714080122390262,16413754254724251250,5130599410444123827,6116363657007038105
202412262028,"2024-12-26 12:28:49.000000",170080,42802,169911,170080,25384,1154945,295154,7391988536449410368,10548684249798281742,13992863439961913383,2612116595991080567
202412262128,"2024-12-26 13:28:49.000000",170192,42802,169981,170192,25051,1161472,292139,10386002148688319899,5013497394829036867,5984205915143896142,11004197033565093822
202412262228,"2024-12-26 14:28:49.000000",170304,42802,170549,170304,25202,1161715,295223,11191068012324852090,12643110533267612878,5936269418835651692,4429031956811396616
202412262328,"2024-12-26 15:28:49.000000",170292,42802,170036,170292,25386,1168501,290959,3423086886849779388,16194362876868965160,11846744508951516626,7548245295921639520
202412270028,"2024-12-26 16:28:49.000000",170277,42802,170332,170277,24908,1174360,285119,3221475520699734204,3663863290376151688,3530393876357684012,11967130340847441818
202412270128,"2024-12-26 17:28:49.000000",170249,42802,170281,170249,24841,1167536,291241,13370855006882931427,7240993709127785203,18177581858292869173,6689572392094265033
202412270228,"2024-12-26 18:28:49.000000",170205,42802,169707,170205,25018,1169153,288262,7487582627949964851,14144942354400796235,6202385843005963326,7589062574814945680
202412270328,"2024-12-26 19:28:49.000000",170318,42802,169539,170318,24931,1173891,286167,16023633168595965140,332074599993032710,3955261451821285612,16375110200575604366
202412270428,"2024-12-26 20:28:49.000000",170269,42802,170296,170269,24944,1171668,287073,9037772850148374116,11103168718386975582,9997405712947337730,2405536764464382580
202412270528,"2024-12-26 21:28:49.000000",170321,42802,170707,170321,25116,1170847,285388,6977731074191930218,16474885060310659796,15183347317128158563,5909057099319977525
202412270628,"2024-12-26 22:28:49.000000",170251,42802,170263,170251,24712,1168832,285700,14720061115876222086,624152214917021664,383900161996832656,6943251375490898380
202412270728,"2024-12-26 23:28:49.000000",170287,42802,170164,170287,24895,1162148,287421,13094850910875896636,10895623353124721056,2186459300173087284,8134376136542585064
202412270828,"2024-12-27 00:28:49.000000",170314,42802,170446,170314,24817,1151273,287784,5584432183020435062,17850211256346571660,3574143925799145828,17518682500616132662
202412270928,"2024-12-27 01:28:49.000000",170233,42802,169897,170233,24653,1158006,283133,7907999225248015832,13913477994441326662,10687771341561074865,11318796433053691533
202412271028,"2024-12-27 02:28:49.000000",170158,42802,169604,170158,24541,1141975,285253,11705478951852683952,8017099216997855150,15926751015813971648,12310605513526976654
202412271128,"2024-12-27 03:28:49.000000",170185,42802,170670,170185,25044,1147677,288867,3296147300174081526,7715492261774920858,6794226820428368952,13770406515005036308
202412271228,"2024-12-27 04:28:49.000000",170179,42802,170197,170179,24704,1149637,288780,2923949366447113795,1051612357391160259,5241391708585566261,3794606725650001515
202412271328,"2024-12-27 05:28:49.000000",170080,42802,170663,170080,24678,1145643,290786,4038156921861764104,3774211986624154,8435404998451458304,11079108319526195960
202412271428,"2024-12-27 06:28:49.000000",170165,42802,169532,170165,24683,1146458,289143,17959845722370829848,15659411593606880398,4323290498883872982,6709528063515426618
202412271528,"2024-12-27 07:28:49.000000",170115,42802,170843,170115,25083,1142368,289812,18086311551229615373,2045263343852809157,944665826774802375,1505962059831244123
202412271628,"2024-12-27 08:28:49.000000",170073,42802,169860,170073,25390,1146535,294336,7732023396234996730,4020963238282223848,7735597194970787122,1193725547437566420
202412271728,"2024-12-27 09:28:49.000000",170057,42802,169729,170057,25653,1134230,293917,14435107067144900775,13796478706447731181,6492277120703584433,430684764258053621
202412271828,"2024-12-27 10:28:49.000000",170091,42802,170145,170091,25663,1144237,295070,901303960990534938,9795372849346449682,17845671749637407341,10533288999372572651
202412271928,"2024-12-27 11:28:49.000000",170199,42802,169813,170199,25536,1146635,297644,13704350288167982222,5515231841788689270,2587127367870903047,6429862752082340633
202412272028,"2024-12-27 12:28:49.000000",170170,42802,170230,170170,25573,1121889,287963,5569801581163343968,11358201408540617466,18315247655163061057,15395705493068977119
202412272128,"2024-12-27 13:28:49.000000",170225,42802,170659,170225,25274,1136357,284047,11651423078979793820,14951015375870730826,11789536448570289078,15784665822831250560
202412272228,"2024-12-27 14:28:49.000000",170128,42802,170582,170128,25137,1131642,285963,5635226104751635702,3623254641540627594,10846196793749243747,6943667075749833815
202412272328,"2024-12-27 15:28:49.000000",170187,42802,170641,170187,24959,1138151,278271,1984287038005908969,15624784171438751081,18279336519413972013,14680046579802093721
202412280028,"2024-12-27 16:28:49.000000",170228,42802,170299,170228,24995,1140698,282415,15688397159158123903,14196907995720832521,8668958764931768401,2687498758741008591
202412280128,"2024-12-27 17:28:49.000000",170274,42802,170556,170274,25013,1163083,297532,16063562322695845635,251881645327058457,1773711458170287523,10196564541448333113
202412280628,"2024-12-27 22:28:49.000000",170250,42802,170578,170250,24944,1142829,280432,8139530351902312920,17137553532393112640,10665537020718184629,5360081139523982097
202412280728,"2024-12-27 23:28:49.000000",170124,42802,170347,170124,25142,1132435,283715,12066648717460298946,16998318869249811330,16881522877913484267,14394996062338048909
202412280828,"2024-12-28 00:28:49.000000",170089,42802,170608,170089,25364,1128941,287415,9776836741921566739,11770631517906203799,16532394850828626068,9723597793278945838
202412280928,"2024-12-28 01:28:49.000000",170079,42802,170076,170079,25264,1133489,283372,17908873278605449276,10001344267299763540,17068985424727207507,7993702073357725569
202412281028,"2024-12-28 02:28:49.000000",170201,42802,169739,170201,25380,1124446,291684,1560133436533908142,11058990431093766444,16767786795712341963,5280526196834493179
202412281428,"2024-12-28 06:28:49.000000",170100,42802,169648,170100,25067,1123419,289400,8228093261981057945,11118483468212172893,5871058006616679389,8674389307206801437
202412281528,"2024-12-28 07:28:49.000000",170177,42802,169973,170177,25450,1120933,293095,675977396336701357,16849675085323666919,1797188011026765771,11179333215588109021
202412281628,"2024-12-28 08:28:49.000000",170175,42802,170567,170175,25475,1124934,289727,6678084262548382265,7282133268300056045,10813492485463721973,8515615664837358939
202412281728,"2024-12-28 09:28:49.000000",170110,42802,169776,170110,25407,1120791,288569,7960276878660557865,13350250143921744311,1149413634841170511,6256635260531587927
202412281828,"2024-12-28 10:28:49.000000",170038,42801,169648,170038,25421,1119030,290395,10213939321976126692,8492615820191592730,16464091223700451636,11252726250593496514
202412281928,"2024-12-28 11:28:49.000000",170124,42802,169572,170124,25451,1111965,293680,14856344940369870825,961757164918522865,22897336664899386,17583960448601181108
202412282028,"2024-12-28 12:28:49.000000",170127,42802,170321,170127,25328,1132970,293499,13837743819198989716,18078175175817149472,16850505716984270807,5005610493765596615
202412282128,"2024-12-28 13:28:49.000000",170065,42802,170244,170065,25413,1141263,290893,16440914387191474459,11829622040308771591,16398734803302152360,2377574571261126814
202412282228,"2024-12-28 14:28:49.000000",170309,42802,170707,170309,25084,1150756,286231,4808648576228043966,9685530709121720950,3259246413716514515,4336687085046161751
202412282328,"2024-12-28 15:28:49.000000",170252,42802,169470,170252,24959,1146205,286143,13051991202811882811,1145057161344301947,2935600152658366207,2582193822261285889
202412290028,"2024-12-28 16:28:49.000000",170321,42802,169699,170321,24853,1158562,288164,15896225195577804966,13950549876126865862,1669616975973341667,10952825635769583727
202412290128,"2024-12-28 17:28:49.000000",170216,42802,170270,170216,25086,1173519,306714,7132472872319141154,18225494214991568956,11113323785686765918,16292803746272211284
202412290228,"2024-12-28 18:28:49.000000",170297,42802,170714,170297,24775,1153488,283387,3644099215435099632,10751298740878472316,8976534581594464458,8426204864270073998
202412290328,"2024-12-28 19:28:49.000000",170187,42802,169791,170187,25098,1151733,288752,7555418127346136126,2067269484378912434,16619900658902996248,5835921023088803840
202412290428,"2024-12-28 20:28:49.000000",170213,42802,170175,170213,25068,1145251,291953,8190746466752950656,15709649483377121196,15832723349490105044,1689117332092606514
202412290528,"2024-12-28 21:28:49.000000",170341,42802,170718,170341,24863,1154555,285015,13584505261431359425,1777397061705941693,13321403838418077284,6600884833822105180
202412290628,"2024-12-28 22:28:49.000000",170289,42802,170171,170289,25033,1150521,283924,10591571895562609625,11081261937029814791,7609858319181241883,4315886346370694627
202412290728,"2024-12-28 23:28:49.000000",170284,42802,170494,170284,24962,1146515,285825,11561844758721320299,5711165053143510617,263622031652966940,4836786215230600430
202412290828,"2024-12-29 00:28:49.000000",170185,42802,169750,170185,25375,1142753,286597,4055681845841773362,5840252877035225682,10458430256597629084,8363456496530556980
202412290928,"2024-12-29 01:28:49.000000",170151,42802,171031,170151,25272,1135293,288025,12451295059136523707,3509805787319686333,4027689921517884820,15543314691939009646
202412291028,"2024-12-29 02:28:49.000000",170170,42802,170387,170170,25182,1136535,288598,5668117006646072338,10363484438731244654,13797627819669066206,6533039409651864988
202412291128,"2024-12-29 03:28:49.000000",170176,42802,170762,170176,25417,1136595,290187,11356325091342452394,1472577053653452274,4643847791699710978,7035605949207508208
202412291228,"2024-12-29 04:28:49.000000",170197,42802,170758,170197,25333,1134472,291165,6072616248472285118,12289866631911234726,11719289396657549980,6145778055382050996
202412291328,"2024-12-29 05:28:49.000000",170232,42802,169970,170232,25353,1137936,290531,6632431315641751624,793169532521800378,8528329969754314491,17900071746783997831
202412291428,"2024-12-29 06:28:49.000000",170219,42802,170292,170219,25405,1136503,292450,18058730891560840810,2104532798359623546,11200289896484802358,5531692937570768296
202412291528,"2024-12-29 07:28:49.000000",170067,42802,169944,170067,25427,1126983,296175,15579107962840212116,14905915331314581074,4410760945236728145,7437316196117558575
202412291628,"2024-12-29 08:28:49.000000",170193,42802,170281,170193,25298,1129812,293199,5114283644712516442,4138569669649782864,7412146052232685361,17511858522816953875
202412291728,"2024-12-29 09:28:49.000000",170225,42802,171448,170225,25724,1131655,292518,12385080164221900881,10158902452561761197,375703785692508076,1505892377061531142
202412291828,"2024-12-29 10:28:49.000000",170041,42802,170123,170041,25619,1124170,300054,14299388932643223028,5664515244672617670,14840123659783864690,4107797057787605834
202412291928,"2024-12-29 11:28:49.000000",170244,42802,169966,170244,25391,1130221,297681,17129983427662779371,208512317489352925,5824845187523832095,7780412329253540519
202412292028,"2024-12-29 12:28:49.000000",170097,42802,170582,170097,25363,1127634,291021,9261948112102308756,4805250824247407014,12444059082546181792,11430175024849761028
202412292128,"2024-12-29 13:28:49.000000",170216,42802,170127,170216,25410,1133821,286975,14010483381314492540,6718359271627004720,16946140129223293601,2122857967358619881
202412292228,"2024-12-29 14:28:49.000000",170182,42802,169604,170182,25237,1139451,287327,1638670050889823744,378484378119407908,2915258581885664882,5902938331020754044
202412292328,"2024-12-29 15:28:49.000000",170261,42802,170006,170261,25085,1164842,284032,3180893810286895350,7783059060798361910,15180768369815548717,9933609558034818953
202412300028,"2024-12-29 16:28:49.000000",170141,42802,170153,170141,25017,1158343,288647,3835398212936288083,14274863756894824675,7974105121611115956,14740963524932046538
202412300128,"2024-12-29 17:28:49.000000",170304,42802,169666,170304,24814,1162435,291036,7631631974141408126,8982407431813453854,3632812319371813624,1940689735367964968
202412300228,"2024-12-29 18:28:49.000000",170203,42802,169929,170203,24862,1165523,286113,17397883339967676286,17753628389475407626,10344000598075583256,7782565973290573248
202412300328,"2024-12-29 19:28:49.000000",170327,42802,170259,170327,24943,1175510,290504,17128201963722041180,14857603260497062556,15086907607527813922,15649777842942912296
202412300428,"2024-12-29 20:28:49.000000",170328,42802,170457,170328,24987,1183054,286334,14750342659441422574,8869763208035310812,4322715274308402230,17937481053519851746
202412300828,"2024-12-30 00:28:49.000000",170147,42802,170090,170147,25269,1170726,286161,3153084677036555653,6000574443743343159,6060850401605482253,4087595881323275001
202412300928,"2024-12-30 01:28:49.000000",170097,42802,170120,170097,25080,1163205,290594,10738521195141541676,9233483563973247546,3513985489465480641,2174415101589860893
202412301028,"2024-12-30 02:28:49.000000",170134,42802,170156,170134,25180,1164424,288072,1616469169616225459,13681572607779974549,6620708442193828723,16154606419053248013
202412301128,"2024-12-30 03:28:49.000000",170070,42802,170391,170070,25162,1161902,292554,16548008717373928513,6164632492993403779,3374043393297973543,14050816115967375185
202412301228,"2024-12-30 04:28:49.000000",170088,42802,169539,170088,25095,1158509,290088,11252549163622515582,13601475295542485726,16931106652417719466,11387786544714823550
202412301328,"2024-12-30 05:28:49.000000",170293,42802,170010,170293,25065,1161812,291735,196491830898288221,7318121089744083871,14839095653775244386,17604190593731874504
202412301428,"2024-12-30 06:28:49.000000",170218,42802,170534,170218,25275,1165190,290005,5944690808315004012,6081656860584275990,15324456226041023977,14628000314198063895
202412301528,"2024-12-30 07:28:49.000000",170161,42802,169838,170161,25295,1159031,288885,8325915878427807029,14824945812483644263,7743966578161607764,16881939350836304836
202412301628,"2024-12-30 08:28:49.000000",170026,42802,170252,170026,25475,1152091,293237,7095848216753212400,3819744981859470966,13647527763033952968,10115640661740794024
202412301728,"2024-12-30 09:28:49.000000",170100,42802,170869,170100,25162,1148524,293861,2452905826940439228,1959025996503614226,12225417013161558258,7400182900474374992
202412301828,"2024-12-30 10:28:49.000000",170148,42802,169648,170148,25262,1155402,292269,896075001363243908,7370358719802132688,2568638954927819378,4083160814871787008
202412301928,"2024-12-30 11:28:49.000000",170175,42802,170376,170175,25003,1153189,292626,17315650021362874738,15925619820541511634,8907795636745577550,3661881929903343382
202412302028,"2024-12-30 12:28:49.000000",170214,42802,170270,170214,25130,1170479,290798,16992682178274318043,6997933185091891145,11458573303389580099,4652499887415808033
202412302128,"2024-12-30 13:28:49.000000",170186,42802,170508,170186,24934,1174914,294632,18017469847060054141,3549104242411674931,17566085781012298168,11160142373969098170
202412302228,"2024-12-30 14:28:49.000000",170254,42802,170292,170254,25044,1185650,287352,2105804351476305315,15005778792274670717,16904606074686130293,9829602374842474551
202412302328,"2024-12-30 15:28:49.000000",170293,42802,170663,170293,24893,1184359,287486,9677805629170891216,10461034094341899368,6181022526754089207,5026011965769385843
202412310028,"2024-12-30 16:28:49.000000",170310,42802,170769,170310,24782,1178358,288013,6995573430519403596,10881982364429026096,12434485819988969501,1483896890056751893
202412310128,"2024-12-30 17:28:49.000000",170272,42802,170288,170272,24840,1177589,287223,6584637926913849249,6584204389533920937,8392247262737635596,12510122331891117792
202412310228,"2024-12-30 18:28:49.000000",170182,42802,170288,170182,24712,1176157,289123,12376889787326448382,14792298457245486124,1190413324597037153,2199583608220129217
202412310328,"2024-12-30 19:28:49.000000",170372,42802,170274,170372,24651,1183185,282984,16019709743158161173,16784995070574610387,7463362888397903137,7949301342150328929
202412310428,"2024-12-30 20:28:49.000000",170332,42802,169944,170332,25050,1179986,285322,992434023392343305,15073312481759071313,15927192489416291178,16196738528715289986
202412310528,"2024-12-30 21:28:49.000000",170190,42802,170674,170190,25083,1176150,285993,4667739213581015757,11755795372709684311,509033343196382602,244721891048478232
202412310628,"2024-12-30 22:28:49.000000",170311,42802,169670,170311,25097,1173093,285637,17278081931078538009,10271441313379445325,2495199149469302605,7991111849631829963
202412310728,"2024-12-30 23:28:49.000000",170141,42802,169977,170141,25157,1167931,292267,3603547843911239305,6256613518707852527,13326331564313190423,2071385207515304525
202412310828,"2024-12-31 00:28:49.000000",170186,42802,169900,170186,25385,1160565,290945,8973633275584984479,6186203875667930317,7405765304752763107,3990784171529499843
202412310928,"2024-12-31 01:28:49.000000",170230,42802,170622,170230,25392,1156767,295473,16650799896200185614,12899630510909271850,14501047520862482254,4686485468754571598
202412311028,"2024-12-31 02:28:49.000000",170203,42802,169120,170203,25120,1156663,294052,7893556302106277106,16271701276925814300,1543061539181940367,17061252042345738397
202412311128,"2024-12-31 03:28:49.000000",170164,42802,170248,170164,25320,1152992,292668,12933649056144114004,27712069119410336,8108998095839931747,15741246762706401247
202412311228,"2024-12-31 04:28:49.000000",170087,42802,170615,170087,25442,1149707,296994,16099861166318168703,15070385812633279117,6338805629053413725,10789140110974169231
202412311328,"2024-12-31 05:28:49.000000",170136,42802,170976,170136,25305,1150993,299454,13383512582517193203,9529934371411493223,2032692473370654434,17239664652526345064
202412311428,"2024-12-31 06:28:49.000000",170128,42802,169904,170128,25285,1151303,298508,1420311279817435756,14481605966807725320,11327676311864395308,17860124300731007172
202412311528,"2024-12-31 07:28:49.000000",170178,42802,169878,170178,25301,1150346,293828,4373797794863290069,13756040073395848605,7256187834210272204,17092947566189729902
202412311628,"2024-12-31 08:28:49.000000",170197,42802,170087,170197,25099,1150199,291767,15488162037359669151,5142744998909460461,1081332790477337664,13459087771533575144
202412311728,"2024-12-31 09:28:49.000000",170095,42802,170608,170095,25469,1147192,291500,3614563089478837076,7894441770291700130,2546398269898281055,12429675845517944903
202412311828,"2024-12-31 10:28:49.000000",170055,42802,170127,170055,25269,1148247,287798,3289993013928164255,10669502408068173831,17144588639319804759,11830849713638481769
202412311928,"2024-12-31 11:28:49.000000",170235,42802,170318,170235,25223,1146519,291656,12564455793496966081,4768595645526386007,3715918304269820712,2910023257477165940
202412312028,"2024-12-31 12:28:49.000000",169990,42802,169951,169990,25319,1144228,291202,5442492548231692910,1092724101043091064,6894577556963365091,9658309943532287633
202412312128,"2024-12-31 13:28:49.000000",170057,42802,169944,170057,25118,1150708,287089,9141407239241581650,145313468332049638,13476901204279000812,9617111313633600096
202412312228,"2024-12-31 14:28:49.000000",170037,42802,170343,170037,24982,1127870,284584,16759018069633017421,609835792825843433,15607753841225022200,10671891139592686416
202412312328,"2024-12-31 15:28:49.000000",170094,42802,169981,170094,24652,1145062,280861,13510244799333432855,10262206602519645167,12124489588676325536,17308165401470418140
202501010028,"2024-12-31 16:28:49.000000",170160,42802,170160,170160,24692,1168128,281121,10570776947648563572,14043233052624529058,5468544284605845081,11911343909855309855
202501010128,"2024-12-31 17:28:49.000000",170276,42802,170259,170276,24895,1149106,282780,15409123930627654658,10245990832569893738,15641191092995602227,5495758499996820211
202501010528,"2024-12-31 21:28:49.000000",170287,42802,170197,170287,24907,1157956,281448,17096647825151385360,18176841596657696774,3340692545392067963,8270581721893503897
202501010628,"2024-12-31 22:28:49.000000",170200,42802,169575,170200,24975,1144291,281373,5635087331997780112,15747106621978233530,2476172403525449912,8243135904047541756
202501010728,"2024-12-31 23:28:49.000000",170186,42802,169875,170186,24913,1148771,280190,10911411997239692220,13199461217256411348,744087958868966922,7990853232749951206
202501010828,"2025-01-01 00:28:49.000000",170065,42802,169670,170065,25012,1132308,280518,5687427114123763329,5954042418005980627,6160171574906140410,14638124438264925310
202501010928,"2025-01-01 01:28:49.000000",170149,42802,170365,170149,24838,1134755,287028,16719850757907892476,1676777706357512272,11998957218186699110,16997534318867566532
202501011028,"2025-01-01 02:28:49.000000",170093,42802,170435,170093,24820,1121720,287241,2887835718501349896,10790771491579933442,9096113584467415494,7139228139238918742
202501011428,"2025-01-01 06:28:49.000000",170039,42802,170564,170039,25006,1134194,289053,2925843236207021575,7878470886398807361,4278101021167822603,5415100100953198093
202501011528,"2025-01-01 07:28:49.000000",170037,42801,169791,170037,25428,1127673,292406,4477899306677542030,6648379246881573476,11596507462982436528,16188364955734444764
202501011628,"2025-01-01 08:28:49.000000",170101,42802,170354,170101,24998,1135228,289036,15982352637856376606,13273548830466212150,6361336364789770597,4880799708285301743
202501011728,"2025-01-01 09:28:49.000000",170078,42802,169816,170078,25106,1125132,290102,14049016413482487509,4578347362612014913,8450556345042795473,8218878941960218585
202501011828,"2025-01-01 10:28:49.000000",170082,42802,168895,170082,25079,1130623,292631,3470972741790370922,8073004412812518832,5828921086941620698,3518205778334017586
202501011928,"2025-01-01 11:28:49.000000",170068,42802,170083,170068,25122,1129682,293514,17618926609167925599,2983406054248423277,11345464222441504958,3159003106003426758
202501012328,"2025-01-01 15:28:49.000000",170250,42802,170255,170250,24927,1157315,280595,15820674107592856790,5592819450837329116,13913986025460328795,7615509180918643373
202501020028,"2025-01-01 16:28:49.000000",170231,42802,170032,170231,24729,1165957,277175,2416772384518950290,8142431822557284102,1506008005444191106,6502319807278797324
202501020128,"2025-01-01 17:28:49.000000",170367,42802,170351,170367,24740,1188604,282722,1002510549900721945,17350205847722602751,8009946465510705346,16476102076697406158
202501020228,"2025-01-01 18:28:49.000000",170417,42802,170648,170417,24754,1188730,281281,1546009150310793162,4491096641184211226,12570787115725770064,9511325564505063054
202501020328,"2025-01-01 19:28:49.000000",170276,42802,170644,170276,24597,1188602,280799,6907712206661042934,10853284768399278948,3200565221649439008,9997610600389099752
202501020428,"2025-01-01 20:28:49.000000",170388,42802,170340,170388,24642,1186300,280656,12966333240134984802,2624041775204055120,9261212871075724525,15318362754851724689
202501020528,"2025-01-01 21:28:49.000000",170234,42802,170523,170234,24994,1181488,283406,7288411043668615815,8357993639471997,17106992534075993689,15262594540916806451
202501020628,"2025-01-01 22:28:49.000000",170296,42802,170659,170296,24942,1177216,283236,9718501059463424054,878301160182234528,1865079852733110290,6749079046131765738
202501020728,"2025-01-01 23:28:49.000000",170204,42802,170197,170204,24916,1168433,286859,13009242068308434268,1211418777841713986,11646783648302261851,1089614471357948951
202501020828,"2025-01-02 00:28:49.000000",170201,42802,170314,170201,25187,1162369,290381,4773133398235125384,11166433641821665986,18291770317694704088,3136601358754478180
202501020928,"2025-01-02 01:28:49.000000",170180,42802,169273,170180,25068,1160461,290558,1663793019910201248,2965990925634640930,5380863691653885080,2532082356528798706
202501021028,"2025-01-02 02:28:49.000000",170218,42802,170175,170218,25256,1162457,289913,12123881783440277679,15047995101181856065,7247201499339191507,12455395064231400481
202501021128,"2025-01-02 03:28:49.000000",170272,42802,171197,170272,25132,1161939,290784,5155099741027987157,5755703005555801521,8276424492755539021,15164980500385708747
202501021228,"2025-01-02 04:28:49.000000",170261,42802,170604,170261,25143,1166096,287266,12140808550265799126,15272016893676208698,2637699633658237636,7732098528061969248
202501021328,"2025-01-02 05:28:49.000000",170216,42802,170021,170216,25271,1159610,292498,17397345685792508810,16148648879684561208,15499936901020498909,2246247988285848789
202501021428,"2025-01-02 06:28:49.000000",170317,42802,170648,170317,25290,1166210,290602,3536388280281122965,282929939944821673,2886171804332192400,6780586241469471112
202501021528,"2025-01-02 07:28:49.000000",170086,42802,169510,170086,25091,1154520,297512,6642669682715098336,17591705871016973136,15771887457203039090,10270988689623377140
202501021628,"2025-01-02 08:28:49.000000",170122,42802,169718,170122,25057,1153422,289890,11087269978821860039,17118457382650105505,1484377703944732659,7821029899307951123
202501021728,"2025-01-02 09:28:49.000000",170192,42802,170777,170192,24923,1156787,292109,10375657210845771657,5892460903926907611,6592865557244628605,17386695387014839959
202501021828,"2025-01-02 10:28:49.000000",170255,42802,170219,170255,25209,1156041,292331,9349237897206510396,12774945983380685330,3327900926534026130,10933769664288008330
202501021928,"2025-01-02 11:28:49.000000",170181,42802,170138,170181,25216,1153440,296431,5876340662629563434,9587845880689691814,11974478976081881688,5821697350710261226
202501022028,"2025-01-02 12:28:49.000000",170212,42802,170917,170212,25019,1194022,305934,908906074869793732,10799710860090995792,11494580254509809176,8622133605320799108
202501022128,"2025-01-02 13:28:49.000000",170312,42802,171397,170312,25003,1212662,295695,16618511584558166369,9049481709850951143,13907304646707554870,13194813293190183162
202501022228,"2025-01-02 14:28:49.000000",170374,42802,170303,170374,24941,1213205,294725,2743267334225965415,7297961374622988007,2511331184399323444,1434489944694729322
202501022328,"2025-01-02 15:28:49.000000",170347,42802,170266,170347,24766,1218871,289118,5133777106187337303,2216828621493006479,6272994348099832909,17340591434471477313
202501030028,"2025-01-02 16:28:49.000000",170324,42802,170508,170324,24828,1217500,288644,8304852667247034494,213842622904348686,7891652599287207623,10411801584908225135
202501030128,"2025-01-02 17:28:49.000000",170361,42802,171031,170361,24862,1222962,286553,17090771626065475340,2092921652806479398,6341472782482762611,15807282054509105223
202501030228,"2025-01-02 18:28:49.000000",170432,42802,170766,170432,24861,1222291,288108,10314785706541992514,12586082306869964988,1317629002709997966,12635554344705451674
202501030328,"2025-01-02 19:28:49.000000",170381,42802,169893,170381,24827,1218513,292300,12713047993765151288,7901173854559641510,12233280132425500947,16041359883923100417
202501030428,"2025-01-02 20:28:49.000000",170506,42802,171060,170506,24840,1221035,292155,7172629174849278833,17662187095908597157,240356984493472450,18380708734495633312
202501030528,"2025-01-02 21:28:49.000000",170316,42802,170442,170316,24749,1186226,280219,238875609253250496,4294424132702310530,15555737119628371874,157063375657118960
202501030628,"2025-01-02 22:28:49.000000",170374,42802,170836,170374,24777,1174358,280783,14025573825945986346,5167047263787169462,18105083269429106121,11400371456885478041
202501030728,"2025-01-02 23:28:49.000000",170196,42802,169882,170196,25051,1172241,283062,5854216214970984255,4858580555562828685,1175761038244381400,9688011003825638898
202501030828,"2025-01-03 00:28:49.000000",170144,42802,170248,170144,25031,1172009,287809,831746692319240660,3658681292830967354,17627747537582348511,18337065276559661737
202501030928,"2025-01-03 01:28:49.000000",170214,42802,171371,170214,25167,1168591,285602,2957277158164151767,17004736323766219335,17003215729827315367,4519349155611759021
202501031028,"2025-01-03 02:28:49.000000",170149,42802,170116,170149,24914,1154642,286812,2116538291697305791,12398139013837310681,13629022922865707653,3674569705049935161
202501031128,"2025-01-03 03:28:49.000000",170116,42802,169893,170116,25063,1167634,284680,6600929286643440283,16672883528661179567,13441782831195404570,5923605706989173072
202501031228,"2025-01-03 04:28:49.000000",170162,42802,169977,170162,25160,1158398,288442,16771037188853501439,5168502965593169239,104869497064627716,2548425247303386884
202501031328,"2025-01-03 05:28:49.000000",170115,42802,169878,170115,24989,1160664,289564,15049300494727540375,9752972624095968639,7897203486283881641,14906571634781675509
202501031428,"2025-01-03 06:28:49.000000",170228,42802,170200,170228,25190,1163577,289531,10863656507411677001,8015455105064010207,12519756111009789230,2825593822236057788
202501031528,"2025-01-03 07:28:49.000000",170135,42802,169940,170135,25130,1159081,288563,5502683583515832586,4687523425332153182,962883991697808151,2433942972340210799
202501031628,"2025-01-03 08:28:49.000000",170215,42802,170431,170215,25644,1152780,295873,17742264462690173155,10018934045546843483,3908715521958332769,380090142547063171
202501031728,"2025-01-03 09:28:49.000000",170160,42802,169992,170160,25282,1157666,288380,14138448102218040631,15042180817306423055,15689491491222479209,10204216127536535259
202501031828,"2025-01-03 10:28:49.000000",170156,42802,170600,170156,25207,1158065,289612,12359936957620023256,12688150535914849138,330271706245839712,7039941644348463174
202501031928,"2025-01-03 11:28:49.000000",170116,42802,169426,170116,25252,1158753,294057,6922060644371140241,2045741677961128331,4511048893098804753,1860816471619421811
202501032028,"2025-01-03 12:28:49.000000",170127,42802,169692,170127,25423,1164073,291997,11773570967833505364,16429131457402374530,9138266098538737278,394599160904334870
202501032128,"2025-01-03 13:28:49.000000",170146,42802,170729,170146,25239,1173618,288781,15875913886399805856,190705491849727980,4136239915153125663,2185404158441217619
202501032228,"2025-01-03 14:28:49.000000",170235,42802,170321,170235,25080,1180783,284270,3829463756646369947,13142974710135702939,2431004567719677053,15700768037823202255
202501040328,"2025-01-03 19:28:49.000000",170384,42802,170131,170384,24764,1219132,301895,8028922755910907134,17188018781759257272,8355477192969831164,16621451436504269174
202501040428,"2025-01-03 20:28:49.000000",170270,42802,171378,170270,24708,1187280,276590,2191417934619195496,10776788686287775266,2228927916062379003,16602911324696981921
202501040528,"2025-01-03 21:28:49.000000",170299,42802,170076,170299,24865,1182963,278308,13787265163596972140,17344724627020388032,6624021497543952905,7621625991025254561
202501040628,"2025-01-03 22:28:49.000000",170364,42802,170090,170364,24814,1183321,282973,12861446957458220995,7459997533301951023,3926825994265011633,2286025985189051643
202501040728,"2025-01-03 23:28:49.000000",170264,42802,170061,170264,24700,1179421,277154,7368169234151410320,4812970436352972160,2982466611180070995,5586232961057648871
202501040828,"2025-01-04 00:28:49.000000",170266,42802,170025,170266,25069,1165750,286201,17782732905173141634,16024328845007788790,11118778831173400179,11545433795777409295
202501040928,"2025-01-04 01:28:49.000000",170226,42802,170277,170226,25147,1157794,290378,5334513782612878844,5417390557266391956,16211948628478268843,15749713839050911647
202501041028,"2025-01-04 02:28:49.000000",170253,42802,169499,170253,25424,1164192,283809,8039760051900067007,18125845640822914157,13732672430845226574,9811897158481823042
202501041128,"2025-01-04 03:28:49.000000",170233,42802,170865,170233,25272,1160243,287188,9105586451279282429,16332761889629511857,16878744119000559854,7132860263340487374
202501041228,"2025-01-04 04:28:49.000000",170168,42802,169886,170168,25142,1151814,290085,1329225360223036385,3370835330793135841,7174389648168831058,11680844107152872450
202501041328,"2025-01-04 05:28:49.000000",170195,42802,170902,170195,25175,1152022,291495,8546030426049835125,4728157018983369441,3488319871942148909,16354229968810466309
202501041428,"2025-01-04 06:28:49.000000",170149,42802,170310,170149,25267,1152427,290752,4817859116143247089,10215568347566202277,1443479208852700483,1456283988832929293
202501041528,"2025-01-04 07:28:49.000000",170156,42802,170501,170156,25078,1141611,285453,2168448891269614121,16613532196952664037,9838627005871252972,10404843312247651176
202501041628,"2025-01-04 08:28:49.000000",170144,42802,169878,170144,25066,1139584,292802,14152739432204170214,17412785654594890642,17016011151966254004,7342005883244206414
202501041728,"2025-01-04 09:28:49.000000",170177,42802,170406,170177,25316,1147839,287358,2657617883736812482,7830936617906787738,3839416816477409023,4415631439864398717
202501041828,"2025-01-04 10:28:49.000000",170143,42802,169842,170143,25279,1131608,305724,2101746519006764147,16756463414201450681,8964843776921721605,16016600539893595137
202501041928,"2025-01-04 11:28:49.000000",170270,42802,170233,170270,25231,1156084,288451,2194485458541228020,12253663848686100642,15095872386517215495,14825893297930244779
202501042028,"2025-01-04 12:28:49.000000",170237,42802,170101,170237,25089,1157212,287769,11377037443775100616,762501898272214170,17721665060837244594,7553337189422402982
202501042128,"2025-01-04 13:28:49.000000",170396,42802,169608,170396,24807,1168059,284120,9409027002960128492,17250154266196648366,8897577277900874746,1896173374556093518
202501042228,"2025-01-04 14:28:49.000000",170275,42802,170582,170275,25030,1173966,285766,15554764451337511134,11936696463164936650,3796096177566300052,12401781475995743476
202501042328,"2025-01-04 15:28:49.000000",170310,42802,170047,170310,25002,1178428,278781,9378328560680731861,809311983221140167,2426354444786263813,4891918108634865237
202501050028,"2025-01-04 16:28:49.000000",170240,42802,170025,170240,25008,1175849,281823,18134599087011407399,13551506851493969799,11586653412434098506,1288242850963586024
202501050128,"2025-01-04 17:28:49.000000",170301,42802,170773,170301,24723,1173363,283390,13396816443988053841,1269101961423591331,4452621626773511708,11857916030686191186
202501050228,"2025-01-04 18:28:49.000000",170331,42802,170670,170331,24786,1180893,278855,9390101030243899769,9794809242074774769,4954118412223972632,5261003647110500238
202501050328,"2025-01-04 19:28:49.000000",170310,42802,170965,170310,24761,1181005,279098,15824119521785293914,15334409501311684150,10114371080615648966,11764353505111381108
202501050428,"2025-01-04 20:28:49.000000",170218,42802,170442,170218,24723,1180438,278195,12628294045217757869,15583439727456085079,16495537396352203340,1996314563568789876
202501050528,"2025-01-04 21:28:49.000000",170236,42802,170178,170236,24869,1175874,279481,3721641992203894615,1749106106960991195,17543213933962652674,9730973212495063532
202501050628,"2025-01-04 22:28:49.000000",170312,42802,170677,170312,24906,1174810,283304,14618853871626724784,4687509169912302382,4440472757788189386,4160780286055661830
202501050728,"2025-01-04 23:28:49.000000",170204,42802,170483,170204,25081,1167685,281199,6279710652491723165,16243120830666712877,5050613691562976432,10148884676234804284
202501050828,"2025-01-05 00:28:49.000000",170187,42802,170288,170187,25015,1164201,283109,8077602663683448961,1818176363215725479,4749664549332531140,5312751228253249728
202501050928,"2025-01-05 01:28:49.000000",170255,42802,169802,170255,25201,1158539,288660,2234521345467099301,5255912179085445489,9051923066853719561,12945299339689102083
202501051028,"2025-01-05 02:28:49.000000",170145,42802,170534,170145,25049,1154398,286703,11054013773986700160,7728702965427138500,13042082416866794431,2657703774850759253
202501051128,"2025-01-05 03:28:49.000000",170148,42802,169834,170148,25150,1153650,287828,1202192541051930458,13500423905120862162,6078854611032818121,14117910976881474797
202501051228,"2025-01-05 04:28:49.000000",170208,42802,169484,170208,25051,1157960,284344,7443801273055099559,784977403743991861,6757240327115269256,13996904492029668904
202501051328,"2025-01-05 05:28:49.000000",170096,42802,170472,170096,25343,1150512,292121,7553648565367830136,2657728769168234416,12293665064377816641,619873226691192873
202501051428,"2025-01-05 06:28:49.000000",170192,42802,170208,170192,25480,1153562,290914,2441316528442878025,6327629095952788425,238472999625532517,9167273995721794539
202501051528,"2025-01-05 07:28:49.000000",170076,42802,169988,170076,25289,1153175,290962,15749806900414011130,12031407603881937590,16544503910736110856,11397051848763457580
202501051628,"2025-01-05 08:28:49.000000",170181,42802,170446,170181,25094,1148182,290814,8970595275459086098,8269094158002803430,7266757168884398070,2477270416572895076
202501052028,"2025-01-05 12:28:49.000000",170178,42802,169959,170178,25093,1155837,292839,4453775954460668914,1391686505020658228,10130071285990894329,8889899180635409089
202501052128,"2025-01-05 13:28:49.000000",170263,42802,169619,170263,25300,1166300,291106,5495439815149337238,13975867936591531654,6744242063110002464,1638862136145609384
202501052228,"2025-01-05 14:28:49.000000",170277,42802,170244,170277,25012,1174204,284258,5600157871381120112,8386774983635655406,4435865905408812745,12988242223846206903
202501060228,"2025-01-05 18:28:49.000000",170333,42802,170417,170333,24750,1181984,279465,3365148390463217342,6759255349440766916,6374409828392465441,14137695062080236519
202501060328,"2025-01-05 19:28:49.000000",170090,42802,171013,170090,24761,1188404,282858,11737664303178084436,1624791026906923288,1999118326981336714,10579848828030313290
202501060428,"2025-01-05 20:28:49.000000",170393,42802,170560,170393,24835,1191975,277289,13944421461912595518,5801900051131840752,2259937322424607991,7213698947177739947
202501060528,"2025-01-05 21:28:49.000000",170201,42802,170619,170201,24869,1179982,283741,6685281272000024315,1650021586522710639,17509808988820697746,13388539035815352256
202501060628,"2025-01-05 22:28:49.000000",170333,42802,170420,170333,25040,1181066,280598,157716727684598138,5648476630593177240,11112169431754520846,17130079401511899986
202501060728,"2025-01-05 23:28:49.000000",170238,42802,169988,170238,25028,1171487,284314,960963864373264669,9190080067716249495,17812309750449159909,16034933604758417155
202501060828,"2025-01-06 00:28:49.000000",170255,42802,170814,170255,25282,1158255,287940,8232366316183574948,11916593516031139252,10021134695382341352,4129034874593482738
202501060928,"2025-01-06 01:28:49.000000",170237,42802,170417,170237,25273,1159880,289705,5594067876689198049,5125673000843958461,6903464997654356632,2083297593953821726
202501061028,"2025-01-06 02:28:49.000000",170163,42802,170270,170163,25105,1151548,293047,9590081244688125719,12274111518253263145,5575205877011478105,15263942389819134887
202501061128,"2025-01-06 03:28:49.000000",170124,42802,170270,170124,25184,1138847,297950,6142987544959838581,10808787166520406805,7133991905041015394,6568963077615878028
202501061228,"2025-01-06 04:28:49.000000",170147,42802,170314,170147,25290,1145570,292714,10847329207767215648,12087988849307185486,12483194306171945879,3302772870288789463
202501061328,"2025-01-06 05:28:49.000000",169994,42802,170354,169994,25575,1154483,295716,1916424051250648621,15971948940180044803,1336758625959979537,6132380447152022003
202501061428,"2025-01-06 06:28:49.000000",170157,42802,169517,170157,25148,1151062,297895,13470660015429110451,16120835891709198633,6516983745375785707,7787041162073289033
202501061528,"2025-01-06 07:28:49.000000",170100,42802,170931,170100,25456,1140236,294474,10021164820117506760,7819227552822100198,13785658074190824954,1969825742301898482
202501061628,"2025-01-06 08:28:49.000000",170071,42802,170014,170071,25610,1147721,292358,15540106917815765267,15478712807384032745,12132132491499166142,17245387452349762508
202501061728,"2025-01-06 09:28:49.000000",170137,42802,170446,170137,25303,1145068,290773,19547432891691242,15209080228712811402,13030623644352863351,5826239115910768225
202501061828,"2025-01-06 10:28:49.000000",170057,42802,170586,170057,25590,1147735,294599,5645090316349927298,6729161086313398610,6771168511393565877,16809764560605393479
202501061928,"2025-01-06 11:28:49.000000",170171,42801,169382,170171,25226,1149896,295730,11584901187155492311,9490816996284641635,17427618628469469164,11163677344159289312
202501062028,"2025-01-06 12:28:49.000000",170226,42802,170788,170226,25261,1164763,293766,13851587363674156304,887574600210676790,18409014896821658639,14444280646697737991
202501062128,"2025-01-06 13:28:49.000000",170180,42802,170292,170180,25279,1168296,295554,3187886955588063920,13731161456479023312,12559274399462164054,1172885278284269630
202501062228,"2025-01-06 14:28:49.000000",170230,42802,169415,170230,24953,1175094,288828,3730998617390404637,11626796702273816803,16001790563932078038,15748219839211299696
202501062328,"2025-01-06 15:28:49.000000",170238,42802,170340,170238,24908,1182604,284303,16994395729425013461,11806571646124331571,16341539642608573195,5697820407458677113
202501070028,"2025-01-06 16:28:49.000000",170207,42802,170354,170207,24784,1181400,284418,7049017103445699635,13051377288372075689,6222271580645020645,7156704092802736711
202501070128,"2025-01-06 17:28:49.000000",170380,42802,170047,170380,24909,1188674,287599,17457995461307942689,1793820868711735905,17913337220401286538,15965570448902912816
202501070228,"2025-01-06 18:28:49.000000",170298,42802,170380,170298,24755,1191521,284458,5484648932914439445,12708202726859694845,10738922428813731615,11611190159470323875
202501070328,"2025-01-06 19:28:49.000000",170301,42802,170303,170301,25002,1194064,283597,17625913502672869,16216578167359512311,9453492240504182430,8672960559864624288
202501070428,"2025-01-06 20:28:49.000000",170203,42802,169178,170203,24949,1196885,293681,15694677985359060140,2358697018256919050,17303099469663337169,3675151193931023795
202501070528,"2025-01-06 21:28:49.000000",170341,42802,170325,170341,25134,1210270,299693,7196789128162033720,10993403565853118964,840904399588477747,321890296767586817
202501070628,"2025-01-06 22:28:49.000000",170143,42802,170472,170143,25242,1166617,296053,1137114399776632049,7646555854043375267,15899718017160230147,8958415327662036641
202501070728,"2025-01-06 23:28:49.000000",170161,42802,169900,170161,25145,1167056,292738,3958981491120917890,7325290883265443024,7744741594194177515,14241096495579851723
202501070828,"2025-01-07 00:28:49.000000",170095,42802,170314,170095,25068,1142990,301303,8493642749647122535,3969280636812418583,12663799279841547298,4856428586778138218
202501070928,"2025-01-07 01:28:49.000000",170081,42802,170230,170081,25260,1154266,304529,2315882808420982743,15465582037288349717,8206869289495295600,5941818940421907552
202501071028,"2025-01-07 02:28:49.000000",170065,42802,170472,170065,25379,1150222,303742,18105318457185842123,8744216220716279387,11777759614680497232,14485323616856835634
202501071128,"2025-01-07 03:28:49.000000",170086,42802,169550,170086,25284,1145696,303419,6398256523642436266,7258072344010121060,12185169046961926387,3653545106630508247
202501071228,"2025-01-07 04:28:49.000000",170022,42802,170869,170022,25413,1127456,311683,2204008499114221601,13886346913637657977,9956222668171614563,9678445864924252183
202501071328,"2025-01-07 05:28:49.000000",169976,42802,169455,169976,25225,1126459,312968,3566109000267450396,3468228725413907734,12503197863752564061,16030164330880703019
202501071428,"2025-01-07 06:28:49.000000",170099,42802,170446,170099,25452,1148898,303150,642334873432738910,5884579068848078748,16351024854210911837,1312546139291234131
202501071528,"2025-01-07 07:28:49.000000",169979,42802,170288,169979,25379,1127861,309110,1144178292104363712,13236159949377402368,10933788969247728754,6372272573443752288
202501071628,"2025-01-07 08:28:49.000000",170077,42802,170189,170077,25455,1135948,306613,13159773786344714693,3447318363476646563,14773993812148175439,1005905848213747809
202501071728,"2025-01-07 09:28:49.000000",169904,42802,170068,169904,25298,1145071,300652,2530064078011769538,6001474803733809976,16554784194589983388,13136701720084571950
202501071828,"2025-01-07 10:28:49.000000",170050,42802,169535,170050,25271,1154447,295143,1231155743981292075,2992542750087788099,17293928486627902911,7254458554153105499
202501071928,"2025-01-07 11:28:49.000000",170153,42802,170112,170153,25231,1145877,299431,11164677933862600181,12405884257798054485,740244219004832826,4345202397233973626
202501072028,"2025-01-07 12:28:49.000000",170055,42802,169798,170055,24994,1150701,290510,17386954518949258635,3869144937103894355,10688623952806869895,13242007480496739057
202501072128,"2025-01-07 13:28:49.000000",170269,42802,170142,170269,24988,1169132,293874,16187954002532655968,17080353646083439980,14407392433390472602,16262074169212435436
202501072228,"2025-01-07 14:28:49.000000",170134,42802,170542,170134,24947,1177805,285088,15462657636273207630,17690470923041537010,12024201226510906021,15068272324862645881
202501072328,"2025-01-07 15:28:49.000000",170188,42802,170010,170188,24866,1183866,283082,9985638015628611042,13982804561028731884,12850406536425983909,7997369746753139407
202501080028,"2025-01-07 16:28:49.000000",170204,42802,170685,170204,24933,1178769,291879,8988402749475165763,7434859576761639627,15309938989491350388,9467222610146696120
202501080128,"2025-01-07 17:28:49.000000",170190,42802,170453,170190,24855,1177834,290077,1199464008770276337,3021727061284124267,14222334127938279829,15616086481517798539
202501080228,"2025-01-07 18:28:49.000000",170174,42802,169940,170174,25019,1180247,288367,9665015134422895055,2062053769096233811,3445010583276250574,17635620298456893014
202501080328,"2025-01-07 19:28:49.000000",170180,42802,169721,170180,25001,1180915,285581,9132025880035080464,10957680610892452112,9303416667479778179,1781001189894636309
202501080428,"2025-01-07 20:28:49.000000",170075,42802,169977,170075,24929,1167727,295798,17033591049872697511,6269366214003454677,13086819720847624991,14740230525307863647
202501080528,"2025-01-07 21:28:49.000000",170158,42802,170248,170158,25198,1172534,293547,4318979111514801971,7825719352430791819,13990221631122730306,13246345834030674182
202501080628,"2025-01-07 22:28:49.000000",170176,42802,170028,170176,25209,1175210,301587,464874677748836235,3167683631317573569,378897003099113941,11774407705301056339
202501080728,"2025-01-07 23:28:49.000000",170117,42802,169164,170117,25029,1155755,293595,5040557567480950658,7527551063664852492,10072220223883499020,17516489458243892522
202501080828,"2025-01-08 00:28:49.000000",170166,42802,170325,170166,25410,1150602,303482,4337503440461517971,7837048695944092921,5157813216613433454,4359143037488080086
202501080928,"2025-01-08 01:28:49.000000",170051,42802,169845,170051,25231,1139423,308846,2267514346973923472,17247036610348152340,10879256079813815234,12344204576670093532
202501081028,"2025-01-08 02:28:49.000000",170155,42802,170138,170155,25342,1138769,308712,6475383845322019923,561959021079061007,11470646769388887690,16718174634876647274
202501081128,"2025-01-08 03:28:49.000000",170119,42802,169926,170119,25384,1125198,310626,170345339477738895,881513850644498073,6529957493754279472,8408214903537065774
202501081228,"2025-01-08 04:28:49.000000",170047,42802,169597,170047,25494,1135894,308289,13894177282434095078,5758136976377046040,7267271872713152852,2486513578165982562
202501081328,"2025-01-08 05:28:49.000000",170135,42802,170486,170135,25413,1135890,312191,12991814386491385944,6502167788892589610,1861382828631568646,3198516773025531926
202501081428,"2025-01-08 06:28:49.000000",170071,42802,170711,170071,25551,1127109,312743,8322202558942896638,10146525666198623852,14213268029227428952,18367748227620198170
202501081528,"2025-01-08 07:28:49.000000",170053,42802,170468,170053,25353,1135360,308410,9454880346970223448,10016826158466621450,1606332769790911993,14530774684646032103
202501081628,"2025-01-08 08:28:49.000000",169995,42802,170079,169995,25745,1124111,311450,2246475643596558772,6490184267686100688,7051849035776246359,14461571316413043557
202501081728,"2025-01-08 09:28:49.000000",169931,42802,170061,169931,25562,1144441,297053,16587051865147458182,8718659141824535234,3585561675981531063,8659612137529984615
202501081828,"2025-01-08 10:28:49.000000",170118,42802,170098,170118,25553,1141324,295057,7011271623453751625,14839073512841231453,13187901270061154985,12928425000998311797
202501081928,"2025-01-08 11:28:49.000000",170099,42802,170446,170099,25507,1147130,304289,18047682907308959705,2691561684756495807,17512953315288272924,17666861478359802658
202501082028,"2025-01-08 12:28:49.000000",170039,42802,170439,170039,25419,1159887,297186,5043522380478487330,12282349722990782518,7291024835974718308,9403303490561312084
202501082128,"2025-01-08 13:28:49.000000",170121,42802,169619,170121,25212,1170881,293193,7167856052097294810,15293800854578360662,2621653006489016625,6381996129170779573
202501082228,"2025-01-08 14:28:49.000000",170205,42802,169739,170205,25170,1176231,288599,8725048219224736488,1589517345584477612,13435054831384982453,17309429493310886471
202501082328,"2025-01-08 15:28:49.000000",170193,42802,169663,170193,25167,1181066,285389,5145208150696515458,4122076473145067520,15155434414571599079,9309407294849731071
202501090028,"2025-01-08 16:28:49.000000",170206,42802,169550,170206,25053,1180081,286908,7274585106999180984,12400035753812444150,13445546777872463822,17291637450755743114
202501090128,"2025-01-08 17:28:49.000000",170208,42802,170920,170208,24964,1177048,287122,18157948903936086155,12745571048283754003,14709038708930403475,16940559770744628525
202501090228,"2025-01-08 18:28:49.000000",170275,42802,169988,170275,25244,1187046,280430,9757253113718486413,10015965165743729867,10328449167506148689,13200104835275642037
202501090328,"2025-01-08 19:28:49.000000",170272,42802,169313,170272,25114,1179612,285925,11666149074607907883,8953421768016025015,3442902204155127984,1669605904648480528
202501090428,"2025-01-08 20:28:49.000000",170179,42802,170413,170179,25078,1180328,287001,5650950364742671971,3689531877368458343,16241954847088963930,15355697462104203780
202501090528,"2025-01-08 21:28:49.000000",170328,42802,170127,170328,25080,1177535,284594,5201539912294524451,13349061032999352629,6837919620329548810,747866674274157698
202501090628,"2025-01-08 22:28:49.000000",170161,42802,170490,170161,25140,1171910,286402,18416475736342335162,12198006076137794920,5605736942202018168,3662254262513756758
202501090728,"2025-01-08 23:28:49.000000",170095,42802,169659,170095,25506,1150521,290892,14111501589737286755,15142904651029160191,149119937827280960,497841304063798676
202501090828,"2025-01-09 00:28:49.000000",170199,42802,170373,170199,25371,1136705,304560,16133785125320045134,618184893884453298,5388375916620869430,17851430856345239536
202501090928,"2025-01-09 01:28:49.000000",170105,42802,170068,170105,25299,1142663,305108,15668249230659026209,17145396891031893909,16680489929210660505,12952072723718023029
202501091028,"2025-01-09 02:28:49.000000",170081,42802,169776,170081,25458,1148845,300813,15146931966901575611,3331377285191186919,843630604774423858,1551095665310013062
202501091128,"2025-01-09 03:28:49.000000",170155,42802,169736,170155,25293,1152192,298237,1145512306374526103,6368105753560546849,8292436335039064530,13066588888349996836
202501091228,"2025-01-09 04:28:49.000000",169931,42802,170178,169931,25260,1138810,308030,7597144768630760615,526484484935670995,13940955483968789878,16551964444824439870
202501091328,"2025-01-09 05:28:49.000000",170154,42802,169970,170154,25397,1153730,299986,7565441093441492654,16907489563416680240,12394199956324848881,17861540510040302201
202501091428,"2025-01-09 06:28:49.000000",170015,42802,169295,170015,25491,1141955,301422,5702133354475309119,16761890617790597071,8213614347099424660,5913183458479769326
202501091528,"2025-01-09 07:28:49.000000",169938,42802,169714,169938,25397,1138575,305524,901016591644022362,17782610488423878682,1203582486673399898,16825691178557161370
202501091628,"2025-01-09 08:28:49.000000",170141,42802,170781,170141,25442,1126797,312327,16707150071127290253,10862058933312464795,5634913334639991709,12635192306990580521
202501091728,"2025-01-09 09:28:49.000000",170003,42802,171060,170003,25567,1146599,299155,2870224763769261711,428898452864255411,2277919461666782159,3088287110759690103
202501091828,"2025-01-09 10:28:49.000000",170028,42802,170127,170028,25499,1140511,301971,3741865799385151684,11125990831468256926,6907062022193478258,1655791634137552704
202501091928,"2025-01-09 11:28:49.000000",169950,42802,169375,169950,25470,1136440,296145,2957055700485241465,15126073030144012677,16073588077843195196,12036464865444736978
202501092028,"2025-01-09 12:28:49.000000",170180,42802,170090,170180,25429,1159542,292897,18231156267079756740,17782275417928852098,13170863491188545636,2232648161005960618
202501092128,"2025-01-09 13:28:49.000000",170035,42802,170281,170035,25103,1160494,298036,13012722481968545567,17078060107269808805,4730613933484968334,14084130195681075900
202501092228,"2025-01-09 14:28:49.000000",170285,42802,170483,170285,25287,1172803,293427,11497324125697944137,13647704718214217769,2570218789068669118,12857578062406376846
