record_id,event_date,admin1,admin2,operator,scope_type,consumer_class,restriction_type,queue_count,queue_id,planned_start_local,planned_end_local,actual_start_local,actual_end_local,planned_start_utc,planned_end_utc,actual_start_utc,actual_end_utc,timezone_name,status,confidence,impact_note,schedule_version,announced_at_utc,supersedes_record_id,emergency_override,attack_recovery_confounded,technical_outage_confounded,weather_confounded,analysis_eligible,publication_eligible,source_authority,source_url,source_note,confound_scope,affected_admin1,key_event_ids,execution_event_ids,methodology_rule_ids,explanation_zh,status_norm,scope_type_norm,restriction_type_norm,source_grade,evidence_rank,actual_time_semantics,record_role,schema_version
R20240601_NAT_001,2024-06-01,ALL,,Ukrenergo,national,household_general,hourly_schedule,,,2024-06-01 18:00:00+03:00,2024-06-01 23:00:00+03:00,,,2024-06-01 15:00:00+00:00,2024-06-01 20:00:00+00:00,,,Europe/Kyiv,dispatch_confirmed,medium,官方能够确认计划限电/小时停电表在该时段生效，但未可靠恢复全国同时启用的队列数量，因此 queue_count 留空，避免伪造强度。 置信度：medium。 同日发生被联合国列入2024年大规模能源系统攻击序列的事件（KE20240601_MAJOR_ATTACK），因此该日不应作为干净的计划停电 treatment/control。,final_dispatch,,,0,1,0,0,0,1,official_tso_archive,https://t.me/s/Ukrenergo?before=2836,Archive-level recovery; exact post should be snapshotted from Telegram export before publication.,national_system,Donetsk Oblast|Zaporizhzhia Oblast|Dnipropetrovsk Oblast|Kirovohrad Oblast|Ivano-Frankivsk Oblast,KE20240601_MAJOR_ATTACK,,MR20240608_QUEUE_DISPATCH_SEMANTIC_BREAK|MR20241210_REGULATOR_ACTUAL_VS_PLAN,官方能够确认计划限电/小时停电表在该时段生效，但未可靠恢复全国同时启用的队列数量，因此 queue_count 留空，避免伪造强度。 置信度：medium。 同日发生被联合国列入2024年大规模能源系统攻击序列的事件（KE20240601_MAJOR_ATTACK），因此该日不应作为干净的计划停电 treatment/control。【置信度：medium】,confirmed,national,GPV,primary,5,not_populated,planned_or_final_dispatch,v3.0
R20240602_NAT_001,2024-06-02,ALL,,Ukrenergo,national,household_general,hourly_schedule,,,2024-06-02 01:00:00+03:00,2024-06-02 05:00:00+03:00,,,2024-06-01 22:00:00+00:00,2024-06-02 02:00:00+00:00,,,Europe/Kyiv,dispatch_confirmed,medium,官方能够确认计划限电/小时停电表在该时段生效，但未可靠恢复全国同时启用的队列数量，因此 queue_count 留空，避免伪造强度。 置信度：medium。,final_dispatch,,,0,0,0,0,1,0,official_tso_archive,https://t.me/s/Ukrenergo?before=2895,,,,,,MR20240608_QUEUE_DISPATCH_SEMANTIC_BREAK|MR20241210_REGULATOR_ACTUAL_VS_PLAN,官方能够确认计划限电/小时停电表在该时段生效，但未可靠恢复全国同时启用的队列数量，因此 queue_count 留空，避免伪造强度。 置信度：medium。【置信度：medium】,confirmed,national,GPV,primary,5,not_populated,planned_or_final_dispatch,v3.0
R20240602_NAT_002,2024-06-02,ALL,,Ukrenergo,national,household_general,hourly_schedule,,,2024-06-02 19:00:00+03:00,2024-06-03 00:00:00+03:00,,,2024-06-02 16:00:00+00:00,2024-06-02 21:00:00+00:00,,,Europe/Kyiv,dispatch_confirmed,medium,官方能够确认计划限电/小时停电表在该时段生效，但未可靠恢复全国同时启用的队列数量，因此 queue_count 留空，避免伪造强度。 置信度：medium。,final_dispatch,,,0,0,0,0,1,0,official_tso_archive,https://t.me/s/Ukrenergo?before=2895,,,,,,MR20240608_QUEUE_DISPATCH_SEMANTIC_BREAK|MR20241210_REGULATOR_ACTUAL_VS_PLAN,官方能够确认计划限电/小时停电表在该时段生效，但未可靠恢复全国同时启用的队列数量，因此 queue_count 留空，避免伪造强度。 置信度：medium。【置信度：medium】,confirmed,national,GPV,primary,5,not_populated,planned_or_final_dispatch,v3.0
R20240603_NAT_001,2024-06-03,ALL,,Ukrenergo,national,household_general,hourly_schedule,,,2024-06-03 00:00:00+03:00,2024-06-04 00:00:00+03:00,,,2024-06-02 21:00:00+00:00,2024-06-03 21:00:00+00:00,,,Europe/Kyiv,dispatch_confirmed,medium,官方能够确认计划限电/小时停电表在该时段生效，但未可靠恢复全国同时启用的队列数量，因此 queue_count 留空，避免伪造强度。 置信度：medium。,final_dispatch,,,0,0,0,0,1,0,official_tso_archive,https://t.me/s/Ukrenergo?before=2905,,,,,,MR20240608_QUEUE_DISPATCH_SEMANTIC_BREAK|MR20241210_REGULATOR_ACTUAL_VS_PLAN,官方能够确认计划限电/小时停电表在该时段生效，但未可靠恢复全国同时启用的队列数量，因此 queue_count 留空，避免伪造强度。 置信度：medium。【置信度：medium】,confirmed,national,GPV,primary,5,not_populated,planned_or_final_dispatch,v3.0
R20240604_NAT_001,2024-06-04,ALL,,Ukrenergo,national,household_general,hourly_schedule,,,2024-06-04 00:00:00+03:00,2024-06-05 00:00:00+03:00,,,2024-06-03 21:00:00+00:00,2024-06-04 21:00:00+00:00,,,Europe/Kyiv,dispatch_confirmed,high,官方能够确认计划限电/小时停电表在该时段生效，但未可靠恢复全国同时启用的队列数量，因此 queue_count 留空，避免伪造强度。 置信度：high。 v2.7: 同日存在多轮分钟级 emergency override；全国计划行不能直接代表受影响州的实际执行，需联合 execution_events。,final_dispatch,,,0,0,0,0,1,0,official_tso_archive,https://t.me/s/Ukrenergo?before=2921,,multi_region,Kharkiv Oblast|Sumy Oblast|Kyiv City|Kyiv Oblast|Donetsk Oblast|Zhytomyr Oblast|Mykolaiv Oblast|Khmelnytskyi Oblast|Ivano-Frankivsk Oblast|Rivne Oblast|Zakarpattia Oblast|Ternopil Oblast|Vinnytsia Oblast|Volyn Oblast|Lviv Oblast|Cherkasy Oblast|Kirovohrad Oblast,KE20240604_MULTI_REGION_EMERGENCY,XE20240604_KH_GAV_ACTIVATE_1421|XE20240604_KH_SGAV_ACTIVATE_1449|XE20240604_KH_EMG_CANCEL_1530|XE20240604_SUMY_GAV_ACTIVATE_2115|XE20240604_KH_GAV_ACTIVATE_2127,MR20240608_QUEUE_DISPATCH_SEMANTIC_BREAK|MR20241210_REGULATOR_ACTUAL_VS_PLAN,官方能够确认计划限电/小时停电表在该时段生效，但未可靠恢复全国同时启用的队列数量，因此 queue_count 留空，避免伪造强度。 置信度：high。 v2.7: 同日存在多轮分钟级 emergency override；全国计划行不能直接代表受影响州的实际执行，需联合 execution_events。【置信度：high】,confirmed,national,GPV,primary,5,not_populated,planned_or_final_dispatch,v3.0
R20240605_NAT_001,2024-06-05,ALL,,Ukrenergo,national,household_general,hourly_schedule,,,2024-06-05 00:00:00+03:00,2024-06-06 00:00:00+03:00,,,2024-06-04 21:00:00+00:00,2024-06-05 21:00:00+00:00,,,Europe/Kyiv,dispatch_confirmed,high,官方能够确认计划限电/小时停电表在该时段生效，但未可靠恢复全国同时启用的队列数量，因此 queue_count 留空，避免伪造强度。 置信度：high。 v2.7: 20:40起多州计划被GAV临时覆盖；Odesa 21:35提前恢复，Sumy/Kharkiv 23:40恢复计划状态。,final_dispatch,,,0,0,0,0,1,0,official_tso_archive,https://t.me/s/Ukrenergo?before=2921,,multi_region,Odesa Oblast|Sumy Oblast|Kharkiv Oblast|Volyn Oblast|Ivano-Frankivsk Oblast|Kyiv Oblast|Kirovohrad Oblast|Zaporizhzhia Oblast|Lviv Oblast|Rivne Oblast|Cherkasy Oblast|Chernihiv Oblast,KE20240605_MULTI_REGION_EMERGENCY,XE20240605_SUMY_GAV_CANCEL_0057|XE20240605_KH_GAV_CANCEL_0057|XE20240605_OD_GAV_ACTIVATE_2040|XE20240605_OD_GAV_CANCEL_2135|XE20240605_SUMY_GAV_ACTIVATE_2040|XE20240605_SUMY_GAV_CANCEL_2340|XE20240605_KH_GAV_ACTIVATE_2040|XE20240605_KH_GAV_CANCEL_2340,MR20240608_QUEUE_DISPATCH_SEMANTIC_BREAK|MR20241210_REGULATOR_ACTUAL_VS_PLAN,官方能够确认计划限电/小时停电表在该时段生效，但未可靠恢复全国同时启用的队列数量，因此 queue_count 留空，避免伪造强度。 置信度：high。 v2.7: 20:40起多州计划被GAV临时覆盖；Odesa 21:35提前恢复，Sumy/Kharkiv 23:40恢复计划状态。【置信度：high】,confirmed,national,GPV,primary,5,not_populated,planned_or_final_dispatch,v3.0
R20240606_NAT_001,2024-06-06,ALL,,Ukrenergo,national,household_general,hourly_schedule,,,2024-06-06 00:00:00+03:00,2024-06-07 00:00:00+03:00,,,2024-06-05 21:00:00+00:00,2024-06-06 21:00:00+00:00,,,Europe/Kyiv,dispatch_confirmed,high,官方能够确认计划限电/小时停电表在该时段生效，但未可靠恢复全国同时启用的队列数量，因此 queue_count 留空，避免伪造强度。 置信度：high。,final_dispatch,,,0,0,0,0,1,0,official_tso_archive,https://t.me/s/Ukrenergo?before=2921,,,,,,MR20240608_QUEUE_DISPATCH_SEMANTIC_BREAK|MR20241210_REGULATOR_ACTUAL_VS_PLAN,官方能够确认计划限电/小时停电表在该时段生效，但未可靠恢复全国同时启用的队列数量，因此 queue_count 留空，避免伪造强度。 置信度：high。【置信度：high】,confirmed,national,GPV,primary,5,not_populated,planned_or_final_dispatch,v3.0
R20240607_NAT_001,2024-06-07,ALL,,Ukrenergo,national,household_general,hourly_schedule,,,2024-06-07 00:00:00+03:00,2024-06-08 00:00:00+03:00,,,2024-06-06 21:00:00+00:00,2024-06-07 21:00:00+00:00,,,Europe/Kyiv,dispatch_confirmed,high,官方能够确认计划限电/小时停电表在该时段生效，但未可靠恢复全国同时启用的队列数量，因此 queue_count 留空，避免伪造强度。 置信度：high。,final_dispatch,,,0,0,0,0,1,0,official_tso_archive,https://t.me/s/Ukrenergo?before=2921,,,,,,MR20240608_QUEUE_DISPATCH_SEMANTIC_BREAK|MR20241210_REGULATOR_ACTUAL_VS_PLAN,官方能够确认计划限电/小时停电表在该时段生效，但未可靠恢复全国同时启用的队列数量，因此 queue_count 留空，避免伪造强度。 置信度：high。【置信度：high】,confirmed,national,GPV,primary,5,not_populated,planned_or_final_dispatch,v3.0
R20240608_NAT_001,2024-06-08,ALL,,Ukrenergo,national,household_general,hourly_schedule,,,2024-06-08 00:00:00+03:00,2024-06-08 05:00:00+03:00,,,2024-06-07 21:00:00+00:00,2024-06-08 02:00:00+00:00,,,Europe/Kyiv,dispatch_confirmed,medium,官方能够确认计划限电/小时停电表在该时段生效，但未可靠恢复全国同时启用的队列数量，因此 queue_count 留空，避免伪造强度。 置信度：medium。,final_dispatch,,,0,0,0,0,1,0,official_tso_archive,https://t.me/s/Ukrenergo?before=2940,,,,,,MR20241210_REGULATOR_ACTUAL_VS_PLAN,官方能够确认计划限电/小时停电表在该时段生效，但未可靠恢复全国同时启用的队列数量，因此 queue_count 留空，避免伪造强度。 置信度：medium。【置信度：medium】,confirmed,national,GPV,primary,5,not_populated,planned_or_final_dispatch,v3.0
R20240608_NAT_002,2024-06-08,ALL,,Ukrenergo,national,household_general,hourly_schedule,,,2024-06-08 16:00:00+03:00,2024-06-09 00:00:00+03:00,,,2024-06-08 13:00:00+00:00,2024-06-08 21:00:00+00:00,,,Europe/Kyiv,dispatch_confirmed,medium,官方能够确认计划限电/小时停电表在该时段生效，但未可靠恢复全国同时启用的队列数量，因此 queue_count 留空，避免伪造强度。 置信度：medium。,final_dispatch,,,0,0,0,0,1,0,official_tso_archive,https://t.me/s/Ukrenergo?before=2940,,,,,,MR20241210_REGULATOR_ACTUAL_VS_PLAN,官方能够确认计划限电/小时停电表在该时段生效，但未可靠恢复全国同时启用的队列数量，因此 queue_count 留空，避免伪造强度。 置信度：medium。【置信度：medium】,confirmed,national,GPV,primary,5,not_populated,planned_or_final_dispatch,v3.0
R20240609_VER_001,2024-06-09,ALL,,Ukrenergo,national,household_general,no_restriction,0,,2024-06-09 00:00:00+03:00,2024-06-10 00:00:00+03:00,,,2024-06-08 21:00:00+00:00,2024-06-09 21:00:00+00:00,,,Europe/Kyiv,no_restriction,high,"Final nationwide state for 9 June: Ukrenergo cancelled the previously announced 20:00–22:00 hourly outage schedules for both household and industrial consumers. This is a final scheduled-restriction q0 control, not proof that no local technical/combat outage occurred. Confidence: high.",same_day_final,,R20240609_NAT_001,0,0,0,0,1,1,official_tso_statement_via_dated_media,https://portal.lviv.ua/news/2024/06/09/ukrenerho-ne-planuie-vymykaty-svitlo-9-chervnia,Corroborated by Poltavaoblenergo official archive and multiple same-day reports quoting Ukrenergo.,,,,,MR20241210_REGULATOR_ACTUAL_VS_PLAN,"Final nationwide state for 9 June: Ukrenergo cancelled the previously announced 20:00–22:00 hourly outage schedules for both household and industrial consumers. This is a final scheduled-restriction q0 control, not proof that no local technical/combat outage occurred. Confidence: high.【置信度：high】",no_restriction,national,no_restriction,near_primary,4,not_populated,execution_override,v3.0
R20240609_NAT_001,2024-06-09,ALL,,Ukrenergo,national,household_general,hourly_schedule,,,2024-06-09 20:00:00+03:00,2024-06-09 22:00:00+03:00,,,2024-06-09 17:00:00+00:00,2024-06-09 19:00:00+00:00,,,Europe/Kyiv,superseded,high,"Initial nationwide forecast called for hourly outages from 20:00–22:00, but Ukrenergo cancelled the schedules on 9 June because weekend demand fell and a nuclear unit returned to service. This row is retained only as a superseded version; it must not be used as the final outage exposure. Confidence: high.",initial_forecast,,,0,0,0,0,0,0,official_local_government_relay_of_ukrenergo,https://smr.gov.ua/uk/novini/pro-golovne/31198-enerhetyky-povidomliaiut-pro-zastosuvannia-hrafikiv-vidkliuchen-9-chervnia.html,,,,,,MR20241210_REGULATOR_ACTUAL_VS_PLAN,"Initial nationwide forecast called for hourly outages from 20:00–22:00, but Ukrenergo cancelled the schedules on 9 June because weekend demand fell and a nuclear unit returned to service. This row is retained only as a superseded version; it must not be used as the final outage exposure. Confidence: high.【置信度：high】",superseded,national,GPV,near_primary,4,not_populated,historical_version,v3.0
R20240610_NAT_001,2024-06-10,ALL,,Ukrenergo,national,household_general,hourly_schedule,,,2024-06-10 16:00:00+03:00,2024-06-10 22:00:00+03:00,,,2024-06-10 13:00:00+00:00,2024-06-10 19:00:00+00:00,,,Europe/Kyiv,dispatch_confirmed,high,官方能够确认计划限电/小时停电表在该时段生效，但未可靠恢复全国同时启用的队列数量，因此 queue_count 留空，避免伪造强度。 置信度：high。,final_dispatch,,,0,0,0,0,1,0,official_tso_archive,https://t.me/s/Ukrenergo?before=2957,,,,,,MR20241210_REGULATOR_ACTUAL_VS_PLAN,官方能够确认计划限电/小时停电表在该时段生效，但未可靠恢复全国同时启用的队列数量，因此 queue_count 留空，避免伪造强度。 置信度：high。【置信度：high】,confirmed,national,GPV,primary,5,not_populated,planned_or_final_dispatch,v3.0
R20240611_NAT_001,2024-06-11,ALL,,Ukrenergo,national,household_general,hourly_schedule,,,2024-06-11 14:00:00+03:00,2024-06-11 23:00:00+03:00,,,2024-06-11 11:00:00+00:00,2024-06-11 20:00:00+00:00,,,Europe/Kyiv,extended,high,当天计划曾调整，最终小时停电表延长至约 14:00–23:00；全国同时启用几组未可靠恢复，因此 queue_count 留空。 置信度：high。,final_dispatch,,,0,0,0,0,1,0,official_tso_archive,https://t.me/s/Ukrenergo?before=2959,,,,,,MR20241210_REGULATOR_ACTUAL_VS_PLAN,当天计划曾调整，最终小时停电表延长至约 14:00–23:00；全国同时启用几组未可靠恢复，因此 queue_count 留空。 置信度：high。【置信度：high】,extended,national,GPV,primary,5,not_populated,planned_or_final_dispatch,v3.0
R20240612_NAT_001,2024-06-12,ALL,,Ukrenergo,national,household_general,hourly_schedule,,,2024-06-12 15:00:00+03:00,2024-06-12 23:00:00+03:00,,,2024-06-12 12:00:00+00:00,2024-06-12 20:00:00+00:00,,,Europe/Kyiv,superseded,high,"Initial nationwide plan for 12 June was 15:00–23:00. It was shortened twice on the same day, first to 17:00–23:00 and finally to 19:00–23:00. Retained only as version history. Confidence: high.",initial_forecast,,,0,0,0,0,0,0,official_tso_statement_via_dated_media,https://ua.interfax.com.ua/news/economic/992846.html,,,,,,MR20241210_REGULATOR_ACTUAL_VS_PLAN,"Initial nationwide plan for 12 June was 15:00–23:00. It was shortened twice on the same day, first to 17:00–23:00 and finally to 19:00–23:00. Retained only as version history. Confidence: high.【置信度：high】",superseded,national,GPV,near_primary,4,not_populated,historical_version,v3.0
R20240612_VER_001,2024-06-12,ALL,,Ukrenergo,national,household_general,hourly_schedule,,,2024-06-12 17:00:00+03:00,2024-06-12 23:00:00+03:00,,,2024-06-12 14:00:00+00:00,2024-06-12 20:00:00+00:00,,,Europe/Kyiv,superseded,high,"First same-day revision of the 12 June national outage window: Ukrenergo moved the start from 15:00 to 17:00. A later revision moved the start again to 19:00, so this row is superseded. queue_count is intentionally blank because this record describes the active window, not a recovered uniform queue intensity. Confidence: high.",same_day_update_1,,R20240612_NAT_001,0,0,0,0,0,0,official_dso_relay_of_ukrenergo,https://t.me/s/poltavaoe?before=1268,Poltavaoblenergo official post at the time; Volynoblenergo independently shows the same revision.,,,,,MR20241210_REGULATOR_ACTUAL_VS_PLAN,"First same-day revision of the 12 June national outage window: Ukrenergo moved the start from 15:00 to 17:00. A later revision moved the start again to 19:00, so this row is superseded. queue_count is intentionally blank because this record describes the active window, not a recovered uniform queue intensity. Confidence: high.【置信度：high】",superseded,national,GPV,secondary,3,not_populated,historical_version,v3.0
R20240612_VER_002,2024-06-12,ALL,,Ukrenergo,national,household_general,hourly_schedule,,,2024-06-12 19:00:00+03:00,2024-06-12 23:00:00+03:00,,,2024-06-12 16:00:00+00:00,2024-06-12 20:00:00+00:00,,,Europe/Kyiv,updated,high,"Final nationwide hourly-outage window on 12 June was 19:00–23:00 for all oblenenergo, after earlier forecasts of 15:00 and then 17:00 starts. queue_count remains blank because the recoverable evidence supports the final national time window, not one uniform physical queue assignment. Confidence: high.",same_day_final,,R20240612_VER_001,0,0,0,0,1,1,official_tso_statement_via_dated_media,https://www.radiosvoboda.org/a/news-hrafiky-vidklyuchennya-svitla/32989890.html,,,,,,MR20241210_REGULATOR_ACTUAL_VS_PLAN,"Final nationwide hourly-outage window on 12 June was 19:00–23:00 for all oblenenergo, after earlier forecasts of 15:00 and then 17:00 starts. queue_count remains blank because the recoverable evidence supports the final national time window, not one uniform physical queue assignment. Confidence: high.【置信度：high】",updated,national,GPV,near_primary,4,not_populated,planned_or_final_dispatch,v3.0
R20240613_NAT_001,2024-06-13,ALL,,Ukrenergo,national,household_general,hourly_schedule,,,2024-06-13 20:00:00+03:00,2024-06-13 22:00:00+03:00,,,2024-06-13 17:00:00+00:00,2024-06-13 19:00:00+00:00,,,Europe/Kyiv,dispatch_confirmed,high,官方能够确认计划限电/小时停电表在该时段生效，但未可靠恢复全国同时启用的队列数量，因此 queue_count 留空，避免伪造强度。 置信度：high。,final_dispatch,,,0,0,0,0,1,0,official_tso_archive,https://t.me/s/Ukrenergo?before=2962,,,,,,MR20241210_REGULATOR_ACTUAL_VS_PLAN,官方能够确认计划限电/小时停电表在该时段生效，但未可靠恢复全国同时启用的队列数量，因此 queue_count 留空，避免伪造强度。 置信度：high。【置信度：high】,confirmed,national,GPV,primary,5,not_populated,planned_or_final_dispatch,v3.0
R20240614_NAT_001,2024-06-14,ALL,,Ukrenergo,national,household_general,hourly_schedule,,,2024-06-14 14:00:00+03:00,2024-06-14 22:00:00+03:00,,,2024-06-14 11:00:00+00:00,2024-06-14 19:00:00+00:00,,,Europe/Kyiv,extended,medium,最终执行窗口较前一版预告提前开始，约为 14:00–22:00；强度未可靠恢复。保留为计划变更样本。 置信度：medium。,final_dispatch,,,0,0,0,0,1,0,official_tso_archive,https://t.me/s/Ukrenergo?before=2965,,,,,,MR20241210_REGULATOR_ACTUAL_VS_PLAN,最终执行窗口较前一版预告提前开始，约为 14:00–22:00；强度未可靠恢复。保留为计划变更样本。 置信度：medium。【置信度：medium】,extended,national,GPV,primary,5,not_populated,planned_or_final_dispatch,v3.0
R20240615_NAT_001,2024-06-15,ALL,,Ukrenergo,national,household_general,hourly_schedule,1,,2024-06-15 08:00:00+03:00,2024-06-15 16:00:00+03:00,,,2024-06-15 05:00:00+00:00,2024-06-15 13:00:00+00:00,,,Europe/Kyiv,dispatch_confirmed,medium,国家/地区调度要求该时段同时启用 1 个轮换队列。这表示调度强度，不等同于某个具体地址必然断电。 置信度：medium。,final_dispatch,,,0,0,0,1,1,0,official_tso_archive,https://t.me/s/Ukrenergo?before=2967,,,,,,MR20241210_REGULATOR_ACTUAL_VS_PLAN,国家/地区调度要求该时段同时启用 1 个轮换队列。这表示调度强度，不等同于某个具体地址必然断电。 置信度：medium。【置信度：medium】,confirmed,national,GPV,primary,5,not_populated,planned_or_final_dispatch,v3.0
R20240615_ZP_001,2024-06-15,Zaporizhzhia Oblast,,Zaporizhzhyaoblenergo,oblast,household_general,hourly_schedule,,1,2024-06-15 08:00:00+03:00,2024-06-15 12:00:00+03:00,2024-06-15 08:00:00+03:00,2024-06-15 12:00:00+03:00,2024-06-15 05:00:00+00:00,2024-06-15 09:00:00+00:00,2024-06-15 05:00:00+00:00,2024-06-15 09:00:00+00:00,Europe/Kyiv,confirmed,high,Zaporizhzhia queue 1 scheduled for 08:00–12:00. This queue_id is meaningful only inside Zaporizhzhyaoblenergo and must not be equated with queue 1/2/etc. in another DSO. The day was also weather/generation-confounded. Confidence: high.,daily_schedule,,,0,0,0,1,0,0,official_dso,https://t.me/s/Zaporizhzhyaoblenergo_news?before=748,Official DSO archive; broad archive locator should be snapshotted to an exact immutable message before publication.,,,,,MR20241210_REGULATOR_ACTUAL_VS_PLAN,Zaporizhzhia queue 1 scheduled for 08:00–12:00. This queue_id is meaningful only inside Zaporizhzhyaoblenergo and must not be equated with queue 1/2/etc. in another DSO. The day was also weather/generation-confounded. Confidence: high.【置信度：high】,confirmed,oblast,GPV,primary,5,deprecated_confirmed_dispatch_window_not_physical_switch,planned_or_final_dispatch,v3.0
R20240615_ZP_002,2024-06-15,Zaporizhzhia Oblast,,Zaporizhzhyaoblenergo,oblast,household_general,hourly_schedule,,2,2024-06-15 12:00:00+03:00,2024-06-15 16:00:00+03:00,2024-06-15 12:00:00+03:00,2024-06-15 16:00:00+03:00,2024-06-15 09:00:00+00:00,2024-06-15 13:00:00+00:00,2024-06-15 09:00:00+00:00,2024-06-15 13:00:00+00:00,Europe/Kyiv,confirmed,high,Zaporizhzhia queue 2 scheduled for 12:00–16:00. This queue_id is meaningful only inside Zaporizhzhyaoblenergo and must not be equated with queue 1/2/etc. in another DSO. The day was also weather/generation-confounded. Confidence: high.,daily_schedule,,,0,0,0,1,0,0,official_dso,https://t.me/s/Zaporizhzhyaoblenergo_news?before=748,Official DSO archive; broad archive locator should be snapshotted to an exact immutable message before publication.,,,,,MR20241210_REGULATOR_ACTUAL_VS_PLAN,Zaporizhzhia queue 2 scheduled for 12:00–16:00. This queue_id is meaningful only inside Zaporizhzhyaoblenergo and must not be equated with queue 1/2/etc. in another DSO. The day was also weather/generation-confounded. Confidence: high.【置信度：high】,confirmed,oblast,GPV,primary,5,deprecated_confirmed_dispatch_window_not_physical_switch,planned_or_final_dispatch,v3.0
R20240615_NAT_002,2024-06-15,ALL,,Ukrenergo,national,household_general,hourly_schedule,2,,2024-06-15 16:00:00+03:00,2024-06-15 20:00:00+03:00,,,2024-06-15 13:00:00+00:00,2024-06-15 17:00:00+00:00,,,Europe/Kyiv,partial,medium,"National-level two-queue intensity was announced for 16:00–20:00, but a same-day Ukrenergo instruction reduced the restriction in Zaporizhzhia: queue 4 was cancelled and only queue 3 remained. The fully revised nationwide queue_count has not been recovered with enough confidence, so this national row must not be treated as a final all-region q2 exposure. Confidence: medium.",national_initial_or_pre_reduction,,,0,0,0,1,0,0,official_dso,https://t.me/s/Zaporizhzhyaoblenergo_news?before=748,,,,,,MR20241210_REGULATOR_ACTUAL_VS_PLAN,"National-level two-queue intensity was announced for 16:00–20:00, but a same-day Ukrenergo instruction reduced the restriction in Zaporizhzhia: queue 4 was cancelled and only queue 3 remained. The fully revised nationwide queue_count has not been recovered with enough confidence, so this national row must not be treated as a final all-region q2 exposure. Confidence: medium.【置信度：medium】",partial,national,GPV,primary,5,not_populated,planned_or_final_dispatch,v3.0
R20240615_ZP_003,2024-06-15,Zaporizhzhia Oblast,,Zaporizhzhyaoblenergo,oblast,household_general,hourly_schedule,,3,2024-06-15 16:00:00+03:00,2024-06-15 20:00:00+03:00,2024-06-15 16:00:00+03:00,2024-06-15 20:00:00+03:00,2024-06-15 13:00:00+00:00,2024-06-15 17:00:00+00:00,2024-06-15 13:00:00+00:00,2024-06-15 17:00:00+00:00,Europe/Kyiv,confirmed,high,"After the same-day reduction, queue 3 remained scheduled for 16:00–20:00. This queue_id is meaningful only inside Zaporizhzhyaoblenergo and must not be equated with queue 1/2/etc. in another DSO. The day was also weather/generation-confounded. Confidence: high.",same_day_final,,,0,0,0,1,0,0,official_dso,https://t.me/s/Zaporizhzhyaoblenergo_news?before=748,Official DSO archive; broad archive locator should be snapshotted to an exact immutable message before publication.,,,,,MR20241210_REGULATOR_ACTUAL_VS_PLAN,"After the same-day reduction, queue 3 remained scheduled for 16:00–20:00. This queue_id is meaningful only inside Zaporizhzhyaoblenergo and must not be equated with queue 1/2/etc. in another DSO. The day was also weather/generation-confounded. Confidence: high.【置信度：high】",confirmed,oblast,GPV,primary,5,deprecated_confirmed_dispatch_window_not_physical_switch,planned_or_final_dispatch,v3.0
R20240615_ZP_004,2024-06-15,Zaporizhzhia Oblast,,Zaporizhzhyaoblenergo,oblast,household_general,hourly_schedule,,4,2024-06-15 16:00:00+03:00,2024-06-15 20:00:00+03:00,,,2024-06-15 13:00:00+00:00,2024-06-15 17:00:00+00:00,,,Europe/Kyiv,cancelled,high,"Queue 4 was originally scheduled together with queue 3, then explicitly cancelled by a same-day Ukrenergo instruction. This queue_id is meaningful only inside Zaporizhzhyaoblenergo and must not be equated with queue 1/2/etc. in another DSO. The day was also weather/generation-confounded. Confidence: high.",same_day_final,,,0,0,0,1,0,0,official_dso,https://t.me/s/Zaporizhzhyaoblenergo_news?before=748,Official DSO archive; broad archive locator should be snapshotted to an exact immutable message before publication.,,,,,MR20241210_REGULATOR_ACTUAL_VS_PLAN,"Queue 4 was originally scheduled together with queue 3, then explicitly cancelled by a same-day Ukrenergo instruction. This queue_id is meaningful only inside Zaporizhzhyaoblenergo and must not be equated with queue 1/2/etc. in another DSO. The day was also weather/generation-confounded. Confidence: high.【置信度：high】",cancelled,oblast,GPV,primary,5,not_populated,planned_or_final_dispatch,v3.0
R20240615_NAT_003,2024-06-15,ALL,,Ukrenergo,national,household_general,hourly_schedule,1,,2024-06-15 20:00:00+03:00,2024-06-15 23:00:00+03:00,,,2024-06-15 17:00:00+00:00,2024-06-15 20:00:00+00:00,,,Europe/Kyiv,dispatch_confirmed,medium,国家/地区调度要求该时段同时启用 1 个轮换队列。这表示调度强度，不等同于某个具体地址必然断电。 置信度：medium。,final_dispatch,,,0,0,0,1,1,0,official_tso_archive,https://t.me/s/Ukrenergo?before=2967,,,,,,MR20241210_REGULATOR_ACTUAL_VS_PLAN,国家/地区调度要求该时段同时启用 1 个轮换队列。这表示调度强度，不等同于某个具体地址必然断电。 置信度：medium。【置信度：medium】,confirmed,national,GPV,primary,5,not_populated,planned_or_final_dispatch,v3.0
R20240615_ZP_005,2024-06-15,Zaporizhzhia Oblast,,Zaporizhzhyaoblenergo,oblast,household_general,hourly_schedule,,5,2024-06-15 20:00:00+03:00,2024-06-15 23:00:00+03:00,2024-06-15 20:00:00+03:00,2024-06-15 23:00:00+03:00,2024-06-15 17:00:00+00:00,2024-06-15 20:00:00+00:00,2024-06-15 17:00:00+00:00,2024-06-15 20:00:00+00:00,Europe/Kyiv,confirmed,high,Zaporizhzhia queue 5 remained scheduled for 20:00–23:00. This queue_id is meaningful only inside Zaporizhzhyaoblenergo and must not be equated with queue 1/2/etc. in another DSO. The day was also weather/generation-confounded. Confidence: high.,same_day_final,,,0,0,0,1,0,0,official_dso,https://t.me/s/Zaporizhzhyaoblenergo_news?before=748,Official DSO archive; broad archive locator should be snapshotted to an exact immutable message before publication.,,,,,MR20241210_REGULATOR_ACTUAL_VS_PLAN,Zaporizhzhia queue 5 remained scheduled for 20:00–23:00. This queue_id is meaningful only inside Zaporizhzhyaoblenergo and must not be equated with queue 1/2/etc. in another DSO. The day was also weather/generation-confounded. Confidence: high.【置信度：high】,confirmed,oblast,GPV,primary,5,deprecated_confirmed_dispatch_window_not_physical_switch,planned_or_final_dispatch,v3.0
R20240616_NAT_001,2024-06-16,ALL,,Ukrenergo,national,household_general,no_restriction,0,,2024-06-16 00:00:00+03:00,2024-06-17 00:00:00+03:00,,,2024-06-15 21:00:00+00:00,2024-06-16 21:00:00+00:00,,,Europe/Kyiv,no_restriction,high,根据 Ukrenergo 指令，6 月 16 日预计不采用小时停电表；这是一个较干净的零计划限电对照日。地方战损/技术停电仍可能存在。 置信度：high。,final_dispatch,,,0,0,0,0,1,0,official_dso,https://t.me/s/ztoe_ua?before=403,,,,,,MR20241210_REGULATOR_ACTUAL_VS_PLAN,根据 Ukrenergo 指令，6 月 16 日预计不采用小时停电表；这是一个较干净的零计划限电对照日。地方战损/技术停电仍可能存在。 置信度：high。【置信度：high】,no_restriction,national,no_restriction,primary,5,not_populated,execution_override,v3.0
R20240617_NAT_001,2024-06-17,ALL,,Ukrenergo,national,household_general,hourly_schedule,1,,2024-06-17 08:00:00+03:00,2024-06-17 19:00:00+03:00,,,2024-06-17 05:00:00+00:00,2024-06-17 16:00:00+00:00,,,Europe/Kyiv,dispatch_confirmed,high,国家/地区调度要求该时段同时启用 1 个轮换队列。这表示调度强度，不等同于某个具体地址必然断电。 置信度：high。,final_dispatch,,,0,0,0,0,1,1,official_tso,https://t.me/s/Ukrenergo/2951,,,,,,MR20241210_REGULATOR_ACTUAL_VS_PLAN,国家/地区调度要求该时段同时启用 1 个轮换队列。这表示调度强度，不等同于某个具体地址必然断电。 置信度：high。【置信度：high】,confirmed,national,GPV,primary,5,not_populated,planned_or_final_dispatch,v3.0
R20240617_NAT_002,2024-06-17,ALL,,Ukrenergo,national,household_general,hourly_schedule,2,,2024-06-17 19:00:00+03:00,2024-06-17 22:00:00+03:00,,,2024-06-17 16:00:00+00:00,2024-06-17 19:00:00+00:00,,,Europe/Kyiv,dispatch_confirmed,high,国家/地区调度要求该时段同时启用 2 个轮换队列。这表示调度强度，不等同于某个具体地址必然断电。 置信度：high。,final_dispatch,,,0,0,0,0,1,1,official_tso,https://t.me/s/Ukrenergo/2951,,,,,,MR20241210_REGULATOR_ACTUAL_VS_PLAN,国家/地区调度要求该时段同时启用 2 个轮换队列。这表示调度强度，不等同于某个具体地址必然断电。 置信度：high。【置信度：high】,confirmed,national,GPV,primary,5,not_populated,planned_or_final_dispatch,v3.0
R20240617_NAT_003,2024-06-17,ALL,,Ukrenergo,national,household_general,hourly_schedule,1,,2024-06-17 22:00:00+03:00,2024-06-18 00:00:00+03:00,,,2024-06-17 19:00:00+00:00,2024-06-17 21:00:00+00:00,,,Europe/Kyiv,dispatch_confirmed,high,国家/地区调度要求该时段同时启用 1 个轮换队列。这表示调度强度，不等同于某个具体地址必然断电。 置信度：high。,final_dispatch,,,0,0,0,0,1,1,official_tso,https://t.me/s/Ukrenergo/2951,,,,,,MR20241210_REGULATOR_ACTUAL_VS_PLAN,国家/地区调度要求该时段同时启用 1 个轮换队列。这表示调度强度，不等同于某个具体地址必然断电。 置信度：high。【置信度：high】,confirmed,national,GPV,primary,5,not_populated,planned_or_final_dispatch,v3.0
R20240618_NAT_001,2024-06-18,ALL,,Ukrenergo,national,household_general,no_restriction,0,,2024-06-18 00:00:00+03:00,2024-06-18 15:00:00+03:00,,,2024-06-17 21:00:00+00:00,2024-06-18 12:00:00+00:00,,,Europe/Kyiv,cancelled,high,当天较早时段原有限制预期，但最终在 15:00 前取消/不实施；作为变更后的零限制窗口保留。 置信度：medium。,final_dispatch,,,0,0,0,0,1,0,official_tso_archive,https://t.me/s/Ukrenergo?before=2975,,,,,,MR20241210_REGULATOR_ACTUAL_VS_PLAN,当天较早时段原有限制预期，但最终在 15:00 前取消/不实施；作为变更后的零限制窗口保留。 置信度：medium。【置信度：high】,cancelled,national,no_restriction,primary,5,not_populated,execution_override,v3.0
R20240618_NAT_002,2024-06-18,ALL,,Ukrenergo,national,household_general,hourly_schedule,,,2024-06-18 15:00:00+03:00,2024-06-19 00:00:00+03:00,,,2024-06-18 12:00:00+00:00,2024-06-18 21:00:00+00:00,,,Europe/Kyiv,shortened,medium,官方能够确认计划限电/小时停电表在该时段生效，但未可靠恢复全国同时启用的队列数量，因此 queue_count 留空，避免伪造强度。 置信度：medium。,final_dispatch,,,0,0,0,0,1,0,official_tso_archive,https://t.me/s/Ukrenergo?before=2975,,,,,,MR20241210_REGULATOR_ACTUAL_VS_PLAN,官方能够确认计划限电/小时停电表在该时段生效，但未可靠恢复全国同时启用的队列数量，因此 queue_count 留空，避免伪造强度。 置信度：medium。【置信度：medium】,shortened,national,GPV,primary,5,not_populated,planned_or_final_dispatch,v3.0
R20240619_NAT_001,2024-06-19,ALL,,Ukrenergo,national,household_general,hourly_schedule,,,2024-06-19 00:00:00+03:00,2024-06-20 00:00:00+03:00,,,2024-06-18 21:00:00+00:00,2024-06-19 21:00:00+00:00,,,Europe/Kyiv,dispatch_confirmed,high,官方能够确认计划限电/小时停电表在该时段生效，但未可靠恢复全国同时启用的队列数量，因此 queue_count 留空，避免伪造强度。 置信度：high。,final_dispatch,,,0,0,0,0,1,0,official_tso_archive,https://t.me/s/Ukrenergo?before=2969,,,,,,MR20241210_REGULATOR_ACTUAL_VS_PLAN,官方能够确认计划限电/小时停电表在该时段生效，但未可靠恢复全国同时启用的队列数量，因此 queue_count 留空，避免伪造强度。 置信度：high。【置信度：high】,confirmed,national,GPV,primary,5,not_populated,planned_or_final_dispatch,v3.0
R20240620_NAT_001,2024-06-20,ALL,,Ukrenergo,national,household_general,no_restriction,0,,2024-06-20 00:00:00+03:00,2024-06-20 06:00:00+03:00,,,2024-06-19 21:00:00+00:00,2024-06-20 03:00:00+00:00,,,Europe/Kyiv,cancelled,high,Ukrenergo 更新后取消 00:00–06:00 的小时停电计划。 置信度：high。 同日发生被联合国列入2024年大规模能源系统攻击序列的事件（KE20240620_MAJOR_ATTACK），因此该日不应作为干净的计划停电 treatment/control。,final_dispatch,,,0,1,0,0,0,0,official_tso_archive,https://t.me/s/Ukrenergo?before=2969,,national_system,Vinnytsia Oblast|Dnipropetrovsk Oblast|Donetsk Oblast|Kyiv Oblast,KE20240620_MAJOR_ATTACK,,MR20241210_REGULATOR_ACTUAL_VS_PLAN,Ukrenergo 更新后取消 00:00–06:00 的小时停电计划。 置信度：high。 同日发生被联合国列入2024年大规模能源系统攻击序列的事件（KE20240620_MAJOR_ATTACK），因此该日不应作为干净的计划停电 treatment/control。【置信度：high】,cancelled,national,no_restriction,primary,5,not_populated,execution_override,v3.0
R20240620_NAT_002,2024-06-20,ALL,,Ukrenergo,national,household_general,hourly_schedule,,,2024-06-20 06:00:00+03:00,2024-06-20 11:00:00+03:00,,,2024-06-20 03:00:00+00:00,2024-06-20 08:00:00+00:00,,,Europe/Kyiv,dispatch_confirmed,high,官方能够确认计划限电/小时停电表在该时段生效，但未可靠恢复全国同时启用的队列数量，因此 queue_count 留空，避免伪造强度。 置信度：high。 同日发生被联合国列入2024年大规模能源系统攻击序列的事件（KE20240620_MAJOR_ATTACK），因此该日不应作为干净的计划停电 treatment/control。,final_dispatch,,,0,1,0,0,0,0,official_tso_archive,https://t.me/s/Ukrenergo?before=2969,,national_system,Vinnytsia Oblast|Dnipropetrovsk Oblast|Donetsk Oblast|Kyiv Oblast,KE20240620_MAJOR_ATTACK,,MR20241210_REGULATOR_ACTUAL_VS_PLAN,官方能够确认计划限电/小时停电表在该时段生效，但未可靠恢复全国同时启用的队列数量，因此 queue_count 留空，避免伪造强度。 置信度：high。 同日发生被联合国列入2024年大规模能源系统攻击序列的事件（KE20240620_MAJOR_ATTACK），因此该日不应作为干净的计划停电 treatment/control。【置信度：high】,confirmed,national,GPV,primary,5,not_populated,planned_or_final_dispatch,v3.0
R20240620_NAT_003,2024-06-20,ALL,,Ukrenergo,national,household_general,hourly_schedule,,,2024-06-20 11:00:00+03:00,2024-06-21 00:00:00+03:00,,,2024-06-20 08:00:00+00:00,2024-06-20 21:00:00+00:00,,,Europe/Kyiv,dispatch_confirmed,high,11:00 后限制强度受能源设施受损/系统恢复影响，小时停电继续生效但全国 queue_count 未可靠恢复；主因果分析建议排除或仅做敏感性分析。 置信度：high。 同日发生被联合国列入2024年大规模能源系统攻击序列的事件（KE20240620_MAJOR_ATTACK），因此该日不应作为干净的计划停电 treatment/control。,final_dispatch,,,0,1,0,0,0,0,official_tso_archive,https://t.me/s/Ukrenergo?before=2969,,national_system,Vinnytsia Oblast|Dnipropetrovsk Oblast|Donetsk Oblast|Kyiv Oblast,KE20240620_MAJOR_ATTACK,,MR20241210_REGULATOR_ACTUAL_VS_PLAN,11:00 后限制强度受能源设施受损/系统恢复影响，小时停电继续生效但全国 queue_count 未可靠恢复；主因果分析建议排除或仅做敏感性分析。 置信度：high。 同日发生被联合国列入2024年大规模能源系统攻击序列的事件（KE20240620_MAJOR_ATTACK），因此该日不应作为干净的计划停电 treatment/control。【置信度：high】,confirmed,national,GPV,primary,5,not_populated,planned_or_final_dispatch,v3.0
R20240621_NAT_001,2024-06-21,ALL,,Ukrenergo,national,household_general,hourly_schedule,,,2024-06-21 00:00:00+03:00,2024-06-22 00:00:00+03:00,,,2024-06-20 21:00:00+00:00,2024-06-21 21:00:00+00:00,,,Europe/Kyiv,dispatch_confirmed,medium,官方能够确认计划限电/小时停电表在该时段生效，但未可靠恢复全国同时启用的队列数量，因此 queue_count 留空，避免伪造强度。 置信度：medium。,final_dispatch,,,0,0,0,1,1,0,official_tso_archive,https://t.me/s/Ukrenergo?before=2980,,,,,,MR20241210_REGULATOR_ACTUAL_VS_PLAN,官方能够确认计划限电/小时停电表在该时段生效，但未可靠恢复全国同时启用的队列数量，因此 queue_count 留空，避免伪造强度。 置信度：medium。【置信度：medium】,confirmed,national,GPV,primary,5,not_populated,planned_or_final_dispatch,v3.0
R20240622_NAT_001,2024-06-22,ALL,,Ukrenergo,national,household_general,hourly_schedule,,,2024-06-22 14:00:00+03:00,2024-06-23 00:00:00+03:00,,,2024-06-22 11:00:00+00:00,2024-06-22 21:00:00+00:00,,,Europe/Kyiv,dispatch_confirmed,medium,官方能够确认计划限电/小时停电表在该时段生效，但未可靠恢复全国同时启用的队列数量，因此 queue_count 留空，避免伪造强度。 置信度：medium。 同日发生被联合国列入2024年大规模能源系统攻击序列的事件（KE20240622_MAJOR_ATTACK），因此该日不应作为干净的计划停电 treatment/control。,final_dispatch,,,0,1,0,0,0,0,official_tso_archive,https://t.me/s/Ukrenergo?before=2985,,national_system,Zaporizhzhia Oblast|Lviv Oblast,KE20240622_MAJOR_ATTACK,,MR20241210_REGULATOR_ACTUAL_VS_PLAN,官方能够确认计划限电/小时停电表在该时段生效，但未可靠恢复全国同时启用的队列数量，因此 queue_count 留空，避免伪造强度。 置信度：medium。 同日发生被联合国列入2024年大规模能源系统攻击序列的事件（KE20240622_MAJOR_ATTACK），因此该日不应作为干净的计划停电 treatment/control。【置信度：medium】,confirmed,national,GPV,primary,5,not_populated,planned_or_final_dispatch,v3.0
R20240623_NAT_001,2024-06-23,ALL,,Ukrenergo,national,household_general,hourly_schedule,,,2024-06-23 11:00:00+03:00,2024-06-23 23:00:00+03:00,,,2024-06-23 08:00:00+00:00,2024-06-23 20:00:00+00:00,,,Europe/Kyiv,dispatch_confirmed,medium,官方能够确认计划限电/小时停电表在该时段生效，但未可靠恢复全国同时启用的队列数量，因此 queue_count 留空，避免伪造强度。 置信度：medium。,final_dispatch,,,0,0,0,0,1,0,official_tso_archive,https://t.me/s/Ukrenergo?before=2990,,,,,,MR20241210_REGULATOR_ACTUAL_VS_PLAN,官方能够确认计划限电/小时停电表在该时段生效，但未可靠恢复全国同时启用的队列数量，因此 queue_count 留空，避免伪造强度。 置信度：medium。【置信度：medium】,confirmed,national,GPV,primary,5,not_populated,planned_or_final_dispatch,v3.0
R20240624_NAT_001,2024-06-24,ALL,,Ukrenergo,national,household_general,hourly_schedule,,,2024-06-24 00:00:00+03:00,2024-06-25 00:00:00+03:00,,,2024-06-23 21:00:00+00:00,2024-06-24 21:00:00+00:00,,,Europe/Kyiv,dispatch_confirmed,medium,官方能够确认计划限电/小时停电表在该时段生效，但未可靠恢复全国同时启用的队列数量，因此 queue_count 留空，避免伪造强度。 置信度：medium。,final_dispatch,,,0,0,0,1,1,0,official_tso_archive,https://t.me/s/Ukrenergo?before=3012,,,,,,MR20241210_REGULATOR_ACTUAL_VS_PLAN,官方能够确认计划限电/小时停电表在该时段生效，但未可靠恢复全国同时启用的队列数量，因此 queue_count 留空，避免伪造强度。 置信度：medium。【置信度：medium】,confirmed,national,GPV,primary,5,not_populated,planned_or_final_dispatch,v3.0
R20240625_NAT_001,2024-06-25,ALL,,Ukrenergo,national,household_general,hourly_schedule,,,2024-06-25 00:00:00+03:00,2024-06-26 00:00:00+03:00,,,2024-06-24 21:00:00+00:00,2024-06-25 21:00:00+00:00,,,Europe/Kyiv,dispatch_confirmed,medium,官方能够确认计划限电/小时停电表在该时段生效，但未可靠恢复全国同时启用的队列数量，因此 queue_count 留空，避免伪造强度。 置信度：medium。,final_dispatch,,,0,0,0,1,1,0,official_tso_archive,https://t.me/s/Ukrenergo?before=3012,,,,,,MR20241210_REGULATOR_ACTUAL_VS_PLAN,官方能够确认计划限电/小时停电表在该时段生效，但未可靠恢复全国同时启用的队列数量，因此 queue_count 留空，避免伪造强度。 置信度：medium。【置信度：medium】,confirmed,national,GPV,primary,5,not_populated,planned_or_final_dispatch,v3.0
R20240626_NAT_001,2024-06-26,ALL,,Ukrenergo,national,household_general,hourly_schedule,,,2024-06-26 00:00:00+03:00,2024-06-27 00:00:00+03:00,,,2024-06-25 21:00:00+00:00,2024-06-26 21:00:00+00:00,,,Europe/Kyiv,dispatch_confirmed,medium,官方能够确认计划限电/小时停电表在该时段生效，但未可靠恢复全国同时启用的队列数量，因此 queue_count 留空，避免伪造强度。 置信度：medium。,final_dispatch,,,0,0,0,1,1,0,official_tso_archive,https://t.me/s/Ukrenergo?before=3012,,,,,,MR20241210_REGULATOR_ACTUAL_VS_PLAN,官方能够确认计划限电/小时停电表在该时段生效，但未可靠恢复全国同时启用的队列数量，因此 queue_count 留空，避免伪造强度。 置信度：medium。【置信度：medium】,confirmed,national,GPV,primary,5,not_populated,planned_or_final_dispatch,v3.0
R20240627_NAT_001,2024-06-27,ALL,,Ukrenergo,national,household_general,hourly_schedule,,,2024-06-27 00:00:00+03:00,2024-06-28 00:00:00+03:00,,,2024-06-26 21:00:00+00:00,2024-06-27 21:00:00+00:00,,,Europe/Kyiv,dispatch_confirmed,medium,官方能够确认计划限电/小时停电表在该时段生效，但未可靠恢复全国同时启用的队列数量，因此 queue_count 留空，避免伪造强度。 置信度：medium。,final_dispatch,,,0,0,0,1,1,0,official_tso_archive,https://t.me/s/Ukrenergo?before=3012,,,,,,MR20241210_REGULATOR_ACTUAL_VS_PLAN,官方能够确认计划限电/小时停电表在该时段生效，但未可靠恢复全国同时启用的队列数量，因此 queue_count 留空，避免伪造强度。 置信度：medium。【置信度：medium】,confirmed,national,GPV,primary,5,not_populated,planned_or_final_dispatch,v3.0
R20240628_NAT_001,2024-06-28,ALL,,Ukrenergo,national,household_general,hourly_schedule,,,2024-06-28 00:00:00+03:00,2024-06-29 00:00:00+03:00,,,2024-06-27 21:00:00+00:00,2024-06-28 21:00:00+00:00,,,Europe/Kyiv,dispatch_confirmed,medium,官方能够确认计划限电/小时停电表在该时段生效，但未可靠恢复全国同时启用的队列数量，因此 queue_count 留空，避免伪造强度。 置信度：medium。,final_dispatch,,,0,0,0,0,1,0,official_tso_archive,https://t.me/s/Ukrenergo?before=3012,,,,,,MR20241210_REGULATOR_ACTUAL_VS_PLAN,官方能够确认计划限电/小时停电表在该时段生效，但未可靠恢复全国同时启用的队列数量，因此 queue_count 留空，避免伪造强度。 置信度：medium。【置信度：medium】,confirmed,national,GPV,primary,5,not_populated,planned_or_final_dispatch,v3.0
R20240629_NAT_001,2024-06-29,ALL,,Ukrenergo,national,household_general,hourly_schedule,,,2024-06-29 00:00:00+03:00,2024-06-30 00:00:00+03:00,,,2024-06-28 21:00:00+00:00,2024-06-29 21:00:00+00:00,,,Europe/Kyiv,dispatch_confirmed,medium,官方能够确认计划限电/小时停电表在该时段生效，但未可靠恢复全国同时启用的队列数量，因此 queue_count 留空，避免伪造强度。 置信度：medium。,final_dispatch,,,0,0,0,0,1,0,official_tso_archive,https://t.me/s/Ukrenergo?before=3012,,,,,,MR20241210_REGULATOR_ACTUAL_VS_PLAN,官方能够确认计划限电/小时停电表在该时段生效，但未可靠恢复全国同时启用的队列数量，因此 queue_count 留空，避免伪造强度。 置信度：medium。【置信度：medium】,confirmed,national,GPV,primary,5,not_populated,planned_or_final_dispatch,v3.0
R20240630_NAT_001,2024-06-30,ALL,,Ukrenergo,national,household_general,hourly_schedule,,,2024-06-30 00:00:00+03:00,2024-07-01 00:00:00+03:00,,,2024-06-29 21:00:00+00:00,2024-06-30 21:00:00+00:00,,,Europe/Kyiv,dispatch_confirmed,medium,官方能够确认计划限电/小时停电表在该时段生效，但未可靠恢复全国同时启用的队列数量，因此 queue_count 留空，避免伪造强度。 置信度：medium。,final_dispatch,,,0,0,0,0,1,0,official_tso_archive,https://t.me/s/Ukrenergo?before=3012,,,,,,MR20241210_REGULATOR_ACTUAL_VS_PLAN,官方能够确认计划限电/小时停电表在该时段生效，但未可靠恢复全国同时启用的队列数量，因此 queue_count 留空，避免伪造强度。 置信度：medium。【置信度：medium】,confirmed,national,GPV,primary,5,not_populated,planned_or_final_dispatch,v3.0
R20240701_NAT_001,2024-07-01,ALL,,Ukrenergo,national,household_general,hourly_schedule,,,2024-07-01 00:00:00+03:00,2024-07-02 00:00:00+03:00,,,2024-06-30 21:00:00+00:00,2024-07-01 21:00:00+00:00,,,Europe/Kyiv,partial,high,官方能够确认计划限电/小时停电表在该时段生效，但未可靠恢复全国同时启用的队列数量，因此 queue_count 留空，避免伪造强度。 置信度：high。,final_dispatch,,,0,0,0,0,1,0,official_tso_archive,https://t.me/s/Ukrenergo?before=3035,,,,,,MR20241210_REGULATOR_ACTUAL_VS_PLAN,官方能够确认计划限电/小时停电表在该时段生效，但未可靠恢复全国同时启用的队列数量，因此 queue_count 留空，避免伪造强度。 置信度：high。【置信度：high】,partial,national,GPV,primary,5,not_populated,planned_or_final_dispatch,v3.0
R20240702_NAT_001,2024-07-02,ALL,,Ukrenergo,national,household_general,hourly_schedule,3,,2024-07-02 00:00:00+03:00,2024-07-02 10:00:00+03:00,,,2024-07-01 21:00:00+00:00,2024-07-02 07:00:00+00:00,,,Europe/Kyiv,dispatch_confirmed,high,国家/地区调度要求该时段同时启用 3 个轮换队列；按 Ukrenergo 的解释，3 个队列约对应每个地区一半非关键用户同时处于轮换限制范围。这表示调度强度，不等同于某个具体地址必然断电。 置信度：high。,final_dispatch,,,0,0,0,0,1,0,official_tso_archive,https://t.me/s/Ukrenergo?before=3035,,,,,,MR20241210_REGULATOR_ACTUAL_VS_PLAN,国家/地区调度要求该时段同时启用 3 个轮换队列；按 Ukrenergo 的解释，3 个队列约对应每个地区一半非关键用户同时处于轮换限制范围。这表示调度强度，不等同于某个具体地址必然断电。 置信度：high。【置信度：high】,confirmed,national,GPV,primary,5,not_populated,planned_or_final_dispatch,v3.0
R20240702_NAT_002,2024-07-02,ALL,,Ukrenergo,national,household_general,hourly_schedule,2,,2024-07-02 10:00:00+03:00,2024-07-02 13:00:00+03:00,,,2024-07-02 07:00:00+00:00,2024-07-02 10:00:00+00:00,,,Europe/Kyiv,dispatch_confirmed,high,国家/地区调度要求该时段同时启用 2 个轮换队列。这表示调度强度，不等同于某个具体地址必然断电。 置信度：high。,final_dispatch,,,0,0,0,0,1,0,official_tso_archive,https://t.me/s/Ukrenergo?before=3035,,,,,,MR20241210_REGULATOR_ACTUAL_VS_PLAN,国家/地区调度要求该时段同时启用 2 个轮换队列。这表示调度强度，不等同于某个具体地址必然断电。 置信度：high。【置信度：high】,confirmed,national,GPV,primary,5,not_populated,planned_or_final_dispatch,v3.0
R20240702_NAT_003,2024-07-02,ALL,,Ukrenergo,national,household_general,hourly_schedule,3,,2024-07-02 13:00:00+03:00,2024-07-03 00:00:00+03:00,,,2024-07-02 10:00:00+00:00,2024-07-02 21:00:00+00:00,,,Europe/Kyiv,dispatch_confirmed,high,国家/地区调度要求该时段同时启用 3 个轮换队列；按 Ukrenergo 的解释，3 个队列约对应每个地区一半非关键用户同时处于轮换限制范围。这表示调度强度，不等同于某个具体地址必然断电。 置信度：high。,final_dispatch,,,0,0,0,0,1,0,official_tso_archive,https://t.me/s/Ukrenergo?before=3035,,,,,,MR20241210_REGULATOR_ACTUAL_VS_PLAN,国家/地区调度要求该时段同时启用 3 个轮换队列；按 Ukrenergo 的解释，3 个队列约对应每个地区一半非关键用户同时处于轮换限制范围。这表示调度强度，不等同于某个具体地址必然断电。 置信度：high。【置信度：high】,confirmed,national,GPV,primary,5,not_populated,planned_or_final_dispatch,v3.0
R20240703_NAT_001,2024-07-03,ALL,,Ukrenergo,national,household_general,hourly_schedule,3,,2024-07-03 00:00:00+03:00,2024-07-03 08:00:00+03:00,,,2024-07-02 21:00:00+00:00,2024-07-03 05:00:00+00:00,,,Europe/Kyiv,dispatch_confirmed,high,国家/地区调度要求该时段同时启用 3 个轮换队列；按 Ukrenergo 的解释，3 个队列约对应每个地区一半非关键用户同时处于轮换限制范围。这表示调度强度，不等同于某个具体地址必然断电。 置信度：high。,final_dispatch,,,0,0,0,0,1,0,official_tso_archive,https://t.me/s/Ukrenergo?before=3035,,,,,,MR20241210_REGULATOR_ACTUAL_VS_PLAN,国家/地区调度要求该时段同时启用 3 个轮换队列；按 Ukrenergo 的解释，3 个队列约对应每个地区一半非关键用户同时处于轮换限制范围。这表示调度强度，不等同于某个具体地址必然断电。 置信度：high。【置信度：high】,confirmed,national,GPV,primary,5,not_populated,planned_or_final_dispatch,v3.0
R20240703_NAT_002,2024-07-03,ALL,,Ukrenergo,national,household_general,hourly_schedule,2,,2024-07-03 08:00:00+03:00,2024-07-03 13:00:00+03:00,,,2024-07-03 05:00:00+00:00,2024-07-03 10:00:00+00:00,,,Europe/Kyiv,dispatch_confirmed,high,国家/地区调度要求该时段同时启用 2 个轮换队列。这表示调度强度，不等同于某个具体地址必然断电。 置信度：high。,final_dispatch,,,0,0,0,0,1,0,official_tso_archive,https://t.me/s/Ukrenergo?before=3035,,,,,,MR20241210_REGULATOR_ACTUAL_VS_PLAN,国家/地区调度要求该时段同时启用 2 个轮换队列。这表示调度强度，不等同于某个具体地址必然断电。 置信度：high。【置信度：high】,confirmed,national,GPV,primary,5,not_populated,planned_or_final_dispatch,v3.0
R20240703_NAT_003,2024-07-03,ALL,,Ukrenergo,national,household_general,hourly_schedule,3,,2024-07-03 13:00:00+03:00,2024-07-04 00:00:00+03:00,,,2024-07-03 10:00:00+00:00,2024-07-03 21:00:00+00:00,,,Europe/Kyiv,dispatch_confirmed,high,国家/地区调度要求该时段同时启用 3 个轮换队列；按 Ukrenergo 的解释，3 个队列约对应每个地区一半非关键用户同时处于轮换限制范围。这表示调度强度，不等同于某个具体地址必然断电。 置信度：high。,final_dispatch,,,0,0,0,0,1,0,official_tso_archive,https://t.me/s/Ukrenergo?before=3035,,,,,,MR20241210_REGULATOR_ACTUAL_VS_PLAN,国家/地区调度要求该时段同时启用 3 个轮换队列；按 Ukrenergo 的解释，3 个队列约对应每个地区一半非关键用户同时处于轮换限制范围。这表示调度强度，不等同于某个具体地址必然断电。 置信度：high。【置信度：high】,confirmed,national,GPV,primary,5,not_populated,planned_or_final_dispatch,v3.0
R20240704_NAT_001,2024-07-04,ALL,,Ukrenergo,national,household_general,hourly_schedule,3,,2024-07-04 00:00:00+03:00,2024-07-04 07:00:00+03:00,,,2024-07-03 21:00:00+00:00,2024-07-04 04:00:00+00:00,,,Europe/Kyiv,dispatch_confirmed,high,国家/地区调度要求该时段同时启用 3 个轮换队列；按 Ukrenergo 的解释，3 个队列约对应每个地区一半非关键用户同时处于轮换限制范围。这表示调度强度，不等同于某个具体地址必然断电。 置信度：high。,final_dispatch,,,0,0,0,0,1,0,official_tso_archive,https://t.me/s/Ukrenergo?before=3035,,,,,,MR20241210_REGULATOR_ACTUAL_VS_PLAN,国家/地区调度要求该时段同时启用 3 个轮换队列；按 Ukrenergo 的解释，3 个队列约对应每个地区一半非关键用户同时处于轮换限制范围。这表示调度强度，不等同于某个具体地址必然断电。 置信度：high。【置信度：high】,confirmed,national,GPV,primary,5,not_populated,planned_or_final_dispatch,v3.0
R20240704_NAT_002,2024-07-04,ALL,,Ukrenergo,national,household_general,hourly_schedule,2,,2024-07-04 07:00:00+03:00,2024-07-04 13:00:00+03:00,,,2024-07-04 04:00:00+00:00,2024-07-04 10:00:00+00:00,,,Europe/Kyiv,dispatch_confirmed,high,国家/地区调度要求该时段同时启用 2 个轮换队列。这表示调度强度，不等同于某个具体地址必然断电。 置信度：high。,final_dispatch,,,0,0,0,0,1,0,official_tso_archive,https://t.me/s/Ukrenergo?before=3035,,,,,,MR20241210_REGULATOR_ACTUAL_VS_PLAN,国家/地区调度要求该时段同时启用 2 个轮换队列。这表示调度强度，不等同于某个具体地址必然断电。 置信度：high。【置信度：high】,confirmed,national,GPV,primary,5,not_populated,planned_or_final_dispatch,v3.0
R20240704_NAT_003,2024-07-04,ALL,,Ukrenergo,national,household_general,hourly_schedule,3,,2024-07-04 13:00:00+03:00,2024-07-04 23:00:00+03:00,,,2024-07-04 10:00:00+00:00,2024-07-04 20:00:00+00:00,,,Europe/Kyiv,dispatch_confirmed,high,国家/地区调度要求该时段同时启用 3 个轮换队列；按 Ukrenergo 的解释，3 个队列约对应每个地区一半非关键用户同时处于轮换限制范围。这表示调度强度，不等同于某个具体地址必然断电。 置信度：high。,final_dispatch,,,0,0,0,0,1,0,official_tso_archive,https://t.me/s/Ukrenergo?before=3035,,,,,,MR20241210_REGULATOR_ACTUAL_VS_PLAN,国家/地区调度要求该时段同时启用 3 个轮换队列；按 Ukrenergo 的解释，3 个队列约对应每个地区一半非关键用户同时处于轮换限制范围。这表示调度强度，不等同于某个具体地址必然断电。 置信度：high。【置信度：high】,confirmed,national,GPV,primary,5,not_populated,planned_or_final_dispatch,v3.0
R20240704_NAT_004,2024-07-04,ALL,,Ukrenergo,national,household_general,hourly_schedule,2,,2024-07-04 23:00:00+03:00,2024-07-05 00:00:00+03:00,,,2024-07-04 20:00:00+00:00,2024-07-04 21:00:00+00:00,,,Europe/Kyiv,dispatch_confirmed,high,国家/地区调度要求该时段同时启用 2 个轮换队列。这表示调度强度，不等同于某个具体地址必然断电。 置信度：high。,final_dispatch,,,0,0,0,0,1,0,official_tso_archive,https://t.me/s/Ukrenergo?before=3035,,,,,,MR20241210_REGULATOR_ACTUAL_VS_PLAN,国家/地区调度要求该时段同时启用 2 个轮换队列。这表示调度强度，不等同于某个具体地址必然断电。 置信度：high。【置信度：high】,confirmed,national,GPV,primary,5,not_populated,planned_or_final_dispatch,v3.0
R20240705_NAT_001,2024-07-05,ALL,,Ukrenergo,national,household_general,hourly_schedule,3,,2024-07-05 00:00:00+03:00,2024-07-05 11:00:00+03:00,,,2024-07-04 21:00:00+00:00,2024-07-05 08:00:00+00:00,,,Europe/Kyiv,dispatch_confirmed,high,国家/地区调度要求该时段同时启用 3 个轮换队列；按 Ukrenergo 的解释，3 个队列约对应每个地区一半非关键用户同时处于轮换限制范围。这表示调度强度，不等同于某个具体地址必然断电。 置信度：high。,final_dispatch,,,0,0,0,0,1,0,official_tso_archive,https://t.me/s/Ukrenergo?before=3035,,,,,,MR20241210_REGULATOR_ACTUAL_VS_PLAN,国家/地区调度要求该时段同时启用 3 个轮换队列；按 Ukrenergo 的解释，3 个队列约对应每个地区一半非关键用户同时处于轮换限制范围。这表示调度强度，不等同于某个具体地址必然断电。 置信度：high。【置信度：high】,confirmed,national,GPV,primary,5,not_populated,planned_or_final_dispatch,v3.0
R20240705_NAT_002,2024-07-05,ALL,,Ukrenergo,national,household_general,hourly_schedule,2,,2024-07-05 11:00:00+03:00,2024-07-05 15:00:00+03:00,,,2024-07-05 08:00:00+00:00,2024-07-05 12:00:00+00:00,,,Europe/Kyiv,dispatch_confirmed,high,国家/地区调度要求该时段同时启用 2 个轮换队列。这表示调度强度，不等同于某个具体地址必然断电。 置信度：high。,final_dispatch,,,0,0,0,0,1,0,official_tso_archive,https://t.me/s/Ukrenergo?before=3035,,,,,,MR20241210_REGULATOR_ACTUAL_VS_PLAN,国家/地区调度要求该时段同时启用 2 个轮换队列。这表示调度强度，不等同于某个具体地址必然断电。 置信度：high。【置信度：high】,confirmed,national,GPV,primary,5,not_populated,planned_or_final_dispatch,v3.0
R20240705_NAT_003,2024-07-05,ALL,,Ukrenergo,national,household_general,hourly_schedule,3,,2024-07-05 15:00:00+03:00,2024-07-06 00:00:00+03:00,,,2024-07-05 12:00:00+00:00,2024-07-05 21:00:00+00:00,,,Europe/Kyiv,dispatch_confirmed,high,国家/地区调度要求该时段同时启用 3 个轮换队列；按 Ukrenergo 的解释，3 个队列约对应每个地区一半非关键用户同时处于轮换限制范围。这表示调度强度，不等同于某个具体地址必然断电。 置信度：high。,final_dispatch,,,0,0,0,0,1,0,official_tso_archive,https://t.me/s/Ukrenergo?before=3035,,,,,,MR20241210_REGULATOR_ACTUAL_VS_PLAN,国家/地区调度要求该时段同时启用 3 个轮换队列；按 Ukrenergo 的解释，3 个队列约对应每个地区一半非关键用户同时处于轮换限制范围。这表示调度强度，不等同于某个具体地址必然断电。 置信度：high。【置信度：high】,confirmed,national,GPV,primary,5,not_populated,planned_or_final_dispatch,v3.0
R20240706_NAT_001,2024-07-06,ALL,,Ukrenergo,national,household_general,hourly_schedule,2,,2024-07-06 00:00:00+03:00,2024-07-06 17:00:00+03:00,,,2024-07-05 21:00:00+00:00,2024-07-06 14:00:00+00:00,,,Europe/Kyiv,dispatch_confirmed,high,国家/地区调度要求该时段同时启用 2 个轮换队列。这表示调度强度，不等同于某个具体地址必然断电。 置信度：high。,final_dispatch,,,0,0,0,0,1,0,official_tso_archive,https://t.me/s/Ukrenergo?before=3035,,regional,Sumy Oblast,KE20240706_SUMY_ATTACK,,MR20241210_REGULATOR_ACTUAL_VS_PLAN,国家/地区调度要求该时段同时启用 2 个轮换队列。这表示调度强度，不等同于某个具体地址必然断电。 置信度：high。【置信度：high】,confirmed,national,GPV,primary,5,not_populated,planned_or_final_dispatch,v3.0
R20240706_LVIVOBLA_001,2024-07-06,Lviv Oblast,,Lvivoblenergo,oblast,household_general,hourly_schedule,,ALL,2024-07-06 15:00:00+03:00,2024-07-06 18:00:00+03:00,,,2024-07-06 12:00:00+00:00,2024-07-06 15:00:00+00:00,,,Europe/Kyiv,cancelled,high,Lvivoblenergo 同日公告取消 15:00–18:00 的计划停电。该记录说明国家层计划不能直接当作州级实际执行。 置信度：high。,final_day_update,,,0,0,0,0,1,0,official_dso,https://t.me/s/lvivoblenergo?before=2072,,regional,Sumy Oblast,KE20240706_SUMY_ATTACK,,MR20241210_REGULATOR_ACTUAL_VS_PLAN,Lvivoblenergo 同日公告取消 15:00–18:00 的计划停电。该记录说明国家层计划不能直接当作州级实际执行。 置信度：high。【置信度：high】,cancelled,oblast,GPV,primary,5,not_populated,planned_or_final_dispatch,v3.0
R20240706_NAT_002,2024-07-06,ALL,,Ukrenergo,national,household_general,hourly_schedule,3,,2024-07-06 17:00:00+03:00,2024-07-06 22:00:00+03:00,,,2024-07-06 14:00:00+00:00,2024-07-06 19:00:00+00:00,,,Europe/Kyiv,dispatch_confirmed,high,国家/地区调度要求该时段同时启用 3 个轮换队列；按 Ukrenergo 的解释，3 个队列约对应每个地区一半非关键用户同时处于轮换限制范围。这表示调度强度，不等同于某个具体地址必然断电。 置信度：high。,final_dispatch,,,0,0,0,0,1,0,official_tso_archive,https://t.me/s/Ukrenergo?before=3035,,regional,Sumy Oblast,KE20240706_SUMY_ATTACK,,MR20241210_REGULATOR_ACTUAL_VS_PLAN,国家/地区调度要求该时段同时启用 3 个轮换队列；按 Ukrenergo 的解释，3 个队列约对应每个地区一半非关键用户同时处于轮换限制范围。这表示调度强度，不等同于某个具体地址必然断电。 置信度：high。【置信度：high】,confirmed,national,GPV,primary,5,not_populated,planned_or_final_dispatch,v3.0
R20240706_NAT_003,2024-07-06,ALL,,Ukrenergo,national,household_general,hourly_schedule,2,,2024-07-06 22:00:00+03:00,2024-07-07 00:00:00+03:00,,,2024-07-06 19:00:00+00:00,2024-07-06 21:00:00+00:00,,,Europe/Kyiv,dispatch_confirmed,high,国家/地区调度要求该时段同时启用 2 个轮换队列。这表示调度强度，不等同于某个具体地址必然断电。 置信度：high。,final_dispatch,,,0,0,0,0,1,0,official_tso_archive,https://t.me/s/Ukrenergo?before=3035,,regional,Sumy Oblast,KE20240706_SUMY_ATTACK,,MR20241210_REGULATOR_ACTUAL_VS_PLAN,国家/地区调度要求该时段同时启用 2 个轮换队列。这表示调度强度，不等同于某个具体地址必然断电。 置信度：high。【置信度：high】,confirmed,national,GPV,primary,5,not_populated,planned_or_final_dispatch,v3.0
R20240707_NAT_001,2024-07-07,ALL,,Ukrenergo,national,household_general,hourly_schedule,2,,2024-07-07 00:00:00+03:00,2024-07-07 07:00:00+03:00,,,2024-07-06 21:00:00+00:00,2024-07-07 04:00:00+00:00,,,Europe/Kyiv,dispatch_confirmed,high,国家/地区调度要求该时段同时启用 2 个轮换队列。这表示调度强度，不等同于某个具体地址必然断电。 置信度：high。,final_dispatch,,,0,0,0,0,1,0,official_tso_archive,https://t.me/s/Ukrenergo?before=3035,,,,,,MR20241210_REGULATOR_ACTUAL_VS_PLAN,国家/地区调度要求该时段同时启用 2 个轮换队列。这表示调度强度，不等同于某个具体地址必然断电。 置信度：high。【置信度：high】,confirmed,national,GPV,primary,5,not_populated,planned_or_final_dispatch,v3.0
R20240707_NAT_002,2024-07-07,ALL,,Ukrenergo,national,household_general,no_restriction,0,,2024-07-07 07:00:00+03:00,2024-07-07 15:00:00+03:00,,,2024-07-07 04:00:00+00:00,2024-07-07 12:00:00+00:00,,,Europe/Kyiv,no_restriction,high,官方明确该时段不执行计划性小时停电，可作为对照窗口；但地方技术故障、战损或临时紧急停电仍可能发生。 置信度：high。,final_dispatch,,,0,0,0,0,1,0,official_tso_archive,https://t.me/s/Ukrenergo?before=3035,,,,,,MR20241210_REGULATOR_ACTUAL_VS_PLAN,官方明确该时段不执行计划性小时停电，可作为对照窗口；但地方技术故障、战损或临时紧急停电仍可能发生。 置信度：high。【置信度：high】,no_restriction,national,no_restriction,primary,5,not_populated,execution_override,v3.0
R20240707_NAT_003,2024-07-07,ALL,,Ukrenergo,national,household_general,hourly_schedule,2,,2024-07-07 15:00:00+03:00,2024-07-08 00:00:00+03:00,,,2024-07-07 12:00:00+00:00,2024-07-07 21:00:00+00:00,,,Europe/Kyiv,dispatch_confirmed,high,国家/地区调度要求该时段同时启用 2 个轮换队列。这表示调度强度，不等同于某个具体地址必然断电。 置信度：high。,final_dispatch,,,0,0,0,0,1,0,official_tso_archive,https://t.me/s/Ukrenergo?before=3035,,,,,,MR20241210_REGULATOR_ACTUAL_VS_PLAN,国家/地区调度要求该时段同时启用 2 个轮换队列。这表示调度强度，不等同于某个具体地址必然断电。 置信度：high。【置信度：high】,confirmed,national,GPV,primary,5,not_populated,planned_or_final_dispatch,v3.0
R20240708_NAT_001,2024-07-08,ALL,,Ukrenergo,national,household_general,hourly_schedule,3,,2024-07-08 00:00:00+03:00,2024-07-08 10:30:00+03:00,,,2024-07-07 21:00:00+00:00,2024-07-08 07:30:00+00:00,,,Europe/Kyiv,dispatch_confirmed,high,国家/地区调度要求该时段同时启用 3 个轮换队列；按 Ukrenergo 的解释，3 个队列约对应每个地区一半非关键用户同时处于轮换限制范围。这表示调度强度，不等同于某个具体地址必然断电。 置信度：high。,final_dispatch,,,0,0,0,0,1,0,official_tso_archive,https://t.me/s/Ukrenergo?before=3035,,,,,,MR20241210_REGULATOR_ACTUAL_VS_PLAN,国家/地区调度要求该时段同时启用 3 个轮换队列；按 Ukrenergo 的解释，3 个队列约对应每个地区一半非关键用户同时处于轮换限制范围。这表示调度强度，不等同于某个具体地址必然断电。 置信度：high。【置信度：high】,confirmed,national,GPV,primary,5,not_populated,planned_or_final_dispatch,v3.0
R20240708_NAT_002,2024-07-08,ALL,,Ukrenergo,national,household_general,no_restriction,0,,2024-07-08 10:30:00+03:00,2024-07-08 14:00:00+03:00,,,2024-07-08 07:30:00+00:00,2024-07-08 11:00:00+00:00,,,Europe/Kyiv,no_restriction,high,官方明确该时段不执行计划性小时停电，可作为对照窗口；但地方技术故障、战损或临时紧急停电仍可能发生。 置信度：high。,final_dispatch,,,0,0,0,0,1,0,official_tso_archive,https://t.me/s/Ukrenergo?before=3035,,,,,,MR20241210_REGULATOR_ACTUAL_VS_PLAN,官方明确该时段不执行计划性小时停电，可作为对照窗口；但地方技术故障、战损或临时紧急停电仍可能发生。 置信度：high。【置信度：high】,no_restriction,national,no_restriction,primary,5,not_populated,execution_override,v3.0
R20240708_NAT_003,2024-07-08,ALL,,Ukrenergo,national,household_general,hourly_schedule,3,,2024-07-08 14:00:00+03:00,2024-07-08 19:00:00+03:00,,,2024-07-08 11:00:00+00:00,2024-07-08 16:00:00+00:00,,,Europe/Kyiv,dispatch_confirmed,high,国家/地区调度要求该时段同时启用 3 个轮换队列；按 Ukrenergo 的解释，3 个队列约对应每个地区一半非关键用户同时处于轮换限制范围。这表示调度强度，不等同于某个具体地址必然断电。 置信度：high。,final_dispatch,,,0,0,0,0,1,0,official_tso_archive,https://t.me/s/Ukrenergo?before=3035,,,,,,MR20241210_REGULATOR_ACTUAL_VS_PLAN,国家/地区调度要求该时段同时启用 3 个轮换队列；按 Ukrenergo 的解释，3 个队列约对应每个地区一半非关键用户同时处于轮换限制范围。这表示调度强度，不等同于某个具体地址必然断电。 置信度：high。【置信度：high】,confirmed,national,GPV,primary,5,not_populated,planned_or_final_dispatch,v3.0
R20240708_NAT_004,2024-07-08,ALL,,Ukrenergo,national,household_general,hourly_schedule,4,,2024-07-08 19:00:00+03:00,2024-07-08 22:00:00+03:00,,,2024-07-08 16:00:00+00:00,2024-07-08 19:00:00+00:00,,,Europe/Kyiv,dispatch_confirmed,high,国家/地区调度要求该时段同时启用 4 个轮换队列；按 Ukrenergo 的解释，4 个队列可对应约 70% 非关键用户处于轮换限制范围。这表示调度强度，不等同于某个具体地址必然断电。 置信度：high。,final_dispatch,,,0,0,0,0,1,0,official_tso_archive,https://t.me/s/Ukrenergo?before=3035,,,,,,MR20241210_REGULATOR_ACTUAL_VS_PLAN,国家/地区调度要求该时段同时启用 4 个轮换队列；按 Ukrenergo 的解释，4 个队列可对应约 70% 非关键用户处于轮换限制范围。这表示调度强度，不等同于某个具体地址必然断电。 置信度：high。【置信度：high】,confirmed,national,GPV,primary,5,not_populated,planned_or_final_dispatch,v3.0
R20240708_NAT_005,2024-07-08,ALL,,Ukrenergo,national,household_general,hourly_schedule,3,,2024-07-08 22:00:00+03:00,2024-07-09 00:00:00+03:00,,,2024-07-08 19:00:00+00:00,2024-07-08 21:00:00+00:00,,,Europe/Kyiv,dispatch_confirmed,high,国家/地区调度要求该时段同时启用 3 个轮换队列；按 Ukrenergo 的解释，3 个队列约对应每个地区一半非关键用户同时处于轮换限制范围。这表示调度强度，不等同于某个具体地址必然断电。 置信度：high。,final_dispatch,,,0,0,0,0,1,0,official_tso_archive,https://t.me/s/Ukrenergo?before=3035,,,,,,MR20241210_REGULATOR_ACTUAL_VS_PLAN,国家/地区调度要求该时段同时启用 3 个轮换队列；按 Ukrenergo 的解释，3 个队列约对应每个地区一半非关键用户同时处于轮换限制范围。这表示调度强度，不等同于某个具体地址必然断电。 置信度：high。【置信度：high】,confirmed,national,GPV,primary,5,not_populated,planned_or_final_dispatch,v3.0
R20240709_NAT_001,2024-07-09,ALL,,Ukrenergo,national,household_general,hourly_schedule,3,,2024-07-09 00:00:00+03:00,2024-07-09 05:00:00+03:00,,,2024-07-08 21:00:00+00:00,2024-07-09 02:00:00+00:00,,,Europe/Kyiv,dispatch_confirmed,medium,国家/地区调度要求该时段同时启用 3 个轮换队列；按 Ukrenergo 的解释，3 个队列约对应每个地区一半非关键用户同时处于轮换限制范围。这表示调度强度，不等同于某个具体地址必然断电。 置信度：medium。,final_dispatch,,,0,0,0,0,1,0,official_tso_archive,https://t.me/s/Ukrenergo?before=3068,,,,,,MR20241210_REGULATOR_ACTUAL_VS_PLAN,国家/地区调度要求该时段同时启用 3 个轮换队列；按 Ukrenergo 的解释，3 个队列约对应每个地区一半非关键用户同时处于轮换限制范围。这表示调度强度，不等同于某个具体地址必然断电。 置信度：medium。【置信度：medium】,confirmed,national,GPV,primary,5,not_populated,planned_or_final_dispatch,v3.0
R20240709_NAT_002,2024-07-09,ALL,,Ukrenergo,national,household_general,hourly_schedule,2,,2024-07-09 05:00:00+03:00,2024-07-09 16:00:00+03:00,,,2024-07-09 02:00:00+00:00,2024-07-09 13:00:00+00:00,,,Europe/Kyiv,dispatch_confirmed,medium,国家/地区调度要求该时段同时启用 2 个轮换队列。这表示调度强度，不等同于某个具体地址必然断电。 置信度：medium。,final_dispatch,,,0,0,0,0,1,0,official_tso_archive,https://t.me/s/Ukrenergo?before=3068,,,,,,MR20241210_REGULATOR_ACTUAL_VS_PLAN,国家/地区调度要求该时段同时启用 2 个轮换队列。这表示调度强度，不等同于某个具体地址必然断电。 置信度：medium。【置信度：medium】,confirmed,national,GPV,primary,5,not_populated,planned_or_final_dispatch,v3.0
R20240709_NAT_003,2024-07-09,ALL,,Ukrenergo,national,household_general,hourly_schedule,3,,2024-07-09 16:00:00+03:00,2024-07-09 19:00:00+03:00,,,2024-07-09 13:00:00+00:00,2024-07-09 16:00:00+00:00,,,Europe/Kyiv,dispatch_confirmed,medium,国家/地区调度要求该时段同时启用 3 个轮换队列；按 Ukrenergo 的解释，3 个队列约对应每个地区一半非关键用户同时处于轮换限制范围。这表示调度强度，不等同于某个具体地址必然断电。 置信度：medium。,final_dispatch,,,0,0,0,0,1,0,official_tso_archive,https://t.me/s/Ukrenergo?before=3068,,,,,,MR20241210_REGULATOR_ACTUAL_VS_PLAN,国家/地区调度要求该时段同时启用 3 个轮换队列；按 Ukrenergo 的解释，3 个队列约对应每个地区一半非关键用户同时处于轮换限制范围。这表示调度强度，不等同于某个具体地址必然断电。 置信度：medium。【置信度：medium】,confirmed,national,GPV,primary,5,not_populated,planned_or_final_dispatch,v3.0
R20240709_NAT_004,2024-07-09,ALL,,Ukrenergo,national,household_general,hourly_schedule,,,2024-07-09 19:00:00+03:00,2024-07-10 00:00:00+03:00,,,2024-07-09 16:00:00+00:00,2024-07-09 21:00:00+00:00,,,Europe/Kyiv,partial,medium,官方能够确认计划限电/小时停电表在该时段生效，但未可靠恢复全国同时启用的队列数量，因此 queue_count 留空，避免伪造强度。 置信度：medium。,final_dispatch,,,0,0,0,0,1,0,official_tso_archive,https://t.me/s/Ukrenergo?before=3068,,,,,,MR20241210_REGULATOR_ACTUAL_VS_PLAN,官方能够确认计划限电/小时停电表在该时段生效，但未可靠恢复全国同时启用的队列数量，因此 queue_count 留空，避免伪造强度。 置信度：medium。【置信度：medium】,partial,national,GPV,primary,5,not_populated,planned_or_final_dispatch,v3.0
R20240710_NAT_001,2024-07-10,ALL,,Ukrenergo,national,household_general,hourly_schedule,3,,2024-07-10 00:00:00+03:00,2024-07-10 01:00:00+03:00,,,2024-07-09 21:00:00+00:00,2024-07-09 22:00:00+00:00,,,Europe/Kyiv,dispatch_confirmed,high,国家/地区调度要求该时段同时启用 3 个轮换队列；按 Ukrenergo 的解释，3 个队列约对应每个地区一半非关键用户同时处于轮换限制范围。这表示调度强度，不等同于某个具体地址必然断电。 置信度：high。,final_dispatch,,,0,0,0,0,1,0,official_tso_archive,https://t.me/s/Ukrenergo?before=3068,,,,,,MR20241210_REGULATOR_ACTUAL_VS_PLAN,国家/地区调度要求该时段同时启用 3 个轮换队列；按 Ukrenergo 的解释，3 个队列约对应每个地区一半非关键用户同时处于轮换限制范围。这表示调度强度，不等同于某个具体地址必然断电。 置信度：high。【置信度：high】,confirmed,national,GPV,primary,5,not_populated,planned_or_final_dispatch,v3.0
R20240710_NAT_002,2024-07-10,ALL,,Ukrenergo,national,household_general,hourly_schedule,2,,2024-07-10 01:00:00+03:00,2024-07-10 06:00:00+03:00,,,2024-07-09 22:00:00+00:00,2024-07-10 03:00:00+00:00,,,Europe/Kyiv,dispatch_confirmed,high,国家/地区调度要求该时段同时启用 2 个轮换队列。这表示调度强度，不等同于某个具体地址必然断电。 置信度：high。,final_dispatch,,,0,0,0,0,1,0,official_tso_archive,https://t.me/s/Ukrenergo?before=3068,,,,,,MR20241210_REGULATOR_ACTUAL_VS_PLAN,国家/地区调度要求该时段同时启用 2 个轮换队列。这表示调度强度，不等同于某个具体地址必然断电。 置信度：high。【置信度：high】,confirmed,national,GPV,primary,5,not_populated,planned_or_final_dispatch,v3.0
R20240710_NAT_003,2024-07-10,ALL,,Ukrenergo,national,household_general,hourly_schedule,3,,2024-07-10 06:00:00+03:00,2024-07-10 10:00:00+03:00,,,2024-07-10 03:00:00+00:00,2024-07-10 07:00:00+00:00,,,Europe/Kyiv,dispatch_confirmed,high,国家/地区调度要求该时段同时启用 3 个轮换队列；按 Ukrenergo 的解释，3 个队列约对应每个地区一半非关键用户同时处于轮换限制范围。这表示调度强度，不等同于某个具体地址必然断电。 置信度：high。,final_dispatch,,,0,0,0,0,1,0,official_tso_archive,https://t.me/s/Ukrenergo?before=3068,,,,,,MR20241210_REGULATOR_ACTUAL_VS_PLAN,国家/地区调度要求该时段同时启用 3 个轮换队列；按 Ukrenergo 的解释，3 个队列约对应每个地区一半非关键用户同时处于轮换限制范围。这表示调度强度，不等同于某个具体地址必然断电。 置信度：high。【置信度：high】,confirmed,national,GPV,primary,5,not_populated,planned_or_final_dispatch,v3.0
R20240710_NAT_004,2024-07-10,ALL,,Ukrenergo,national,household_general,hourly_schedule,2,,2024-07-10 10:00:00+03:00,2024-07-10 13:00:00+03:00,,,2024-07-10 07:00:00+00:00,2024-07-10 10:00:00+00:00,,,Europe/Kyiv,dispatch_confirmed,high,国家/地区调度要求该时段同时启用 2 个轮换队列。这表示调度强度，不等同于某个具体地址必然断电。 置信度：high。,final_dispatch,,,0,0,0,0,1,0,official_tso_archive,https://t.me/s/Ukrenergo?before=3068,,,,,,MR20241210_REGULATOR_ACTUAL_VS_PLAN,国家/地区调度要求该时段同时启用 2 个轮换队列。这表示调度强度，不等同于某个具体地址必然断电。 置信度：high。【置信度：high】,confirmed,national,GPV,primary,5,not_populated,planned_or_final_dispatch,v3.0
R20240710_NAT_005,2024-07-10,ALL,,Ukrenergo,national,household_general,hourly_schedule,3,,2024-07-10 13:00:00+03:00,2024-07-11 00:00:00+03:00,,,2024-07-10 10:00:00+00:00,2024-07-10 21:00:00+00:00,,,Europe/Kyiv,dispatch_confirmed,high,国家/地区调度要求该时段同时启用 3 个轮换队列；按 Ukrenergo 的解释，3 个队列约对应每个地区一半非关键用户同时处于轮换限制范围。这表示调度强度，不等同于某个具体地址必然断电。 置信度：high。,final_dispatch,,,0,0,0,0,1,0,official_tso_archive,https://t.me/s/Ukrenergo?before=3068,,,,,,MR20241210_REGULATOR_ACTUAL_VS_PLAN,国家/地区调度要求该时段同时启用 3 个轮换队列；按 Ukrenergo 的解释，3 个队列约对应每个地区一半非关键用户同时处于轮换限制范围。这表示调度强度，不等同于某个具体地址必然断电。 置信度：high。【置信度：high】,confirmed,national,GPV,primary,5,not_populated,planned_or_final_dispatch,v3.0
R20240711_NAT_001,2024-07-11,ALL,,Ukrenergo,national,household_general,hourly_schedule,3,,2024-07-11 00:00:00+03:00,2024-07-11 16:00:00+03:00,,,2024-07-10 21:00:00+00:00,2024-07-11 13:00:00+00:00,,,Europe/Kyiv,dispatch_confirmed,high,国家/地区调度要求该时段同时启用 3 个轮换队列；按 Ukrenergo 的解释，3 个队列约对应每个地区一半非关键用户同时处于轮换限制范围。这表示调度强度，不等同于某个具体地址必然断电。 置信度：high。,final_dispatch,,,0,0,0,0,1,0,official_tso_archive,https://t.me/s/Ukrenergo?before=3068,,,,,,MR20241210_REGULATOR_ACTUAL_VS_PLAN,国家/地区调度要求该时段同时启用 3 个轮换队列；按 Ukrenergo 的解释，3 个队列约对应每个地区一半非关键用户同时处于轮换限制范围。这表示调度强度，不等同于某个具体地址必然断电。 置信度：high。【置信度：high】,confirmed,national,GPV,primary,5,not_populated,planned_or_final_dispatch,v3.0
R20240711_NAT_002,2024-07-11,ALL,,Ukrenergo,national,household_general,hourly_schedule,4,,2024-07-11 16:00:00+03:00,2024-07-11 23:00:00+03:00,,,2024-07-11 13:00:00+00:00,2024-07-11 20:00:00+00:00,,,Europe/Kyiv,dispatch_confirmed,high,国家/地区调度要求该时段同时启用 4 个轮换队列；按 Ukrenergo 的解释，4 个队列可对应约 70% 非关键用户处于轮换限制范围。这表示调度强度，不等同于某个具体地址必然断电。 置信度：high。,final_dispatch,,,0,0,0,0,1,0,official_tso_archive,https://t.me/s/Ukrenergo?before=3068,,,,,,MR20241210_REGULATOR_ACTUAL_VS_PLAN,国家/地区调度要求该时段同时启用 4 个轮换队列；按 Ukrenergo 的解释，4 个队列可对应约 70% 非关键用户处于轮换限制范围。这表示调度强度，不等同于某个具体地址必然断电。 置信度：high。【置信度：high】,confirmed,national,GPV,primary,5,not_populated,planned_or_final_dispatch,v3.0
R20240711_NAT_003,2024-07-11,ALL,,Ukrenergo,national,household_general,hourly_schedule,3,,2024-07-11 23:00:00+03:00,2024-07-12 00:00:00+03:00,,,2024-07-11 20:00:00+00:00,2024-07-11 21:00:00+00:00,,,Europe/Kyiv,dispatch_confirmed,high,国家/地区调度要求该时段同时启用 3 个轮换队列；按 Ukrenergo 的解释，3 个队列约对应每个地区一半非关键用户同时处于轮换限制范围。这表示调度强度，不等同于某个具体地址必然断电。 置信度：high。,final_dispatch,,,0,0,0,0,1,0,official_tso_archive,https://t.me/s/Ukrenergo?before=3068,,,,,,MR20241210_REGULATOR_ACTUAL_VS_PLAN,国家/地区调度要求该时段同时启用 3 个轮换队列；按 Ukrenergo 的解释，3 个队列约对应每个地区一半非关键用户同时处于轮换限制范围。这表示调度强度，不等同于某个具体地址必然断电。 置信度：high。【置信度：high】,confirmed,national,GPV,primary,5,not_populated,planned_or_final_dispatch,v3.0
R20240712_NAT_001,2024-07-12,ALL,,Ukrenergo,national,household_general,hourly_schedule,3,,2024-07-12 00:00:00+03:00,2024-07-12 14:00:00+03:00,,,2024-07-11 21:00:00+00:00,2024-07-12 11:00:00+00:00,,,Europe/Kyiv,dispatch_confirmed,high,国家/地区调度要求该时段同时启用 3 个轮换队列；按 Ukrenergo 的解释，3 个队列约对应每个地区一半非关键用户同时处于轮换限制范围。这表示调度强度，不等同于某个具体地址必然断电。 置信度：high。,final_dispatch,,,0,0,0,0,1,1,official_tso,https://t.me/s/Ukrenergo/3042,,,,,,MR20241210_REGULATOR_ACTUAL_VS_PLAN,国家/地区调度要求该时段同时启用 3 个轮换队列；按 Ukrenergo 的解释，3 个队列约对应每个地区一半非关键用户同时处于轮换限制范围。这表示调度强度，不等同于某个具体地址必然断电。 置信度：high。【置信度：high】,confirmed,national,GPV,primary,5,not_populated,planned_or_final_dispatch,v3.0
R20240712_NAT_002,2024-07-12,ALL,,Ukrenergo,national,household_general,hourly_schedule,4,,2024-07-12 14:00:00+03:00,2024-07-13 00:00:00+03:00,,,2024-07-12 11:00:00+00:00,2024-07-12 21:00:00+00:00,,,Europe/Kyiv,dispatch_confirmed,high,国家/地区调度要求该时段同时启用 4 个轮换队列；按 Ukrenergo 的解释，4 个队列可对应约 70% 非关键用户处于轮换限制范围。这表示调度强度，不等同于某个具体地址必然断电。 置信度：high。,final_dispatch,,,0,0,0,0,1,1,official_tso,https://t.me/s/Ukrenergo/3042,,,,,,MR20241210_REGULATOR_ACTUAL_VS_PLAN,国家/地区调度要求该时段同时启用 4 个轮换队列；按 Ukrenergo 的解释，4 个队列可对应约 70% 非关键用户处于轮换限制范围。这表示调度强度，不等同于某个具体地址必然断电。 置信度：high。【置信度：high】,confirmed,national,GPV,primary,5,not_populated,planned_or_final_dispatch,v3.0
R20240713_NAT_001,2024-07-13,ALL,,Ukrenergo,national,household_general,hourly_schedule,3,,2024-07-13 00:00:00+03:00,2024-07-13 06:00:00+03:00,,,2024-07-12 21:00:00+00:00,2024-07-13 03:00:00+00:00,,,Europe/Kyiv,dispatch_confirmed,high,国家/地区调度要求该时段同时启用 3 个轮换队列；按 Ukrenergo 的解释，3 个队列约对应每个地区一半非关键用户同时处于轮换限制范围。这表示调度强度，不等同于某个具体地址必然断电。 置信度：high。,final_dispatch,,,0,0,0,0,1,0,official_tso_archive,https://t.me/s/Ukrenergo?before=3068,,,,,,MR20241210_REGULATOR_ACTUAL_VS_PLAN,国家/地区调度要求该时段同时启用 3 个轮换队列；按 Ukrenergo 的解释，3 个队列约对应每个地区一半非关键用户同时处于轮换限制范围。这表示调度强度，不等同于某个具体地址必然断电。 置信度：high。【置信度：high】,confirmed,national,GPV,primary,5,not_populated,planned_or_final_dispatch,v3.0
R20240713_NAT_002,2024-07-13,ALL,,Ukrenergo,national,household_general,hourly_schedule,2,,2024-07-13 06:00:00+03:00,2024-07-13 14:00:00+03:00,,,2024-07-13 03:00:00+00:00,2024-07-13 11:00:00+00:00,,,Europe/Kyiv,dispatch_confirmed,high,国家/地区调度要求该时段同时启用 2 个轮换队列。这表示调度强度，不等同于某个具体地址必然断电。 置信度：high。,final_dispatch,,,0,0,0,0,1,0,official_tso_archive,https://t.me/s/Ukrenergo?before=3068,,,,,,MR20241210_REGULATOR_ACTUAL_VS_PLAN,国家/地区调度要求该时段同时启用 2 个轮换队列。这表示调度强度，不等同于某个具体地址必然断电。 置信度：high。【置信度：high】,confirmed,national,GPV,primary,5,not_populated,planned_or_final_dispatch,v3.0
R20240713_NAT_003,2024-07-13,ALL,,Ukrenergo,national,household_general,hourly_schedule,3,,2024-07-13 14:00:00+03:00,2024-07-14 00:00:00+03:00,,,2024-07-13 11:00:00+00:00,2024-07-13 21:00:00+00:00,,,Europe/Kyiv,dispatch_confirmed,high,国家/地区调度要求该时段同时启用 3 个轮换队列；按 Ukrenergo 的解释，3 个队列约对应每个地区一半非关键用户同时处于轮换限制范围。这表示调度强度，不等同于某个具体地址必然断电。 置信度：high。,final_dispatch,,,0,0,0,0,1,0,official_tso_archive,https://t.me/s/Ukrenergo?before=3068,,,,,,MR20241210_REGULATOR_ACTUAL_VS_PLAN,国家/地区调度要求该时段同时启用 3 个轮换队列；按 Ukrenergo 的解释，3 个队列约对应每个地区一半非关键用户同时处于轮换限制范围。这表示调度强度，不等同于某个具体地址必然断电。 置信度：high。【置信度：high】,confirmed,national,GPV,primary,5,not_populated,planned_or_final_dispatch,v3.0
R20240714_NAT_001,2024-07-14,ALL,,Ukrenergo,national,household_general,hourly_schedule,3,,2024-07-14 00:00:00+03:00,2024-07-14 07:00:00+03:00,,,2024-07-13 21:00:00+00:00,2024-07-14 04:00:00+00:00,,,Europe/Kyiv,dispatch_confirmed,high,国家/地区调度要求该时段同时启用 3 个轮换队列；按 Ukrenergo 的解释，3 个队列约对应每个地区一半非关键用户同时处于轮换限制范围。这表示调度强度，不等同于某个具体地址必然断电。 置信度：high。,final_dispatch,,,0,0,0,0,1,0,official_tso_archive,https://t.me/s/Ukrenergo?before=3068,,,,,,MR20241210_REGULATOR_ACTUAL_VS_PLAN,国家/地区调度要求该时段同时启用 3 个轮换队列；按 Ukrenergo 的解释，3 个队列约对应每个地区一半非关键用户同时处于轮换限制范围。这表示调度强度，不等同于某个具体地址必然断电。 置信度：high。【置信度：high】,confirmed,national,GPV,primary,5,not_populated,planned_or_final_dispatch,v3.0
R20240714_NAT_002,2024-07-14,ALL,,Ukrenergo,national,household_general,hourly_schedule,2,,2024-07-14 07:00:00+03:00,2024-07-14 15:00:00+03:00,,,2024-07-14 04:00:00+00:00,2024-07-14 12:00:00+00:00,,,Europe/Kyiv,dispatch_confirmed,high,国家/地区调度要求该时段同时启用 2 个轮换队列。这表示调度强度，不等同于某个具体地址必然断电。 置信度：high。,final_dispatch,,,0,0,0,0,1,0,official_tso_archive,https://t.me/s/Ukrenergo?before=3068,,,,,,MR20241210_REGULATOR_ACTUAL_VS_PLAN,国家/地区调度要求该时段同时启用 2 个轮换队列。这表示调度强度，不等同于某个具体地址必然断电。 置信度：high。【置信度：high】,confirmed,national,GPV,primary,5,not_populated,planned_or_final_dispatch,v3.0
R20240714_NAT_003,2024-07-14,ALL,,Ukrenergo,national,household_general,hourly_schedule,3,,2024-07-14 15:00:00+03:00,2024-07-15 00:00:00+03:00,,,2024-07-14 12:00:00+00:00,2024-07-14 21:00:00+00:00,,,Europe/Kyiv,dispatch_confirmed,high,国家/地区调度要求该时段同时启用 3 个轮换队列；按 Ukrenergo 的解释，3 个队列约对应每个地区一半非关键用户同时处于轮换限制范围。这表示调度强度，不等同于某个具体地址必然断电。 置信度：high。,final_dispatch,,,0,0,0,0,1,0,official_tso_archive,https://t.me/s/Ukrenergo?before=3068,,,,,,MR20241210_REGULATOR_ACTUAL_VS_PLAN,国家/地区调度要求该时段同时启用 3 个轮换队列；按 Ukrenergo 的解释，3 个队列约对应每个地区一半非关键用户同时处于轮换限制范围。这表示调度强度，不等同于某个具体地址必然断电。 置信度：high。【置信度：high】,confirmed,national,GPV,primary,5,not_populated,planned_or_final_dispatch,v3.0
R20240715_NAT_001,2024-07-15,ALL,,Ukrenergo,national,household_general,hourly_schedule,3,,2024-07-15 00:00:00+03:00,2024-07-15 16:00:00+03:00,,,2024-07-14 21:00:00+00:00,2024-07-15 13:00:00+00:00,,,Europe/Kyiv,dispatch_confirmed,high,国家/地区调度要求该时段同时启用 3 个轮换队列；按 Ukrenergo 的解释，3 个队列约对应每个地区一半非关键用户同时处于轮换限制范围。这表示调度强度，不等同于某个具体地址必然断电。 置信度：high。,final_dispatch,,,1,0,0,0,1,0,official_tso_archive,https://t.me/s/Ukrenergo?before=3068,,,,KE20240715_KHARKIV_EMERGENCY,XE20240715_KH_GAV_ACTIVATE_1200|XE20240715_KH_GAV_CANCEL_BY_1814,MR20241210_REGULATOR_ACTUAL_VS_PLAN|MR20260904_PUBLIC_TIMESTAMP_SEMANTICS,国家/地区调度要求该时段同时启用 3 个轮换队列；按 Ukrenergo 的解释，3 个队列约对应每个地区一半非关键用户同时处于轮换限制范围。这表示调度强度，不等同于某个具体地址必然断电。 置信度：high。【置信度：high】,confirmed,national,GPV,primary,5,not_populated,planned_or_final_dispatch,v3.0
R20240715_NAT_002,2024-07-15,ALL,,Ukrenergo,national,household_general,hourly_schedule,4,,2024-07-15 16:00:00+03:00,2024-07-16 00:00:00+03:00,,,2024-07-15 13:00:00+00:00,2024-07-15 21:00:00+00:00,,,Europe/Kyiv,dispatch_confirmed,high,国家/地区调度要求该时段同时启用 4 个轮换队列；按 Ukrenergo 的解释，4 个队列可对应约 70% 非关键用户处于轮换限制范围。这表示调度强度，不等同于某个具体地址必然断电。 置信度：high。,final_dispatch,,,1,0,0,0,1,0,official_tso_archive,https://t.me/s/Ukrenergo?before=3068,,,,KE20240715_KHARKIV_EMERGENCY,XE20240715_KH_GAV_ACTIVATE_1200|XE20240715_KH_GAV_CANCEL_BY_1814,MR20241210_REGULATOR_ACTUAL_VS_PLAN|MR20260904_PUBLIC_TIMESTAMP_SEMANTICS,国家/地区调度要求该时段同时启用 4 个轮换队列；按 Ukrenergo 的解释，4 个队列可对应约 70% 非关键用户处于轮换限制范围。这表示调度强度，不等同于某个具体地址必然断电。 置信度：high。【置信度：high】,confirmed,national,GPV,primary,5,not_populated,planned_or_final_dispatch,v3.0
R20240716_NAT_001,2024-07-16,ALL,,Ukrenergo,national,household_general,hourly_schedule,4,,2024-07-16 00:00:00+03:00,2024-07-17 00:00:00+03:00,,,2024-07-15 21:00:00+00:00,2024-07-16 21:00:00+00:00,,,Europe/Kyiv,dispatch_confirmed,high,国家/地区调度要求该时段同时启用 4 个轮换队列；按 Ukrenergo 的解释，4 个队列可对应约 70% 非关键用户处于轮换限制范围。这表示调度强度，不等同于某个具体地址必然断电。 当天因能源系统设备故障，限制被扩大到四个队列，属于技术故障混杂日。 置信度：high。,final_dispatch,,,0,0,1,0,0,0,official_tso_archive,https://t.me/s/Ukrenergo?before=3082,,national_system,Kharkiv Oblast|Sumy Oblast|Poltava Oblast|Zaporizhzhia Oblast|Donetsk Oblast|Dnipropetrovsk Oblast|Kirovohrad Oblast,KE20240716_EQUIPMENT_FAILURE,,MR20241210_REGULATOR_ACTUAL_VS_PLAN,国家/地区调度要求该时段同时启用 4 个轮换队列；按 Ukrenergo 的解释，4 个队列可对应约 70% 非关键用户处于轮换限制范围。这表示调度强度，不等同于某个具体地址必然断电。 当天因能源系统设备故障，限制被扩大到四个队列，属于技术故障混杂日。 置信度：high。【置信度：high】,confirmed,national,GPV,primary,5,not_populated,planned_or_final_dispatch,v3.0
R20240717_NAT_001,2024-07-17,ALL,,Ukrenergo,national,household_general,hourly_schedule,2,,2024-07-17 00:00:00+03:00,2024-07-17 06:00:00+03:00,,,2024-07-16 21:00:00+00:00,2024-07-17 03:00:00+00:00,,,Europe/Kyiv,dispatch_confirmed,high,国家/地区调度要求该时段同时启用 2 个轮换队列。这表示调度强度，不等同于某个具体地址必然断电。 置信度：high。,final_dispatch,,,0,0,0,0,1,0,official_tso_archive,https://t.me/s/Ukrenergo?before=3082,,,,,,MR20241210_REGULATOR_ACTUAL_VS_PLAN,国家/地区调度要求该时段同时启用 2 个轮换队列。这表示调度强度，不等同于某个具体地址必然断电。 置信度：high。【置信度：high】,confirmed,national,GPV,primary,5,not_populated,planned_or_final_dispatch,v3.0
R20240717_NAT_002,2024-07-17,ALL,,Ukrenergo,national,household_general,hourly_schedule,3,,2024-07-17 06:00:00+03:00,2024-07-17 17:00:00+03:00,,,2024-07-17 03:00:00+00:00,2024-07-17 14:00:00+00:00,,,Europe/Kyiv,dispatch_confirmed,high,国家/地区调度要求该时段同时启用 3 个轮换队列；按 Ukrenergo 的解释，3 个队列约对应每个地区一半非关键用户同时处于轮换限制范围。这表示调度强度，不等同于某个具体地址必然断电。 置信度：high。,final_dispatch,,,0,0,0,0,1,0,official_tso_archive,https://t.me/s/Ukrenergo?before=3082,,,,,,MR20241210_REGULATOR_ACTUAL_VS_PLAN,国家/地区调度要求该时段同时启用 3 个轮换队列；按 Ukrenergo 的解释，3 个队列约对应每个地区一半非关键用户同时处于轮换限制范围。这表示调度强度，不等同于某个具体地址必然断电。 置信度：high。【置信度：high】,confirmed,national,GPV,primary,5,not_populated,planned_or_final_dispatch,v3.0
R20240717_NAT_003,2024-07-17,ALL,,Ukrenergo,national,household_general,hourly_schedule,4,,2024-07-17 17:00:00+03:00,2024-07-17 22:00:00+03:00,,,2024-07-17 14:00:00+00:00,2024-07-17 19:00:00+00:00,,,Europe/Kyiv,dispatch_confirmed,high,国家/地区调度要求该时段同时启用 4 个轮换队列；按 Ukrenergo 的解释，4 个队列可对应约 70% 非关键用户处于轮换限制范围。这表示调度强度，不等同于某个具体地址必然断电。 置信度：high。,final_dispatch,,,0,0,0,0,1,0,official_tso_archive,https://t.me/s/Ukrenergo?before=3082,,,,,,MR20241210_REGULATOR_ACTUAL_VS_PLAN,国家/地区调度要求该时段同时启用 4 个轮换队列；按 Ukrenergo 的解释，4 个队列可对应约 70% 非关键用户处于轮换限制范围。这表示调度强度，不等同于某个具体地址必然断电。 置信度：high。【置信度：high】,confirmed,national,GPV,primary,5,not_populated,planned_or_final_dispatch,v3.0
R20240717_NAT_004,2024-07-17,ALL,,Ukrenergo,national,household_general,hourly_schedule,3,,2024-07-17 22:00:00+03:00,2024-07-18 00:00:00+03:00,,,2024-07-17 19:00:00+00:00,2024-07-17 21:00:00+00:00,,,Europe/Kyiv,dispatch_confirmed,high,国家/地区调度要求该时段同时启用 3 个轮换队列；按 Ukrenergo 的解释，3 个队列约对应每个地区一半非关键用户同时处于轮换限制范围。这表示调度强度，不等同于某个具体地址必然断电。 置信度：high。,final_dispatch,,,0,0,0,0,1,0,official_tso_archive,https://t.me/s/Ukrenergo?before=3082,,,,,,MR20241210_REGULATOR_ACTUAL_VS_PLAN,国家/地区调度要求该时段同时启用 3 个轮换队列；按 Ukrenergo 的解释，3 个队列约对应每个地区一半非关键用户同时处于轮换限制范围。这表示调度强度，不等同于某个具体地址必然断电。 置信度：high。【置信度：high】,confirmed,national,GPV,primary,5,not_populated,planned_or_final_dispatch,v3.0
R20240718_NAT_001,2024-07-18,ALL,,Ukrenergo,national,household_general,hourly_schedule,2,,2024-07-18 00:00:00+03:00,2024-07-18 05:00:00+03:00,,,2024-07-17 21:00:00+00:00,2024-07-18 02:00:00+00:00,,,Europe/Kyiv,dispatch_confirmed,high,国家/地区调度要求该时段同时启用 2 个轮换队列。这表示调度强度，不等同于某个具体地址必然断电。 置信度：high。,final_dispatch,,,0,0,0,0,1,0,official_tso_archive,https://t.me/s/Ukrenergo?before=3082,,,,,,MR20241210_REGULATOR_ACTUAL_VS_PLAN,国家/地区调度要求该时段同时启用 2 个轮换队列。这表示调度强度，不等同于某个具体地址必然断电。 置信度：high。【置信度：high】,confirmed,national,GPV,primary,5,not_populated,planned_or_final_dispatch,v3.0
R20240718_NAT_002,2024-07-18,ALL,,Ukrenergo,national,household_general,hourly_schedule,3,,2024-07-18 05:00:00+03:00,2024-07-18 16:00:00+03:00,,,2024-07-18 02:00:00+00:00,2024-07-18 13:00:00+00:00,,,Europe/Kyiv,dispatch_confirmed,high,国家/地区调度要求该时段同时启用 3 个轮换队列；按 Ukrenergo 的解释，3 个队列约对应每个地区一半非关键用户同时处于轮换限制范围。这表示调度强度，不等同于某个具体地址必然断电。 置信度：high。,final_dispatch,,,0,0,0,0,1,0,official_tso_archive,https://t.me/s/Ukrenergo?before=3082,,,,,,MR20241210_REGULATOR_ACTUAL_VS_PLAN,国家/地区调度要求该时段同时启用 3 个轮换队列；按 Ukrenergo 的解释，3 个队列约对应每个地区一半非关键用户同时处于轮换限制范围。这表示调度强度，不等同于某个具体地址必然断电。 置信度：high。【置信度：high】,confirmed,national,GPV,primary,5,not_populated,planned_or_final_dispatch,v3.0
R20240718_NAT_003,2024-07-18,ALL,,Ukrenergo,national,household_general,hourly_schedule,4,,2024-07-18 16:00:00+03:00,2024-07-18 22:00:00+03:00,,,2024-07-18 13:00:00+00:00,2024-07-18 19:00:00+00:00,,,Europe/Kyiv,dispatch_confirmed,high,国家/地区调度要求该时段同时启用 4 个轮换队列；按 Ukrenergo 的解释，4 个队列可对应约 70% 非关键用户处于轮换限制范围。这表示调度强度，不等同于某个具体地址必然断电。 置信度：high。,final_dispatch,,,0,0,0,0,1,0,official_tso_archive,https://t.me/s/Ukrenergo?before=3082,,,,,,MR20241210_REGULATOR_ACTUAL_VS_PLAN,国家/地区调度要求该时段同时启用 4 个轮换队列；按 Ukrenergo 的解释，4 个队列可对应约 70% 非关键用户处于轮换限制范围。这表示调度强度，不等同于某个具体地址必然断电。 置信度：high。【置信度：high】,confirmed,national,GPV,primary,5,not_populated,planned_or_final_dispatch,v3.0
R20240718_NAT_004,2024-07-18,ALL,,Ukrenergo,national,household_general,hourly_schedule,3,,2024-07-18 22:00:00+03:00,2024-07-19 00:00:00+03:00,,,2024-07-18 19:00:00+00:00,2024-07-18 21:00:00+00:00,,,Europe/Kyiv,dispatch_confirmed,high,国家/地区调度要求该时段同时启用 3 个轮换队列；按 Ukrenergo 的解释，3 个队列约对应每个地区一半非关键用户同时处于轮换限制范围。这表示调度强度，不等同于某个具体地址必然断电。 置信度：high。,final_dispatch,,,0,0,0,0,1,0,official_tso_archive,https://t.me/s/Ukrenergo?before=3082,,,,,,MR20241210_REGULATOR_ACTUAL_VS_PLAN,国家/地区调度要求该时段同时启用 3 个轮换队列；按 Ukrenergo 的解释，3 个队列约对应每个地区一半非关键用户同时处于轮换限制范围。这表示调度强度，不等同于某个具体地址必然断电。 置信度：high。【置信度：high】,confirmed,national,GPV,primary,5,not_populated,planned_or_final_dispatch,v3.0
R20240719_NAT_001,2024-07-19,ALL,,Ukrenergo,national,household_general,hourly_schedule,2,,2024-07-19 00:00:00+03:00,2024-07-19 09:00:00+03:00,,,2024-07-18 21:00:00+00:00,2024-07-19 06:00:00+00:00,,,Europe/Kyiv,dispatch_confirmed,high,国家/地区调度要求该时段同时启用 2 个轮换队列。这表示调度强度，不等同于某个具体地址必然断电。 置信度：high。,final_dispatch,,,0,0,0,0,1,0,official_tso_archive,https://t.me/s/Ukrenergo?before=3082,,,,,,MR20241210_REGULATOR_ACTUAL_VS_PLAN,国家/地区调度要求该时段同时启用 2 个轮换队列。这表示调度强度，不等同于某个具体地址必然断电。 置信度：high。【置信度：high】,confirmed,national,GPV,primary,5,not_populated,planned_or_final_dispatch,v3.0
R20240719_NAT_002,2024-07-19,ALL,,Ukrenergo,national,household_general,hourly_schedule,3,,2024-07-19 09:00:00+03:00,2024-07-19 23:00:00+03:00,,,2024-07-19 06:00:00+00:00,2024-07-19 20:00:00+00:00,,,Europe/Kyiv,dispatch_confirmed,high,国家/地区调度要求该时段同时启用 3 个轮换队列；按 Ukrenergo 的解释，3 个队列约对应每个地区一半非关键用户同时处于轮换限制范围。这表示调度强度，不等同于某个具体地址必然断电。 置信度：high。,final_dispatch,,,0,0,0,0,1,0,official_tso_archive,https://t.me/s/Ukrenergo?before=3082,,,,,,MR20241210_REGULATOR_ACTUAL_VS_PLAN,国家/地区调度要求该时段同时启用 3 个轮换队列；按 Ukrenergo 的解释，3 个队列约对应每个地区一半非关键用户同时处于轮换限制范围。这表示调度强度，不等同于某个具体地址必然断电。 置信度：high。【置信度：high】,confirmed,national,GPV,primary,5,not_populated,planned_or_final_dispatch,v3.0
R20240719_NAT_003,2024-07-19,ALL,,Ukrenergo,national,household_general,hourly_schedule,2,,2024-07-19 23:00:00+03:00,2024-07-20 00:00:00+03:00,,,2024-07-19 20:00:00+00:00,2024-07-19 21:00:00+00:00,,,Europe/Kyiv,dispatch_confirmed,high,国家/地区调度要求该时段同时启用 2 个轮换队列。这表示调度强度，不等同于某个具体地址必然断电。 置信度：high。,final_dispatch,,,0,0,0,0,1,0,official_tso_archive,https://t.me/s/Ukrenergo?before=3082,,,,,,MR20241210_REGULATOR_ACTUAL_VS_PLAN,国家/地区调度要求该时段同时启用 2 个轮换队列。这表示调度强度，不等同于某个具体地址必然断电。 置信度：high。【置信度：high】,confirmed,national,GPV,primary,5,not_populated,planned_or_final_dispatch,v3.0
R20240720_NAT_001,2024-07-20,ALL,,Ukrenergo,national,household_general,hourly_schedule,1,,2024-07-20 00:00:00+03:00,2024-07-20 02:00:00+03:00,,,2024-07-19 21:00:00+00:00,2024-07-19 23:00:00+00:00,,,Europe/Kyiv,dispatch_confirmed,high,国家/地区调度要求该时段同时启用 1 个轮换队列。这表示调度强度，不等同于某个具体地址必然断电。 置信度：high。,final_dispatch,,,0,0,0,0,1,0,official_tso_archive,https://t.me/s/Ukrenergo?before=3082,,,,,,MR20241210_REGULATOR_ACTUAL_VS_PLAN,国家/地区调度要求该时段同时启用 1 个轮换队列。这表示调度强度，不等同于某个具体地址必然断电。 置信度：high。【置信度：high】,confirmed,national,GPV,primary,5,not_populated,planned_or_final_dispatch,v3.0
R20240720_NAT_002,2024-07-20,ALL,,Ukrenergo,national,household_general,no_restriction,0,,2024-07-20 02:00:00+03:00,2024-07-20 05:00:00+03:00,,,2024-07-19 23:00:00+00:00,2024-07-20 02:00:00+00:00,,,Europe/Kyiv,no_restriction,high,官方明确该时段不执行计划性小时停电，可作为对照窗口；但地方技术故障、战损或临时紧急停电仍可能发生。 置信度：high。,final_dispatch,,,0,0,0,0,1,0,official_tso_archive,https://t.me/s/Ukrenergo?before=3082,,,,,,MR20241210_REGULATOR_ACTUAL_VS_PLAN,官方明确该时段不执行计划性小时停电，可作为对照窗口；但地方技术故障、战损或临时紧急停电仍可能发生。 置信度：high。【置信度：high】,no_restriction,national,no_restriction,primary,5,not_populated,execution_override,v3.0
R20240720_NAT_003,2024-07-20,ALL,,Ukrenergo,national,household_general,hourly_schedule,1,,2024-07-20 05:00:00+03:00,2024-07-20 13:00:00+03:00,,,2024-07-20 02:00:00+00:00,2024-07-20 10:00:00+00:00,,,Europe/Kyiv,dispatch_confirmed,high,国家/地区调度要求该时段同时启用 1 个轮换队列。这表示调度强度，不等同于某个具体地址必然断电。 置信度：high。,final_dispatch,,,0,0,0,0,1,0,official_tso_archive,https://t.me/s/Ukrenergo?before=3082,,,,,,MR20241210_REGULATOR_ACTUAL_VS_PLAN,国家/地区调度要求该时段同时启用 1 个轮换队列。这表示调度强度，不等同于某个具体地址必然断电。 置信度：high。【置信度：high】,confirmed,national,GPV,primary,5,not_populated,planned_or_final_dispatch,v3.0
R20240720_NAT_004,2024-07-20,ALL,,Ukrenergo,national,household_general,hourly_schedule,2,,2024-07-20 13:00:00+03:00,2024-07-21 00:00:00+03:00,,,2024-07-20 10:00:00+00:00,2024-07-20 21:00:00+00:00,,,Europe/Kyiv,dispatch_confirmed,high,国家/地区调度要求该时段同时启用 2 个轮换队列。这表示调度强度，不等同于某个具体地址必然断电。 置信度：high。,final_dispatch,,,0,0,0,0,1,0,official_tso_archive,https://t.me/s/Ukrenergo?before=3082,,,,,,MR20241210_REGULATOR_ACTUAL_VS_PLAN,国家/地区调度要求该时段同时启用 2 个轮换队列。这表示调度强度，不等同于某个具体地址必然断电。 置信度：high。【置信度：high】,confirmed,national,GPV,primary,5,not_populated,planned_or_final_dispatch,v3.0
R20240721_NAT_001,2024-07-21,ALL,,Ukrenergo,national,household_general,hourly_schedule,1,,2024-07-21 00:00:00+03:00,2024-07-21 12:00:00+03:00,,,2024-07-20 21:00:00+00:00,2024-07-21 09:00:00+00:00,,,Europe/Kyiv,dispatch_confirmed,high,国家/地区调度要求该时段同时启用 1 个轮换队列。这表示调度强度，不等同于某个具体地址必然断电。 置信度：high。,final_dispatch,,,0,0,0,0,1,0,official_tso_archive,https://t.me/s/Ukrenergo?before=3082,,,,,,MR20241210_REGULATOR_ACTUAL_VS_PLAN,国家/地区调度要求该时段同时启用 1 个轮换队列。这表示调度强度，不等同于某个具体地址必然断电。 置信度：high。【置信度：high】,confirmed,national,GPV,primary,5,not_populated,planned_or_final_dispatch,v3.0
R20240721_NAT_002,2024-07-21,ALL,,Ukrenergo,national,household_general,no_restriction,0,,2024-07-21 12:00:00+03:00,2024-07-21 15:00:00+03:00,,,2024-07-21 09:00:00+00:00,2024-07-21 12:00:00+00:00,,,Europe/Kyiv,no_restriction,high,官方明确该时段不执行计划性小时停电，可作为对照窗口；但地方技术故障、战损或临时紧急停电仍可能发生。 置信度：high。,final_dispatch,,,0,0,0,0,1,0,official_tso_archive,https://t.me/s/Ukrenergo?before=3082,,,,,,MR20241210_REGULATOR_ACTUAL_VS_PLAN,官方明确该时段不执行计划性小时停电，可作为对照窗口；但地方技术故障、战损或临时紧急停电仍可能发生。 置信度：high。【置信度：high】,no_restriction,national,no_restriction,primary,5,not_populated,execution_override,v3.0
R20240721_NAT_003,2024-07-21,ALL,,Ukrenergo,national,household_general,hourly_schedule,1,,2024-07-21 15:00:00+03:00,2024-07-21 17:00:00+03:00,,,2024-07-21 12:00:00+00:00,2024-07-21 14:00:00+00:00,,,Europe/Kyiv,dispatch_confirmed,high,国家/地区调度要求该时段同时启用 1 个轮换队列。这表示调度强度，不等同于某个具体地址必然断电。 置信度：high。,final_dispatch,,,0,0,0,0,1,0,official_tso_archive,https://t.me/s/Ukrenergo?before=3082,,,,,,MR20241210_REGULATOR_ACTUAL_VS_PLAN,国家/地区调度要求该时段同时启用 1 个轮换队列。这表示调度强度，不等同于某个具体地址必然断电。 置信度：high。【置信度：high】,confirmed,national,GPV,primary,5,not_populated,planned_or_final_dispatch,v3.0
R20240721_NAT_004,2024-07-21,ALL,,Ukrenergo,national,household_general,hourly_schedule,2,,2024-07-21 17:00:00+03:00,2024-07-22 00:00:00+03:00,,,2024-07-21 14:00:00+00:00,2024-07-21 21:00:00+00:00,,,Europe/Kyiv,dispatch_confirmed,high,国家/地区调度要求该时段同时启用 2 个轮换队列。这表示调度强度，不等同于某个具体地址必然断电。 置信度：high。,final_dispatch,,,0,0,0,0,1,0,official_tso_archive,https://t.me/s/Ukrenergo?before=3082,,,,,,MR20241210_REGULATOR_ACTUAL_VS_PLAN,国家/地区调度要求该时段同时启用 2 个轮换队列。这表示调度强度，不等同于某个具体地址必然断电。 置信度：high。【置信度：high】,confirmed,national,GPV,primary,5,not_populated,planned_or_final_dispatch,v3.0
R20240722_NAT_001,2024-07-22,ALL,,Ukrenergo,national,household_general,hourly_schedule,2,,2024-07-22 00:00:00+03:00,2024-07-22 01:00:00+03:00,,,2024-07-21 21:00:00+00:00,2024-07-21 22:00:00+00:00,,,Europe/Kyiv,dispatch_confirmed,high,国家/地区调度要求该时段同时启用 2 个轮换队列。这表示调度强度，不等同于某个具体地址必然断电。 置信度：high。,final_dispatch,,,0,0,0,0,1,0,official_tso_archive,https://t.me/s/Ukrenergo?before=3082,,,,,,MR20241210_REGULATOR_ACTUAL_VS_PLAN,国家/地区调度要求该时段同时启用 2 个轮换队列。这表示调度强度，不等同于某个具体地址必然断电。 置信度：high。【置信度：high】,confirmed,national,GPV,primary,5,not_populated,planned_or_final_dispatch,v3.0
R20240722_NAT_002,2024-07-22,ALL,,Ukrenergo,national,household_general,hourly_schedule,1,,2024-07-22 01:00:00+03:00,2024-07-22 05:00:00+03:00,,,2024-07-21 22:00:00+00:00,2024-07-22 02:00:00+00:00,,,Europe/Kyiv,dispatch_confirmed,high,国家/地区调度要求该时段同时启用 1 个轮换队列。这表示调度强度，不等同于某个具体地址必然断电。 置信度：high。,final_dispatch,,,0,0,0,0,1,0,official_tso_archive,https://t.me/s/Ukrenergo?before=3082,,,,,,MR20241210_REGULATOR_ACTUAL_VS_PLAN,国家/地区调度要求该时段同时启用 1 个轮换队列。这表示调度强度，不等同于某个具体地址必然断电。 置信度：high。【置信度：high】,confirmed,national,GPV,primary,5,not_populated,planned_or_final_dispatch,v3.0
R20240722_NAT_003,2024-07-22,ALL,,Ukrenergo,national,household_general,hourly_schedule,2,,2024-07-22 05:00:00+03:00,2024-07-22 18:00:00+03:00,,,2024-07-22 02:00:00+00:00,2024-07-22 15:00:00+00:00,,,Europe/Kyiv,dispatch_confirmed,high,国家/地区调度要求该时段同时启用 2 个轮换队列。这表示调度强度，不等同于某个具体地址必然断电。 置信度：high。,final_dispatch,,,0,0,0,0,1,0,official_tso_archive,https://t.me/s/Ukrenergo?before=3082,,,,,,MR20241210_REGULATOR_ACTUAL_VS_PLAN,国家/地区调度要求该时段同时启用 2 个轮换队列。这表示调度强度，不等同于某个具体地址必然断电。 置信度：high。【置信度：high】,confirmed,national,GPV,primary,5,not_populated,planned_or_final_dispatch,v3.0
R20240722_NAT_004,2024-07-22,ALL,,Ukrenergo,national,household_general,hourly_schedule,3,,2024-07-22 18:00:00+03:00,2024-07-22 23:00:00+03:00,,,2024-07-22 15:00:00+00:00,2024-07-22 20:00:00+00:00,,,Europe/Kyiv,dispatch_confirmed,high,国家/地区调度要求该时段同时启用 3 个轮换队列；按 Ukrenergo 的解释，3 个队列约对应每个地区一半非关键用户同时处于轮换限制范围。这表示调度强度，不等同于某个具体地址必然断电。 置信度：high。,final_dispatch,,,0,0,0,0,1,0,official_tso_archive,https://t.me/s/Ukrenergo?before=3082,,,,,,MR20241210_REGULATOR_ACTUAL_VS_PLAN,国家/地区调度要求该时段同时启用 3 个轮换队列；按 Ukrenergo 的解释，3 个队列约对应每个地区一半非关键用户同时处于轮换限制范围。这表示调度强度，不等同于某个具体地址必然断电。 置信度：high。【置信度：high】,confirmed,national,GPV,primary,5,not_populated,planned_or_final_dispatch,v3.0
R20240722_NAT_005,2024-07-22,ALL,,Ukrenergo,national,household_general,hourly_schedule,2,,2024-07-22 23:00:00+03:00,2024-07-23 00:00:00+03:00,,,2024-07-22 20:00:00+00:00,2024-07-22 21:00:00+00:00,,,Europe/Kyiv,dispatch_confirmed,high,国家/地区调度要求该时段同时启用 2 个轮换队列。这表示调度强度，不等同于某个具体地址必然断电。 置信度：high。,final_dispatch,,,0,0,0,0,1,0,official_tso_archive,https://t.me/s/Ukrenergo?before=3082,,,,,,MR20241210_REGULATOR_ACTUAL_VS_PLAN,国家/地区调度要求该时段同时启用 2 个轮换队列。这表示调度强度，不等同于某个具体地址必然断电。 置信度：high。【置信度：high】,confirmed,national,GPV,primary,5,not_populated,planned_or_final_dispatch,v3.0
R20240723_NAT_001,2024-07-23,ALL,,Ukrenergo,national,household_general,hourly_schedule,1,,2024-07-23 00:00:00+03:00,2024-07-23 14:00:00+03:00,,,2024-07-22 21:00:00+00:00,2024-07-23 11:00:00+00:00,,,Europe/Kyiv,dispatch_confirmed,medium,国家/地区调度要求该时段同时启用 1 个轮换队列。这表示调度强度，不等同于某个具体地址必然断电。 置信度：medium。,final_dispatch,,,0,0,0,0,1,0,official_tso_archive,https://t.me/s/Ukrenergo?before=3082,,,,,,MR20241210_REGULATOR_ACTUAL_VS_PLAN,国家/地区调度要求该时段同时启用 1 个轮换队列。这表示调度强度，不等同于某个具体地址必然断电。 置信度：medium。【置信度：medium】,confirmed,national,GPV,primary,5,not_populated,planned_or_final_dispatch,v3.0
R20240723_NAT_002,2024-07-23,ALL,,Ukrenergo,national,household_general,hourly_schedule,,,2024-07-23 14:00:00+03:00,2024-07-24 00:00:00+03:00,,,2024-07-23 11:00:00+00:00,2024-07-23 21:00:00+00:00,,,Europe/Kyiv,partial,medium,官方能够确认计划限电/小时停电表在该时段生效，但未可靠恢复全国同时启用的队列数量，因此 queue_count 留空，避免伪造强度。 14:00 后不同地区出现明显分流，无法用一个全国 queue_count 无损表示，故留空并标为 regional split。 置信度：medium。,final_dispatch,,,0,0,0,0,1,0,official_tso_archive,https://t.me/s/Ukrenergo?before=3082,,,,,,MR20241210_REGULATOR_ACTUAL_VS_PLAN,官方能够确认计划限电/小时停电表在该时段生效，但未可靠恢复全国同时启用的队列数量，因此 queue_count 留空，避免伪造强度。 14:00 后不同地区出现明显分流，无法用一个全国 queue_count 无损表示，故留空并标为 regional split。 置信度：medium。【置信度：medium】,partial,national,GPV,primary,5,not_populated,planned_or_final_dispatch,v3.0
R20240724_NAT_001,2024-07-24,ALL,,Ukrenergo,national,household_general,no_restriction,0,,2024-07-24 00:00:00+03:00,2024-07-24 16:00:00+03:00,,,2024-07-23 21:00:00+00:00,2024-07-24 13:00:00+00:00,,,Europe/Kyiv,superseded_coarse_national_zero,high,原记录把 00:00–16:00 整段写成全国 q0，现有多源证据只支持分地区取消窗口：多数目标州为 09:30–16:00，Odesa 的 DTEK 口径为 08:25–18:00；该粗粒度行不得作为实际暴露。,final_dispatch,,,0,0,0,0,0,0,official_tso_archive,https://t.me/s/Ukrenergo?before=3125,,regional_dispatch_heterogeneity,,KE20240724_REGIONAL_CANCELLATION,,MR20241210_REGULATOR_ACTUAL_VS_PLAN|MR20260904_PUBLIC_TIMESTAMP_SEMANTICS|MR20240724_REGIONAL_ZERO_WINDOW,原记录把 00:00–16:00 整段写成全国 q0，现有多源证据只支持分地区取消窗口：多数目标州为 09:30–16:00，Odesa 的 DTEK 口径为 08:25–18:00；该粗粒度行不得作为实际暴露。【置信度：high】,superseded,national,no_restriction,primary,5,not_populated,historical_version,v3.0
R20240724_NAT_002,2024-07-24,ALL,,Ukrenergo,national,household_general,hourly_schedule,,,2024-07-24 16:00:00+03:00,2024-07-25 00:00:00+03:00,,,2024-07-24 13:00:00+00:00,2024-07-24 21:00:00+00:00,,,Europe/Kyiv,partial,medium,官方能够确认计划限电/小时停电表在该时段生效，但未可靠恢复全国同时启用的队列数量，因此 queue_count 留空，避免伪造强度。 16:00 后各州执行存在明显差异；下方同时提供 Zaporizhzhia、Volyn、Cherkasy 等州级记录。 置信度：medium。,final_dispatch,,,0,0,0,0,1,0,official_tso_archive,https://t.me/s/Ukrenergo?before=3125,,,,,,MR20241210_REGULATOR_ACTUAL_VS_PLAN,官方能够确认计划限电/小时停电表在该时段生效，但未可靠恢复全国同时启用的队列数量，因此 queue_count 留空，避免伪造强度。 16:00 后各州执行存在明显差异；下方同时提供 Zaporizhzhia、Volyn、Cherkasy 等州级记录。 置信度：medium。【置信度：medium】,partial,national,GPV,primary,5,not_populated,planned_or_final_dispatch,v3.0
R20240724_CHERKASY_001,2024-07-24,Cherkasy Oblast,,Cherkasyoblenergo,oblast,household_general,hourly_schedule,,6,2024-07-24 16:00:00+03:00,2024-07-24 18:00:00+03:00,2024-07-24 16:00:00+03:00,2024-07-24 18:00:00+03:00,2024-07-24 13:00:00+00:00,2024-07-24 15:00:00+00:00,2024-07-24 13:00:00+00:00,2024-07-24 15:00:00+00:00,Europe/Kyiv,confirmed,high,Cherkasyoblenergo 同日最终表中，第 6 队列在该时段被列为停电。该 queue_id 仅在本运营商内部有意义。 置信度：high。,same_day_final,,,0,0,0,0,1,0,official_dso,https://t.me/s/pat_cherkasyoblenergo?before=448,,,,,,MR20241210_REGULATOR_ACTUAL_VS_PLAN,Cherkasyoblenergo 同日最终表中，第 6 队列在该时段被列为停电。该 queue_id 仅在本运营商内部有意义。 置信度：high。【置信度：high】,confirmed,oblast,GPV,primary,5,deprecated_confirmed_dispatch_window_not_physical_switch,planned_or_final_dispatch,v3.0
R20240724_VOLYNOBL_001,2024-07-24,Volyn Oblast,,Volynoblenergo,oblast,household_general,hourly_schedule,,ALL,2024-07-24 16:00:00+03:00,2024-07-24 18:00:00+03:00,,,2024-07-24 13:00:00+00:00,2024-07-24 15:00:00+00:00,,,Europe/Kyiv,cancelled,high,同一全国背景下，Volyn 州该时段被官方取消，而 Zaporizhzhia 有具体队列执行，适合做区域差异/反事实验证。 置信度：high。,final_day_update,,,0,0,0,0,1,1,official_dso,https://energy.volyn.ua/pro-tovarystvo/novyny/gpv-gav-sgav/,,,,,,MR20241210_REGULATOR_ACTUAL_VS_PLAN,同一全国背景下，Volyn 州该时段被官方取消，而 Zaporizhzhia 有具体队列执行，适合做区域差异/反事实验证。 置信度：high。【置信度：high】,cancelled,oblast,GPV,primary,5,not_populated,planned_or_final_dispatch,v3.0
R20240724_ZAPORIZH_001,2024-07-24,Zaporizhzhia Oblast,,Zaporizhzhyaoblenergo,oblast,household_general,hourly_schedule,,1,2024-07-24 16:00:00+03:00,2024-07-24 18:00:00+03:00,2024-07-24 16:00:00+03:00,2024-07-24 18:00:00+03:00,2024-07-24 13:00:00+00:00,2024-07-24 15:00:00+00:00,2024-07-24 13:00:00+00:00,2024-07-24 15:00:00+00:00,Europe/Kyiv,confirmed,high,Zaporizhzhia 第 1 队列收到执行指令并在 16:00–18:00 安排停电；这是州级具体 queue_id，不能与其他州的“第1队列”视为同一物理用户群。 置信度：high。,final_day_update,,,0,0,0,0,1,1,official_dso,https://t.me/Zaporizhzhyaoblenergo_news/974,,,,,,MR20241210_REGULATOR_ACTUAL_VS_PLAN,Zaporizhzhia 第 1 队列收到执行指令并在 16:00–18:00 安排停电；这是州级具体 queue_id，不能与其他州的“第1队列”视为同一物理用户群。 置信度：high。【置信度：high】,confirmed,oblast,GPV,primary,5,deprecated_confirmed_dispatch_window_not_physical_switch,planned_or_final_dispatch,v3.0
R20240724_CHERKASY_002,2024-07-24,Cherkasy Oblast,,Cherkasyoblenergo,oblast,household_general,hourly_schedule,,1,2024-07-24 18:00:00+03:00,2024-07-24 20:00:00+03:00,2024-07-24 18:00:00+03:00,2024-07-24 20:00:00+03:00,2024-07-24 15:00:00+00:00,2024-07-24 17:00:00+00:00,2024-07-24 15:00:00+00:00,2024-07-24 17:00:00+00:00,Europe/Kyiv,confirmed,high,Cherkasyoblenergo 同日最终表中，第 1 队列在该时段被列为停电。该 queue_id 仅在本运营商内部有意义。 置信度：high。,same_day_final,,,0,0,0,0,1,0,official_dso,https://t.me/s/pat_cherkasyoblenergo?before=448,,,,,,MR20241210_REGULATOR_ACTUAL_VS_PLAN,Cherkasyoblenergo 同日最终表中，第 1 队列在该时段被列为停电。该 queue_id 仅在本运营商内部有意义。 置信度：high。【置信度：high】,confirmed,oblast,GPV,primary,5,deprecated_confirmed_dispatch_window_not_physical_switch,planned_or_final_dispatch,v3.0
R20240724_CHERKASY_003,2024-07-24,Cherkasy Oblast,,Cherkasyoblenergo,oblast,household_general,hourly_schedule,,2,2024-07-24 20:00:00+03:00,2024-07-24 22:00:00+03:00,2024-07-24 20:00:00+03:00,2024-07-24 22:00:00+03:00,2024-07-24 17:00:00+00:00,2024-07-24 19:00:00+00:00,2024-07-24 17:00:00+00:00,2024-07-24 19:00:00+00:00,Europe/Kyiv,confirmed,high,Cherkasyoblenergo 同日最终表中，第 2 队列在该时段被列为停电。该 queue_id 仅在本运营商内部有意义。 置信度：high。,same_day_final,,,0,0,0,0,1,0,official_dso,https://t.me/s/pat_cherkasyoblenergo?before=448,,,,,,MR20241210_REGULATOR_ACTUAL_VS_PLAN,Cherkasyoblenergo 同日最终表中，第 2 队列在该时段被列为停电。该 queue_id 仅在本运营商内部有意义。 置信度：high。【置信度：high】,confirmed,oblast,GPV,primary,5,deprecated_confirmed_dispatch_window_not_physical_switch,planned_or_final_dispatch,v3.0
R20240724_CHERKASY_004,2024-07-24,Cherkasy Oblast,,Cherkasyoblenergo,oblast,household_general,hourly_schedule,,3,2024-07-24 20:00:00+03:00,2024-07-24 22:00:00+03:00,2024-07-24 20:00:00+03:00,2024-07-24 22:00:00+03:00,2024-07-24 17:00:00+00:00,2024-07-24 19:00:00+00:00,2024-07-24 17:00:00+00:00,2024-07-24 19:00:00+00:00,Europe/Kyiv,confirmed,high,Cherkasyoblenergo 同日最终表中，第 3 队列在该时段被列为停电。该 queue_id 仅在本运营商内部有意义。 置信度：high。,same_day_final,,,0,0,0,0,1,0,official_dso,https://t.me/s/pat_cherkasyoblenergo?before=448,,,,,,MR20241210_REGULATOR_ACTUAL_VS_PLAN,Cherkasyoblenergo 同日最终表中，第 3 队列在该时段被列为停电。该 queue_id 仅在本运营商内部有意义。 置信度：high。【置信度：high】,confirmed,oblast,GPV,primary,5,deprecated_confirmed_dispatch_window_not_physical_switch,planned_or_final_dispatch,v3.0
R20240724_CHERKASY_005,2024-07-24,Cherkasy Oblast,,Cherkasyoblenergo,oblast,household_general,hourly_schedule,,5,2024-07-24 22:00:00+03:00,2024-07-25 00:00:00+03:00,2024-07-24 22:00:00+03:00,2024-07-25 00:00:00+03:00,2024-07-24 19:00:00+00:00,2024-07-24 21:00:00+00:00,2024-07-24 19:00:00+00:00,2024-07-24 21:00:00+00:00,Europe/Kyiv,confirmed,high,Cherkasyoblenergo 同日最终表中，第 5 队列在该时段被列为停电。该 queue_id 仅在本运营商内部有意义。 置信度：high。,same_day_final,,,0,0,0,0,1,0,official_dso,https://t.me/s/pat_cherkasyoblenergo?before=448,,,,,,MR20241210_REGULATOR_ACTUAL_VS_PLAN,Cherkasyoblenergo 同日最终表中，第 5 队列在该时段被列为停电。该 queue_id 仅在本运营商内部有意义。 置信度：high。【置信度：high】,confirmed,oblast,GPV,primary,5,deprecated_confirmed_dispatch_window_not_physical_switch,planned_or_final_dispatch,v3.0
R20240725_NAT_001,2024-07-25,ALL,,Ukrenergo,national,household_general,hourly_schedule,1,,2024-07-25 16:00:00+03:00,2024-07-25 22:00:00+03:00,,,2024-07-25 13:00:00+00:00,2024-07-25 19:00:00+00:00,,,Europe/Kyiv,dispatch_confirmed,high,国家/地区调度要求该时段同时启用 1 个轮换队列。这表示调度强度，不等同于某个具体地址必然断电。 置信度：high。,final_dispatch,,,0,0,0,0,1,0,official_tso_archive,https://t.me/s/Ukrenergo?before=3125,,,,,,MR20241210_REGULATOR_ACTUAL_VS_PLAN,国家/地区调度要求该时段同时启用 1 个轮换队列。这表示调度强度，不等同于某个具体地址必然断电。 置信度：high。【置信度：high】,confirmed,national,GPV,primary,5,not_populated,planned_or_final_dispatch,v3.0
R20240725_CHERKASY_001,2024-07-25,Cherkasy Oblast,,Cherkasyoblenergo,oblast,household_general,no_restriction,0,ALL,2024-07-25 16:00:00+03:00,2024-07-25 17:00:00+03:00,,,2024-07-25 13:00:00+00:00,2024-07-25 14:00:00+00:00,,,Europe/Kyiv,cancelled,high,Cherkasy 7 月 25 日原 16:00–17:00 安排被取消，实际小时停电从 17:00 后开始。 置信度：high。,final_dispatch,,,0,0,0,0,1,0,official_dso,https://t.me/s/pat_cherkasyoblenergo?before=448,,,,,,MR20241210_REGULATOR_ACTUAL_VS_PLAN,Cherkasy 7 月 25 日原 16:00–17:00 安排被取消，实际小时停电从 17:00 后开始。 置信度：high。【置信度：high】,cancelled,oblast,no_restriction,primary,5,not_populated,execution_override,v3.0
R20240725_CHERKASY_002,2024-07-25,Cherkasy Oblast,,Cherkasyoblenergo,oblast,household_general,hourly_schedule,,3,2024-07-25 17:00:00+03:00,2024-07-25 18:00:00+03:00,2024-07-25 17:00:00+03:00,2024-07-25 18:00:00+03:00,2024-07-25 14:00:00+00:00,2024-07-25 15:00:00+00:00,2024-07-25 14:00:00+00:00,2024-07-25 15:00:00+00:00,Europe/Kyiv,confirmed,high,Cherkasy 第 3 队列最终执行表中的停电窗口。 置信度：high。,same_day_final,,,0,0,0,0,1,0,official_dso,https://t.me/s/pat_cherkasyoblenergo?before=448,,,,,,MR20241210_REGULATOR_ACTUAL_VS_PLAN,Cherkasy 第 3 队列最终执行表中的停电窗口。 置信度：high。【置信度：high】,confirmed,oblast,GPV,primary,5,deprecated_confirmed_dispatch_window_not_physical_switch,planned_or_final_dispatch,v3.0
R20240725_CHERKASY_003,2024-07-25,Cherkasy Oblast,,Cherkasyoblenergo,oblast,household_general,hourly_schedule,,4,2024-07-25 18:00:00+03:00,2024-07-25 20:00:00+03:00,2024-07-25 18:00:00+03:00,2024-07-25 20:00:00+03:00,2024-07-25 15:00:00+00:00,2024-07-25 17:00:00+00:00,2024-07-25 15:00:00+00:00,2024-07-25 17:00:00+00:00,Europe/Kyiv,confirmed,high,Cherkasy 第 4 队列最终执行表中的停电窗口。 置信度：high。,same_day_final,,,0,0,0,0,1,0,official_dso,https://t.me/s/pat_cherkasyoblenergo?before=448,,,,,,MR20241210_REGULATOR_ACTUAL_VS_PLAN,Cherkasy 第 4 队列最终执行表中的停电窗口。 置信度：high。【置信度：high】,confirmed,oblast,GPV,primary,5,deprecated_confirmed_dispatch_window_not_physical_switch,planned_or_final_dispatch,v3.0
R20240725_CHERKASY_004,2024-07-25,Cherkasy Oblast,,Cherkasyoblenergo,oblast,household_general,hourly_schedule,,5,2024-07-25 20:00:00+03:00,2024-07-25 22:00:00+03:00,2024-07-25 20:00:00+03:00,2024-07-25 22:00:00+03:00,2024-07-25 17:00:00+00:00,2024-07-25 19:00:00+00:00,2024-07-25 17:00:00+00:00,2024-07-25 19:00:00+00:00,Europe/Kyiv,confirmed,high,Cherkasy 第 5 队列最终执行表中的停电窗口。 置信度：high。,same_day_final,,,0,0,0,0,1,0,official_dso,https://t.me/s/pat_cherkasyoblenergo?before=448,,,,,,MR20241210_REGULATOR_ACTUAL_VS_PLAN,Cherkasy 第 5 队列最终执行表中的停电窗口。 置信度：high。【置信度：high】,confirmed,oblast,GPV,primary,5,deprecated_confirmed_dispatch_window_not_physical_switch,planned_or_final_dispatch,v3.0
R20240726_NAT_001,2024-07-26,ALL,,Ukrenergo,national,household_general,hourly_schedule,1,,2024-07-26 05:00:00+03:00,2024-07-26 15:00:00+03:00,,,2024-07-26 02:00:00+00:00,2024-07-26 12:00:00+00:00,,,Europe/Kyiv,dispatch_confirmed,medium,国家/地区调度要求该时段同时启用 1 个轮换队列。这表示调度强度，不等同于某个具体地址必然断电。 置信度：medium。,final_dispatch,,,0,0,0,0,1,0,official_tso_archive,https://t.me/s/Ukrenergo?before=3125,,,,,,MR20241210_REGULATOR_ACTUAL_VS_PLAN,国家/地区调度要求该时段同时启用 1 个轮换队列。这表示调度强度，不等同于某个具体地址必然断电。 置信度：medium。【置信度：medium】,confirmed,national,GPV,primary,5,not_populated,planned_or_final_dispatch,v3.0
R20240726_NAT_002,2024-07-26,ALL,,Ukrenergo,national,household_general,hourly_schedule,2,,2024-07-26 15:00:00+03:00,2024-07-26 18:00:00+03:00,,,2024-07-26 12:00:00+00:00,2024-07-26 15:00:00+00:00,,,Europe/Kyiv,dispatch_confirmed,medium,国家/地区调度要求该时段同时启用 2 个轮换队列。这表示调度强度，不等同于某个具体地址必然断电。 置信度：medium。,final_dispatch,,,0,0,0,0,1,0,official_tso_archive,https://t.me/s/Ukrenergo?before=3125,,,,,,MR20241210_REGULATOR_ACTUAL_VS_PLAN,国家/地区调度要求该时段同时启用 2 个轮换队列。这表示调度强度，不等同于某个具体地址必然断电。 置信度：medium。【置信度：medium】,confirmed,national,GPV,primary,5,not_populated,planned_or_final_dispatch,v3.0
R20240726_NAT_003,2024-07-26,ALL,,Ukrenergo,national,household_general,hourly_schedule,1,,2024-07-26 18:00:00+03:00,2024-07-26 20:00:00+03:00,,,2024-07-26 15:00:00+00:00,2024-07-26 17:00:00+00:00,,,Europe/Kyiv,dispatch_confirmed,medium,国家/地区调度要求该时段同时启用 1 个轮换队列。这表示调度强度，不等同于某个具体地址必然断电。 置信度：medium。,final_dispatch,,,0,0,0,0,1,0,official_tso_archive,https://t.me/s/Ukrenergo?before=3125,,,,,,MR20241210_REGULATOR_ACTUAL_VS_PLAN,国家/地区调度要求该时段同时启用 1 个轮换队列。这表示调度强度，不等同于某个具体地址必然断电。 置信度：medium。【置信度：medium】,confirmed,national,GPV,primary,5,not_populated,planned_or_final_dispatch,v3.0
R20240726_NAT_004,2024-07-26,ALL,,Ukrenergo,national,household_general,hourly_schedule,2,,2024-07-26 20:00:00+03:00,2024-07-26 23:00:00+03:00,,,2024-07-26 17:00:00+00:00,2024-07-26 20:00:00+00:00,,,Europe/Kyiv,dispatch_confirmed,medium,国家/地区调度要求该时段同时启用 2 个轮换队列。这表示调度强度，不等同于某个具体地址必然断电。 置信度：medium。,final_dispatch,,,0,0,0,0,1,0,official_tso_archive,https://t.me/s/Ukrenergo?before=3125,,,,,,MR20241210_REGULATOR_ACTUAL_VS_PLAN,国家/地区调度要求该时段同时启用 2 个轮换队列。这表示调度强度，不等同于某个具体地址必然断电。 置信度：medium。【置信度：medium】,confirmed,national,GPV,primary,5,not_populated,planned_or_final_dispatch,v3.0
R20240726_NAT_005,2024-07-26,ALL,,Ukrenergo,national,household_general,hourly_schedule,1,,2024-07-26 23:00:00+03:00,2024-07-27 00:00:00+03:00,,,2024-07-26 20:00:00+00:00,2024-07-26 21:00:00+00:00,,,Europe/Kyiv,dispatch_confirmed,medium,国家/地区调度要求该时段同时启用 1 个轮换队列。这表示调度强度，不等同于某个具体地址必然断电。 置信度：medium。,final_dispatch,,,0,0,0,0,1,0,official_tso_archive,https://t.me/s/Ukrenergo?before=3125,,,,,,MR20241210_REGULATOR_ACTUAL_VS_PLAN,国家/地区调度要求该时段同时启用 1 个轮换队列。这表示调度强度，不等同于某个具体地址必然断电。 置信度：medium。【置信度：medium】,confirmed,national,GPV,primary,5,not_populated,planned_or_final_dispatch,v3.0
R20240727_NAT_001,2024-07-27,ALL,,Ukrenergo,national,household_general,no_restriction,0,,2024-07-27 00:00:00+03:00,2024-07-27 17:00:00+03:00,,,2024-07-26 21:00:00+00:00,2024-07-27 14:00:00+00:00,,,Europe/Kyiv,no_restriction,high,官方明确该时段不执行计划性小时停电，可作为对照窗口；但地方技术故障、战损或临时紧急停电仍可能发生。 置信度：high。,final_dispatch,,,0,0,0,0,1,0,official_tso_archive,https://t.me/s/Ukrenergo?before=3125,,,,,,MR20241210_REGULATOR_ACTUAL_VS_PLAN,官方明确该时段不执行计划性小时停电，可作为对照窗口；但地方技术故障、战损或临时紧急停电仍可能发生。 置信度：high。【置信度：high】,no_restriction,national,no_restriction,primary,5,not_populated,execution_override,v3.0
R20240727_NAT_002,2024-07-27,ALL,,Ukrenergo,national,household_general,hourly_schedule,1,,2024-07-27 17:00:00+03:00,2024-07-27 23:00:00+03:00,,,2024-07-27 14:00:00+00:00,2024-07-27 20:00:00+00:00,,,Europe/Kyiv,dispatch_confirmed,high,国家/地区调度要求该时段同时启用 1 个轮换队列。这表示调度强度，不等同于某个具体地址必然断电。 置信度：high。,final_dispatch,,,0,0,0,0,1,0,official_tso_archive,https://t.me/s/Ukrenergo?before=3125,,,,,,MR20241210_REGULATOR_ACTUAL_VS_PLAN,国家/地区调度要求该时段同时启用 1 个轮换队列。这表示调度强度，不等同于某个具体地址必然断电。 置信度：high。【置信度：high】,confirmed,national,GPV,primary,5,not_populated,planned_or_final_dispatch,v3.0
R20240727_NAT_003,2024-07-27,ALL,,Ukrenergo,national,household_general,no_restriction,0,,2024-07-27 23:00:00+03:00,2024-07-28 00:00:00+03:00,,,2024-07-27 20:00:00+00:00,2024-07-27 21:00:00+00:00,,,Europe/Kyiv,no_restriction,high,官方明确该时段不执行计划性小时停电，可作为对照窗口；但地方技术故障、战损或临时紧急停电仍可能发生。 置信度：high。,final_dispatch,,,0,0,0,0,1,0,official_tso_archive,https://t.me/s/Ukrenergo?before=3125,,,,,,MR20241210_REGULATOR_ACTUAL_VS_PLAN,官方明确该时段不执行计划性小时停电，可作为对照窗口；但地方技术故障、战损或临时紧急停电仍可能发生。 置信度：high。【置信度：high】,no_restriction,national,no_restriction,primary,5,not_populated,execution_override,v3.0
R20240728_NAT_001,2024-07-28,ALL,,Ukrenergo,national,household_general,no_restriction,0,,2024-07-28 00:00:00+03:00,2024-07-28 18:00:00+03:00,,,2024-07-27 21:00:00+00:00,2024-07-28 15:00:00+00:00,,,Europe/Kyiv,no_restriction,high,官方明确该时段不执行计划性小时停电，可作为对照窗口；但地方技术故障、战损或临时紧急停电仍可能发生。 置信度：high。,final_dispatch,,,0,0,0,0,1,0,official_tso_archive,https://t.me/s/Ukrenergo?before=3125,,,,,,MR20241210_REGULATOR_ACTUAL_VS_PLAN,官方明确该时段不执行计划性小时停电，可作为对照窗口；但地方技术故障、战损或临时紧急停电仍可能发生。 置信度：high。【置信度：high】,no_restriction,national,no_restriction,primary,5,not_populated,execution_override,v3.0
R20240728_NAT_002,2024-07-28,ALL,,Ukrenergo,national,household_general,hourly_schedule,1,,2024-07-28 18:00:00+03:00,2024-07-28 22:00:00+03:00,,,2024-07-28 15:00:00+00:00,2024-07-28 19:00:00+00:00,,,Europe/Kyiv,dispatch_confirmed,high,国家/地区调度要求该时段同时启用 1 个轮换队列。这表示调度强度，不等同于某个具体地址必然断电。 置信度：high。,final_dispatch,,,0,0,0,0,1,0,official_tso_archive,https://t.me/s/Ukrenergo?before=3125,,,,,,MR20241210_REGULATOR_ACTUAL_VS_PLAN,国家/地区调度要求该时段同时启用 1 个轮换队列。这表示调度强度，不等同于某个具体地址必然断电。 置信度：high。【置信度：high】,confirmed,national,GPV,primary,5,not_populated,planned_or_final_dispatch,v3.0
R20240728_NAT_003,2024-07-28,ALL,,Ukrenergo,national,household_general,no_restriction,0,,2024-07-28 22:00:00+03:00,2024-07-29 00:00:00+03:00,,,2024-07-28 19:00:00+00:00,2024-07-28 21:00:00+00:00,,,Europe/Kyiv,no_restriction,high,官方明确该时段不执行计划性小时停电，可作为对照窗口；但地方技术故障、战损或临时紧急停电仍可能发生。 置信度：high。,final_dispatch,,,0,0,0,0,1,0,official_tso_archive,https://t.me/s/Ukrenergo?before=3125,,,,,,MR20241210_REGULATOR_ACTUAL_VS_PLAN,官方明确该时段不执行计划性小时停电，可作为对照窗口；但地方技术故障、战损或临时紧急停电仍可能发生。 置信度：high。【置信度：high】,no_restriction,national,no_restriction,primary,5,not_populated,execution_override,v3.0
R20240729_NAT_001,2024-07-29,ALL,,Ukrenergo,national,household_general,no_restriction,0,,2024-07-29 00:00:00+03:00,2024-07-29 20:00:00+03:00,,,2024-07-28 21:00:00+00:00,2024-07-29 17:00:00+00:00,,,Europe/Kyiv,no_restriction,medium,官方明确该时段不执行计划性小时停电，可作为对照窗口；但地方技术故障、战损或临时紧急停电仍可能发生。 置信度：medium。,final_dispatch,,,0,0,0,0,1,0,official_tso_archive,https://t.me/s/Ukrenergo?before=3125,,,,,,MR20241210_REGULATOR_ACTUAL_VS_PLAN,官方明确该时段不执行计划性小时停电，可作为对照窗口；但地方技术故障、战损或临时紧急停电仍可能发生。 置信度：medium。【置信度：medium】,no_restriction,national,no_restriction,primary,5,not_populated,execution_override,v3.0
R20240729_NAT_002,2024-07-29,ALL,,Ukrenergo,national,household_general,hourly_schedule,1,,2024-07-29 20:00:00+03:00,2024-07-29 22:00:00+03:00,,,2024-07-29 17:00:00+00:00,2024-07-29 19:00:00+00:00,,,Europe/Kyiv,dispatch_confirmed,medium,国家/地区调度要求该时段同时启用 1 个轮换队列。这表示调度强度，不等同于某个具体地址必然断电。 置信度：medium。,final_dispatch,,,0,0,0,0,1,0,official_tso_archive,https://t.me/s/Ukrenergo?before=3125,,,,,,MR20241210_REGULATOR_ACTUAL_VS_PLAN,国家/地区调度要求该时段同时启用 1 个轮换队列。这表示调度强度，不等同于某个具体地址必然断电。 置信度：medium。【置信度：medium】,confirmed,national,GPV,primary,5,not_populated,planned_or_final_dispatch,v3.0
R20240729_NAT_003,2024-07-29,ALL,,Ukrenergo,national,household_general,no_restriction,0,,2024-07-29 22:00:00+03:00,2024-07-30 00:00:00+03:00,,,2024-07-29 19:00:00+00:00,2024-07-29 21:00:00+00:00,,,Europe/Kyiv,no_restriction,medium,官方明确该时段不执行计划性小时停电，可作为对照窗口；但地方技术故障、战损或临时紧急停电仍可能发生。 置信度：medium。,final_dispatch,,,0,0,0,0,1,0,official_tso_archive,https://t.me/s/Ukrenergo?before=3125,,,,,,MR20241210_REGULATOR_ACTUAL_VS_PLAN,官方明确该时段不执行计划性小时停电，可作为对照窗口；但地方技术故障、战损或临时紧急停电仍可能发生。 置信度：medium。【置信度：medium】,no_restriction,national,no_restriction,primary,5,not_populated,execution_override,v3.0
R20240730_NAT_001,2024-07-30,ALL,,Ukrenergo,national,household_general,no_restriction,0,,2024-07-30 00:00:00+03:00,2024-07-31 00:00:00+03:00,,,2024-07-29 21:00:00+00:00,2024-07-30 21:00:00+00:00,,,Europe/Kyiv,no_restriction,high,官方明确该时段不执行计划性小时停电，可作为对照窗口；但地方技术故障、战损或临时紧急停电仍可能发生。 置信度：high。,final_dispatch,,,0,0,0,0,1,0,official_tso_archive,https://t.me/s/Ukrenergo?before=3125,,,,,,MR20241210_REGULATOR_ACTUAL_VS_PLAN,官方明确该时段不执行计划性小时停电，可作为对照窗口；但地方技术故障、战损或临时紧急停电仍可能发生。 置信度：high。【置信度：high】,no_restriction,national,no_restriction,primary,5,not_populated,execution_override,v3.0
R20240731_NAT_001,2024-07-31,ALL,,Ukrenergo,national,household_general,no_restriction,0,,2024-07-31 00:00:00+03:00,2024-08-01 00:00:00+03:00,,,2024-07-30 21:00:00+00:00,2024-07-31 21:00:00+00:00,,,Europe/Kyiv,no_restriction,high,官方明确该时段不执行计划性小时停电，可作为对照窗口；但地方技术故障、战损或临时紧急停电仍可能发生。 置信度：high。,final_dispatch,,,0,0,0,0,1,0,official_tso_archive,https://t.me/s/Ukrenergo?before=3125,,,,,,MR20241210_REGULATOR_ACTUAL_VS_PLAN,官方明确该时段不执行计划性小时停电，可作为对照窗口；但地方技术故障、战损或临时紧急停电仍可能发生。 置信度：high。【置信度：high】,no_restriction,national,no_restriction,primary,5,not_populated,execution_override,v3.0
R20240801_AUD_001,2024-08-01,ALL,,Ukrenergo,national,household,no_restriction,0,,2024-08-01 00:00:00+03:00,2024-08-02 00:00:00+03:00,,,2024-07-31 21:00:00+00:00,2024-08-01 21:00:00+00:00,,,Europe/Kyiv,no_restriction,high,"Ukrenergo explicitly forecast no consumption restrictions. This is a scheduled-restriction control, not proof that every address had uninterrupted power. Confidence: high.",audited_final,,,0,0,0,0,1,0,official_tso_archive,https://t.me/s/Ukrenergo?before=3125,Audit-added verified zero scheduled-restriction control. q0 does not imply no combat/technical/weather outage.,,,,,MR20241210_REGULATOR_ACTUAL_VS_PLAN,"Ukrenergo explicitly forecast no consumption restrictions. This is a scheduled-restriction control, not proof that every address had uninterrupted power. Confidence: high.【置信度：high】",no_restriction,national,no_restriction,primary,5,not_populated,execution_override,v3.0
R20240802_AUD_001,2024-08-02,ALL,,Ukrenergo,national,household,no_restriction,0,,2024-08-02 00:00:00+03:00,2024-08-03 00:00:00+03:00,,,2024-08-01 21:00:00+00:00,2024-08-02 21:00:00+00:00,,,Europe/Kyiv,no_restriction,high,Ukrenergo explicitly stated that outages would not be applied. Combat/technical outages remain conceptually separate. Confidence: high.,audited_final,,,0,0,0,0,1,1,official_tso_archive,https://t.me/s/Ukrenergo/3111,Audit-added verified zero scheduled-restriction control. q0 does not imply no combat/technical/weather outage.,,,,,MR20241210_REGULATOR_ACTUAL_VS_PLAN,Ukrenergo explicitly stated that outages would not be applied. Combat/technical outages remain conceptually separate. Confidence: high.【置信度：high】,no_restriction,national,no_restriction,primary,5,not_populated,execution_override,v3.0
R20240803_AUD_001,2024-08-03,ALL,,Ukrenergo,national,household,no_restriction,0,,2024-08-03 00:00:00+03:00,2024-08-04 00:00:00+03:00,,,2024-08-02 21:00:00+00:00,2024-08-03 21:00:00+00:00,,,Europe/Kyiv,no_restriction,high,Official forecast: scheduled outages would not be applied. Confidence: high.,audited_final,,,0,0,0,0,1,0,official_tso_archive,https://t.me/s/Ukrenergo?before=3125,Audit-added verified zero scheduled-restriction control. q0 does not imply no combat/technical/weather outage.,,,,,MR20241210_REGULATOR_ACTUAL_VS_PLAN,Official forecast: scheduled outages would not be applied. Confidence: high.【置信度：high】,no_restriction,national,no_restriction,primary,5,not_populated,execution_override,v3.0
R20240805_AUD_001,2024-08-05,ALL,,Ukrenergo,national,household,no_restriction,0,,2024-08-05 00:00:00+03:00,2024-08-06 00:00:00+03:00,,,2024-08-04 21:00:00+00:00,2024-08-05 21:00:00+00:00,,,Europe/Kyiv,no_restriction,high,Official daily system status stated that restriction measures were not forecast. Confidence: high.,audited_final,,,0,0,0,0,1,0,official_tso_archive,https://t.me/s/Ukrenergo?before=3149,Audit-added verified zero scheduled-restriction control. q0 does not imply no combat/technical/weather outage.,,,,,MR20241210_REGULATOR_ACTUAL_VS_PLAN,Official daily system status stated that restriction measures were not forecast. Confidence: high.【置信度：high】,no_restriction,national,no_restriction,primary,5,not_populated,execution_override,v3.0
R20240808_AUD_001,2024-08-08,ALL,,Ukrenergo,national,household,no_restriction,0,,2024-08-08 00:00:00+03:00,2024-08-09 00:00:00+03:00,,,2024-08-07 21:00:00+00:00,2024-08-08 21:00:00+00:00,,,Europe/Kyiv,no_restriction,high,Households were explicitly exempt from the 17:00–22:00 industrial/business power-limit measure. War-damage recovery and hot weather affected system conditions. Confidence: high.,audited_final,,,0,1,0,1,0,0,official_tso_archive,https://t.me/s/Ukrenergo?before=3149,Audit-added verified zero scheduled-restriction control. q0 does not imply no combat/technical/weather outage.,,,,,MR20241210_REGULATOR_ACTUAL_VS_PLAN,Households were explicitly exempt from the 17:00–22:00 industrial/business power-limit measure. War-damage recovery and hot weather affected system conditions. Confidence: high.【置信度：high】,no_restriction,national,no_restriction,primary,5,not_populated,execution_override,v3.0
R20240808_GOP_001,2024-08-08,ALL,,Ukrenergo,national,industry_business,power_limit,1,,2024-08-08 17:00:00+03:00,2024-08-08 22:00:00+03:00,,,2024-08-08 14:00:00+00:00,2024-08-08 19:00:00+00:00,,,Europe/Kyiv,confirmed,high,"Ukrenergo applied one queue/stage of the industrial and business power-limitation schedule from 17:00–22:00. Household, critical-infrastructure and defense-industry consumption was explicitly not restricted. This GOP queue is not interchangeable with a household GПВ queue. Confidence: high.",audited_final,,,0,1,0,1,0,0,official_tso,https://t.me/s/Ukrenergo?before=3149,Direct official Ukrenergo post; restriction applied only to industry/business.,,,,,MR20241210_REGULATOR_ACTUAL_VS_PLAN,"Ukrenergo applied one queue/stage of the industrial and business power-limitation schedule from 17:00–22:00. Household, critical-infrastructure and defense-industry consumption was explicitly not restricted. This GOP queue is not interchangeable with a household GПВ queue. Confidence: high.【置信度：high】",confirmed,national,power_limit,primary,5,not_populated,planned_or_final_dispatch,v3.0
R20240809_AUD_001,2024-08-09,ALL,,Ukrenergo,national,household,no_restriction,0,,2024-08-09 00:00:00+03:00,2024-08-10 00:00:00+03:00,,,2024-08-08 21:00:00+00:00,2024-08-09 21:00:00+00:00,,,Europe/Kyiv,no_restriction,high,Official forecast: no scheduled consumption restrictions; high temperatures were increasing demand. Confidence: high.,audited_final,,,0,0,0,1,1,0,official_tso_archive,https://t.me/s/Ukrenergo?before=3167,Audit-added verified zero scheduled-restriction control. q0 does not imply no combat/technical/weather outage.,,,,,MR20241210_REGULATOR_ACTUAL_VS_PLAN,Official forecast: no scheduled consumption restrictions; high temperatures were increasing demand. Confidence: high.【置信度：high】,no_restriction,national,no_restriction,primary,5,not_populated,execution_override,v3.0
R20240812_AUD_001,2024-08-12,ALL,,Ukrenergo,national,household,no_restriction,0,,2024-08-12 00:00:00+03:00,2024-08-13 00:00:00+03:00,,,2024-08-11 21:00:00+00:00,2024-08-12 21:00:00+00:00,,,Europe/Kyiv,no_restriction,high,"Official forecast: no scheduled restrictions. Weather-related outages in Kyiv Oblast were separately reported, so q0 must not be read as 'no outage anywhere'. Confidence: high.",audited_final,,,0,0,0,1,1,1,official_tso_archive,https://t.me/s/Ukrenergo/3163,Audit-added verified zero scheduled-restriction control. q0 does not imply no combat/technical/weather outage.,,,,,MR20241210_REGULATOR_ACTUAL_VS_PLAN,"Official forecast: no scheduled restrictions. Weather-related outages in Kyiv Oblast were separately reported, so q0 must not be read as 'no outage anywhere'. Confidence: high.【置信度：high】",no_restriction,national,no_restriction,primary,5,not_populated,execution_override,v3.0
R20240813_AUD_001,2024-08-13,ALL,,Ukrenergo,national,household,no_restriction,0,,2024-08-13 00:00:00+03:00,2024-08-14 00:00:00+03:00,,,2024-08-12 21:00:00+00:00,2024-08-13 21:00:00+00:00,,,Europe/Kyiv,no_restriction,high,"No scheduled restrictions were forecast, but a Russian UAV attack had caused temporary outages in parts of Chernihiv Oblast; excluded as a clean control. Confidence: high. v2.3说明：该全国q0仍可表示“无计划性限电”，但只可用于未列入 affected_admin1 的地区；受攻击地区必须按 key_event_registry 单独排除。",audited_final,,,0,1,0,0,1,0,official_tso_archive,https://t.me/s/ukrenergo?before=3176,Audit-added verified zero scheduled-restriction control. q0 does not imply no combat/technical/weather outage.,regional,Sumy Oblast|Chernihiv Oblast,KE20240813_NORTH_ATTACK,,MR20241210_REGULATOR_ACTUAL_VS_PLAN,"No scheduled restrictions were forecast, but a Russian UAV attack had caused temporary outages in parts of Chernihiv Oblast; excluded as a clean control. Confidence: high. v2.3说明：该全国q0仍可表示“无计划性限电”，但只可用于未列入 affected_admin1 的地区；受攻击地区必须按 key_event_registry 单独排除。【置信度：high】",no_restriction,national,no_restriction,primary,5,not_populated,execution_override,v3.0
R20240814_AUD_001,2024-08-14,ALL,,Ukrenergo,national,household,no_restriction,0,,2024-08-14 00:00:00+03:00,2024-08-15 00:00:00+03:00,,,2024-08-13 21:00:00+00:00,2024-08-14 21:00:00+00:00,,,Europe/Kyiv,no_restriction,high,Official forecast: no scheduled consumption restrictions. Confidence: high.,audited_final,,,0,0,0,0,1,0,official_tso_archive,https://t.me/s/Ukrenergo?before=3170,Audit-added verified zero scheduled-restriction control. q0 does not imply no combat/technical/weather outage.,,,,,MR20241210_REGULATOR_ACTUAL_VS_PLAN,Official forecast: no scheduled consumption restrictions. Confidence: high.【置信度：high】,no_restriction,national,no_restriction,primary,5,not_populated,execution_override,v3.0
R20240815_AUD_001,2024-08-15,ALL,,Ukrenergo,national,household,no_restriction,0,,2024-08-15 00:00:00+03:00,2024-08-16 00:00:00+03:00,,,2024-08-14 21:00:00+00:00,2024-08-15 21:00:00+00:00,,,Europe/Kyiv,no_restriction,high,Official forecast: no scheduled restrictions; heat increased consumption in southern and some western oblasts. Confidence: high.,audited_final,,,0,0,0,1,1,0,official_tso_archive,https://t.me/s/ukrenergo?before=3176,Audit-added verified zero scheduled-restriction control. q0 does not imply no combat/technical/weather outage.,,,,,MR20241210_REGULATOR_ACTUAL_VS_PLAN,Official forecast: no scheduled restrictions; heat increased consumption in southern and some western oblasts. Confidence: high.【置信度：high】,no_restriction,national,no_restriction,primary,5,not_populated,execution_override,v3.0
R20240816_AUD_001,2024-08-16,ALL,,Ukrenergo,national,household,no_restriction,0,,2024-08-16 00:00:00+03:00,2024-08-17 00:00:00+03:00,,,2024-08-15 21:00:00+00:00,2024-08-16 21:00:00+00:00,,,Europe/Kyiv,no_restriction,high,Official forecast: no scheduled restrictions. Confidence: high.,audited_final,,,0,0,0,0,1,1,official_tso_archive,https://t.me/s/Ukrenergo/3176,Audit-added verified zero scheduled-restriction control. q0 does not imply no combat/technical/weather outage.,,,,,MR20241210_REGULATOR_ACTUAL_VS_PLAN,Official forecast: no scheduled restrictions. Confidence: high.【置信度：high】,no_restriction,national,no_restriction,primary,5,not_populated,execution_override,v3.0
R20240817_AUD_001,2024-08-17,ALL,,Ukrenergo,national,household,no_restriction,0,,2024-08-17 00:00:00+03:00,2024-08-18 00:00:00+03:00,,,2024-08-16 21:00:00+00:00,2024-08-17 21:00:00+00:00,,,Europe/Kyiv,no_restriction,high,Official forecast: no scheduled restrictions. Confidence: high.,audited_final,,,0,0,0,0,1,0,official_tso_archive,https://t.me/s/ukrenergo?before=3176,Audit-added verified zero scheduled-restriction control. q0 does not imply no combat/technical/weather outage.,,,,,MR20241210_REGULATOR_ACTUAL_VS_PLAN,Official forecast: no scheduled restrictions. Confidence: high.【置信度：high】,no_restriction,national,no_restriction,primary,5,not_populated,execution_override,v3.0
R20240818_AUD_001,2024-08-18,ALL,,Ukrenergo,national,household,no_restriction,0,,2024-08-18 00:00:00+03:00,2024-08-19 00:00:00+03:00,,,2024-08-17 21:00:00+00:00,2024-08-18 21:00:00+00:00,,,Europe/Kyiv,no_restriction,high,Official forecast: no scheduled restrictions. Confidence: high.,audited_final,,,0,0,0,0,1,0,official_tso_archive,https://t.me/s/ukrenergo?before=3176,Audit-added verified zero scheduled-restriction control. q0 does not imply no combat/technical/weather outage.,,,,,MR20241210_REGULATOR_ACTUAL_VS_PLAN,Official forecast: no scheduled restrictions. Confidence: high.【置信度：high】,no_restriction,national,no_restriction,primary,5,not_populated,execution_override,v3.0
R20240819_NAT_001,2024-08-19,ALL,,Ukrenergo,national,household_general,hourly_schedule,0,,2024-08-19 00:00:00+03:00,2024-08-19 17:00:00+03:00,,,2024-08-18 21:00:00+00:00,2024-08-19 14:00:00+00:00,,,Europe/Kyiv,dispatch_confirmed,high,国家/地区调度要求该时段同时启用 0 个轮换队列。这表示调度强度，不等同于某个具体地址必然断电。 置信度：high。,final_dispatch,,,0,0,0,0,1,0,official_tso_archive,https://t.me/s/Ukrenergo?before=3184,,,,,,MR20241210_REGULATOR_ACTUAL_VS_PLAN,国家/地区调度要求该时段同时启用 0 个轮换队列。这表示调度强度，不等同于某个具体地址必然断电。 置信度：high。【置信度：high】,confirmed,national,GPV,primary,5,not_populated,planned_or_final_dispatch,v3.0
R20240819_NAT_002,2024-08-19,ALL,,Ukrenergo,national,household_general,hourly_schedule,1,,2024-08-19 17:00:00+03:00,2024-08-19 21:00:00+03:00,,,2024-08-19 14:00:00+00:00,2024-08-19 18:00:00+00:00,,,Europe/Kyiv,dispatch_confirmed,high,国家/地区调度要求该时段同时启用 1 个轮换队列。这表示调度强度，不等同于某个具体地址必然断电。 置信度：high。,final_dispatch,,,0,0,0,0,1,0,official_tso_archive,https://t.me/s/Ukrenergo?before=3184,,,,,,MR20241210_REGULATOR_ACTUAL_VS_PLAN,国家/地区调度要求该时段同时启用 1 个轮换队列。这表示调度强度，不等同于某个具体地址必然断电。 置信度：high。【置信度：high】,confirmed,national,GPV,primary,5,not_populated,planned_or_final_dispatch,v3.0
R20240819_NAT_003,2024-08-19,ALL,,Ukrenergo,national,household_general,hourly_schedule,0,,2024-08-19 21:00:00+03:00,2024-08-20 00:00:00+03:00,,,2024-08-19 18:00:00+00:00,2024-08-19 21:00:00+00:00,,,Europe/Kyiv,dispatch_confirmed,high,国家/地区调度要求该时段同时启用 0 个轮换队列。这表示调度强度，不等同于某个具体地址必然断电。 置信度：high。,final_dispatch,,,0,0,0,0,1,0,official_tso_archive,https://t.me/s/Ukrenergo?before=3184,,,,,,MR20241210_REGULATOR_ACTUAL_VS_PLAN,国家/地区调度要求该时段同时启用 0 个轮换队列。这表示调度强度，不等同于某个具体地址必然断电。 置信度：high。【置信度：high】,confirmed,national,GPV,primary,5,not_populated,planned_or_final_dispatch,v3.0
R20240820_NAT_001,2024-08-20,ALL,,Ukrenergo,national,household_general,hourly_schedule,0,,2024-08-20 00:00:00+03:00,2024-08-20 16:00:00+03:00,,,2024-08-19 21:00:00+00:00,2024-08-20 13:00:00+00:00,,,Europe/Kyiv,dispatch_confirmed,high,国家/地区调度要求该时段同时启用 0 个轮换队列。这表示调度强度，不等同于某个具体地址必然断电。 置信度：high。,final_dispatch,,,0,0,0,0,1,0,official_tso_archive,https://t.me/s/Ukrenergo?before=3202,,,,,,MR20241210_REGULATOR_ACTUAL_VS_PLAN,国家/地区调度要求该时段同时启用 0 个轮换队列。这表示调度强度，不等同于某个具体地址必然断电。 置信度：high。【置信度：high】,confirmed,national,GPV,primary,5,not_populated,planned_or_final_dispatch,v3.0
R20240820_NAT_002,2024-08-20,ALL,,Ukrenergo,national,household_general,hourly_schedule,1,,2024-08-20 16:00:00+03:00,2024-08-20 17:00:00+03:00,,,2024-08-20 13:00:00+00:00,2024-08-20 14:00:00+00:00,,,Europe/Kyiv,dispatch_confirmed,high,国家/地区调度要求该时段同时启用 1 个轮换队列。这表示调度强度，不等同于某个具体地址必然断电。 置信度：high。,final_dispatch,,,0,0,0,0,1,0,official_tso_archive,https://t.me/s/Ukrenergo?before=3202,,,,,,MR20241210_REGULATOR_ACTUAL_VS_PLAN,国家/地区调度要求该时段同时启用 1 个轮换队列。这表示调度强度，不等同于某个具体地址必然断电。 置信度：high。【置信度：high】,confirmed,national,GPV,primary,5,not_populated,planned_or_final_dispatch,v3.0
R20240820_NAT_003,2024-08-20,ALL,,Ukrenergo,national,household_general,hourly_schedule,2,,2024-08-20 17:00:00+03:00,2024-08-20 22:00:00+03:00,,,2024-08-20 14:00:00+00:00,2024-08-20 19:00:00+00:00,,,Europe/Kyiv,dispatch_confirmed,high,国家/地区调度要求该时段同时启用 2 个轮换队列。这表示调度强度，不等同于某个具体地址必然断电。 置信度：high。,final_dispatch,,,0,0,0,0,1,0,official_tso_archive,https://t.me/s/Ukrenergo?before=3202,,,,,,MR20241210_REGULATOR_ACTUAL_VS_PLAN,国家/地区调度要求该时段同时启用 2 个轮换队列。这表示调度强度，不等同于某个具体地址必然断电。 置信度：high。【置信度：high】,confirmed,national,GPV,primary,5,not_populated,planned_or_final_dispatch,v3.0
R20240820_NAT_004,2024-08-20,ALL,,Ukrenergo,national,household_general,hourly_schedule,1,,2024-08-20 22:00:00+03:00,2024-08-21 00:00:00+03:00,,,2024-08-20 19:00:00+00:00,2024-08-20 21:00:00+00:00,,,Europe/Kyiv,dispatch_confirmed,high,国家/地区调度要求该时段同时启用 1 个轮换队列。这表示调度强度，不等同于某个具体地址必然断电。 置信度：high。,final_dispatch,,,0,0,0,0,1,0,official_tso_archive,https://t.me/s/Ukrenergo?before=3202,,,,,,MR20241210_REGULATOR_ACTUAL_VS_PLAN,国家/地区调度要求该时段同时启用 1 个轮换队列。这表示调度强度，不等同于某个具体地址必然断电。 置信度：high。【置信度：high】,confirmed,national,GPV,primary,5,not_populated,planned_or_final_dispatch,v3.0
R20240821_NAT_001,2024-08-21,ALL,,Ukrenergo,national,household_general,hourly_schedule,0,,2024-08-21 00:00:00+03:00,2024-08-21 15:30:00+03:00,,,2024-08-20 21:00:00+00:00,2024-08-21 12:30:00+00:00,,,Europe/Kyiv,dispatch_confirmed,high,国家/地区调度要求该时段同时启用 0 个轮换队列。这表示调度强度，不等同于某个具体地址必然断电。 置信度：high。,final_dispatch,,,0,0,0,0,1,0,official_tso_archive,https://t.me/s/Ukrenergo?after=3186,,,,,,MR20241210_REGULATOR_ACTUAL_VS_PLAN,国家/地区调度要求该时段同时启用 0 个轮换队列。这表示调度强度，不等同于某个具体地址必然断电。 置信度：high。【置信度：high】,confirmed,national,GPV,primary,5,not_populated,planned_or_final_dispatch,v3.0
R20240821_NAT_002,2024-08-21,ALL,,Ukrenergo,national,household_general,hourly_schedule,1,,2024-08-21 15:30:00+03:00,2024-08-21 18:00:00+03:00,,,2024-08-21 12:30:00+00:00,2024-08-21 15:00:00+00:00,,,Europe/Kyiv,dispatch_confirmed,high,国家/地区调度要求该时段同时启用 1 个轮换队列。这表示调度强度，不等同于某个具体地址必然断电。 置信度：high。,final_dispatch,,,0,0,0,0,1,0,official_tso_archive,https://t.me/s/Ukrenergo?after=3186,,,,,,MR20241210_REGULATOR_ACTUAL_VS_PLAN,国家/地区调度要求该时段同时启用 1 个轮换队列。这表示调度强度，不等同于某个具体地址必然断电。 置信度：high。【置信度：high】,confirmed,national,GPV,primary,5,not_populated,planned_or_final_dispatch,v3.0
R20240821_NAT_003,2024-08-21,ALL,,Ukrenergo,national,household_general,hourly_schedule,2,,2024-08-21 18:00:00+03:00,2024-08-21 22:00:00+03:00,,,2024-08-21 15:00:00+00:00,2024-08-21 19:00:00+00:00,,,Europe/Kyiv,dispatch_confirmed,high,国家/地区调度要求该时段同时启用 2 个轮换队列。这表示调度强度，不等同于某个具体地址必然断电。 置信度：high。,final_dispatch,,,0,0,0,0,1,0,official_tso_archive,https://t.me/s/Ukrenergo?after=3186,,,,,,MR20241210_REGULATOR_ACTUAL_VS_PLAN,国家/地区调度要求该时段同时启用 2 个轮换队列。这表示调度强度，不等同于某个具体地址必然断电。 置信度：high。【置信度：high】,confirmed,national,GPV,primary,5,not_populated,planned_or_final_dispatch,v3.0
R20240821_NAT_004,2024-08-21,ALL,,Ukrenergo,national,household_general,hourly_schedule,1,,2024-08-21 22:00:00+03:00,2024-08-22 00:00:00+03:00,,,2024-08-21 19:00:00+00:00,2024-08-21 21:00:00+00:00,,,Europe/Kyiv,dispatch_confirmed,high,国家/地区调度要求该时段同时启用 1 个轮换队列。这表示调度强度，不等同于某个具体地址必然断电。 置信度：high。,final_dispatch,,,0,0,0,0,1,0,official_tso_archive,https://t.me/s/Ukrenergo?after=3186,,,,,,MR20241210_REGULATOR_ACTUAL_VS_PLAN,国家/地区调度要求该时段同时启用 1 个轮换队列。这表示调度强度，不等同于某个具体地址必然断电。 置信度：high。【置信度：high】,confirmed,national,GPV,primary,5,not_populated,planned_or_final_dispatch,v3.0
R20240822_NAT_001,2024-08-22,ALL,,Ukrenergo,national,household_general,no_restriction,0,,2024-08-22 00:00:00+03:00,2024-08-23 00:00:00+03:00,,,2024-08-21 21:00:00+00:00,2024-08-22 21:00:00+00:00,,,Europe/Kyiv,no_restriction,medium,官方明确该时段不执行计划性小时停电，可作为对照窗口；但地方技术故障、战损或临时紧急停电仍可能发生。 置信度：medium。,final_dispatch,,,0,0,0,0,1,0,official_tso_archive,https://t.me/s/Ukrenergo?before=3208,,,,,,MR20241210_REGULATOR_ACTUAL_VS_PLAN,官方明确该时段不执行计划性小时停电，可作为对照窗口；但地方技术故障、战损或临时紧急停电仍可能发生。 置信度：medium。【置信度：medium】,no_restriction,national,no_restriction,primary,5,not_populated,execution_override,v3.0
R20240823_AUD_001,2024-08-23,ALL,,Ukrenergo,national,household,no_restriction,0,,2024-08-23 00:00:00+03:00,2024-08-24 00:00:00+03:00,,,2024-08-22 21:00:00+00:00,2024-08-23 21:00:00+00:00,,,Europe/Kyiv,no_restriction,high,Official archive indicates no scheduled restriction around the Independence-Day weekend; retained as a control only at national planned-schedule level. Confidence: high.,audited_final,,,0,0,0,0,1,0,official_tso_archive,https://t.me/s/ukrenergo?before=3221,Audit-added verified zero scheduled-restriction control. q0 does not imply no combat/technical/weather outage.,,,,,MR20241210_REGULATOR_ACTUAL_VS_PLAN,Official archive indicates no scheduled restriction around the Independence-Day weekend; retained as a control only at national planned-schedule level. Confidence: high.【置信度：high】,no_restriction,national,no_restriction,primary,5,not_populated,execution_override,v3.0
R20240824_NAT_001,2024-08-24,ALL,,Ukrenergo,national,household_general,no_restriction,0,,2024-08-24 00:00:00+03:00,2024-08-25 00:00:00+03:00,,,2024-08-23 21:00:00+00:00,2024-08-24 21:00:00+00:00,,,Europe/Kyiv,no_restriction,medium,官方明确该时段不执行计划性小时停电，可作为对照窗口；但地方技术故障、战损或临时紧急停电仍可能发生。 置信度：medium。,final_dispatch,,,0,0,0,0,1,0,official_tso_archive,https://t.me/s/Ukrenergo?before=3212,,,,,,MR20241210_REGULATOR_ACTUAL_VS_PLAN,官方明确该时段不执行计划性小时停电，可作为对照窗口；但地方技术故障、战损或临时紧急停电仍可能发生。 置信度：medium。【置信度：medium】,no_restriction,national,no_restriction,primary,5,not_populated,execution_override,v3.0
R20240825_AUD_001,2024-08-25,ALL,,Ukrenergo,national,household,no_restriction,0,,2024-08-25 00:00:00+03:00,2024-08-26 00:00:00+03:00,,,2024-08-24 21:00:00+00:00,2024-08-25 21:00:00+00:00,,,Europe/Kyiv,no_restriction,high,Official forecast: no consumption restriction measures planned. Confidence: high.,audited_final,,,0,0,0,0,1,0,official_tso_archive,https://t.me/s/Ukrenergo?before=3211,Audit-added verified zero scheduled-restriction control. q0 does not imply no combat/technical/weather outage.,,,,,MR20241210_REGULATOR_ACTUAL_VS_PLAN,Official forecast: no consumption restriction measures planned. Confidence: high.【置信度：high】,no_restriction,national,no_restriction,primary,5,not_populated,execution_override,v3.0
R20240826_NAT_001,2024-08-26,ALL,,Ukrenergo,national,household_general,emergency_outage,,,2024-08-26 08:10:00+03:00,2024-08-27 00:00:00+03:00,,,2024-08-26 05:10:00+00:00,2024-08-26 21:00:00+00:00,,,Europe/Kyiv,emergency_override,high,8 月 26 日大规模导弹/无人机袭击触发全国范围紧急限制与恢复过程。这里仅把攻击后进入应急停电状态的时间作为事件锚点，实际各州开始/结束并不一致，不把它当作连续到午夜的地址级停电。 置信度：high。,final_dispatch,,,1,1,0,0,0,0,official_tso_archive,https://t.me/s/Ukrenergo?before=3217,,national_system,15 regions + Kyiv City,KE20240826_MAJOR_ATTACK,XE20240826_KH_GAV_REPORTED|XE20240826_KH_GAV_TO_GPV|XE20240826_SUMY_GAV_CANCEL1|XE20240826_SUMY_GAV_CANCELALL|XE20240826_SUMY_GPV_REDUCE,MR20241210_REGULATOR_ACTUAL_VS_PLAN,8 月 26 日大规模导弹/无人机袭击触发全国范围紧急限制与恢复过程。这里仅把攻击后进入应急停电状态的时间作为事件锚点，实际各州开始/结束并不一致，不把它当作连续到午夜的地址级停电。 置信度：high。【置信度：high】,emergency_override,national,emergency,primary,5,not_populated,emergency_override,v3.0
R20240827_NAT_001,2024-08-27,ALL,,Ukrenergo,national,household_general,hourly_schedule,3,,2024-08-27 00:00:00+03:00,2024-08-27 06:00:00+03:00,,,2024-08-26 21:00:00+00:00,2024-08-27 03:00:00+00:00,,,Europe/Kyiv,dispatch_confirmed,high,国家/地区调度要求该时段同时启用 3 个轮换队列；按 Ukrenergo 的解释，3 个队列约对应每个地区一半非关键用户同时处于轮换限制范围。这表示调度强度，不等同于某个具体地址必然断电。 置信度：high。,final_dispatch,,,0,1,0,0,0,0,official_tso_archive,https://t.me/s/Ukrenergo?before=3217,,,,,XE20240827_DN_EMG_TO_STAB|XE20240827_OD_EMG_TO_STAB|XE20240827_SUMY_GAV_ACTIVATE|XE20240827_SUMY_GAV_REDUCE|XE20240827_SUMY_GAV_ROTATE_1656|XE20240827_SUMY_GAV_ROTATE_1849|XE20240827_SUMY_GAV_CANCELALL_2144,MR20241210_REGULATOR_ACTUAL_VS_PLAN,国家/地区调度要求该时段同时启用 3 个轮换队列；按 Ukrenergo 的解释，3 个队列约对应每个地区一半非关键用户同时处于轮换限制范围。这表示调度强度，不等同于某个具体地址必然断电。 置信度：high。【置信度：high】,confirmed,national,GPV,primary,5,not_populated,planned_or_final_dispatch,v3.0
R20240827_NAT_002,2024-08-27,ALL,,Ukrenergo,national,household_general,hourly_schedule,4,,2024-08-27 06:00:00+03:00,2024-08-27 11:00:00+03:00,,,2024-08-27 03:00:00+00:00,2024-08-27 08:00:00+00:00,,,Europe/Kyiv,dispatch_confirmed,high,国家/地区调度要求该时段同时启用 4 个轮换队列；按 Ukrenergo 的解释，4 个队列可对应约 70% 非关键用户处于轮换限制范围。这表示调度强度，不等同于某个具体地址必然断电。 置信度：high。,final_dispatch,,,0,1,0,0,0,0,official_tso_archive,https://t.me/s/Ukrenergo?before=3217,,,,,XE20240827_DN_EMG_TO_STAB|XE20240827_OD_EMG_TO_STAB|XE20240827_SUMY_GAV_ACTIVATE|XE20240827_SUMY_GAV_REDUCE|XE20240827_SUMY_GAV_ROTATE_1656|XE20240827_SUMY_GAV_ROTATE_1849|XE20240827_SUMY_GAV_CANCELALL_2144,MR20241210_REGULATOR_ACTUAL_VS_PLAN,国家/地区调度要求该时段同时启用 4 个轮换队列；按 Ukrenergo 的解释，4 个队列可对应约 70% 非关键用户处于轮换限制范围。这表示调度强度，不等同于某个具体地址必然断电。 置信度：high。【置信度：high】,confirmed,national,GPV,primary,5,not_populated,planned_or_final_dispatch,v3.0
R20240827_NAT_003,2024-08-27,ALL,,Ukrenergo,national,household_general,hourly_schedule,3,,2024-08-27 11:00:00+03:00,2024-08-27 15:00:00+03:00,,,2024-08-27 08:00:00+00:00,2024-08-27 12:00:00+00:00,,,Europe/Kyiv,dispatch_confirmed,high,国家/地区调度要求该时段同时启用 3 个轮换队列；按 Ukrenergo 的解释，3 个队列约对应每个地区一半非关键用户同时处于轮换限制范围。这表示调度强度，不等同于某个具体地址必然断电。 置信度：high。,final_dispatch,,,0,1,0,0,0,0,official_tso_archive,https://t.me/s/Ukrenergo?before=3217,,,,,XE20240827_DN_EMG_TO_STAB|XE20240827_OD_EMG_TO_STAB|XE20240827_SUMY_GAV_ACTIVATE|XE20240827_SUMY_GAV_REDUCE|XE20240827_SUMY_GAV_ROTATE_1656|XE20240827_SUMY_GAV_ROTATE_1849|XE20240827_SUMY_GAV_CANCELALL_2144,MR20241210_REGULATOR_ACTUAL_VS_PLAN,国家/地区调度要求该时段同时启用 3 个轮换队列；按 Ukrenergo 的解释，3 个队列约对应每个地区一半非关键用户同时处于轮换限制范围。这表示调度强度，不等同于某个具体地址必然断电。 置信度：high。【置信度：high】,confirmed,national,GPV,primary,5,not_populated,planned_or_final_dispatch,v3.0
R20240827_NAT_004,2024-08-27,ALL,,Ukrenergo,national,household_general,hourly_schedule,4,,2024-08-27 15:00:00+03:00,2024-08-27 21:00:00+03:00,,,2024-08-27 12:00:00+00:00,2024-08-27 18:00:00+00:00,,,Europe/Kyiv,dispatch_confirmed,high,国家/地区调度要求该时段同时启用 4 个轮换队列；按 Ukrenergo 的解释，4 个队列可对应约 70% 非关键用户处于轮换限制范围。这表示调度强度，不等同于某个具体地址必然断电。 置信度：high。,final_dispatch,,,0,1,0,0,0,0,official_tso_archive,https://t.me/s/Ukrenergo?before=3217,,,,,XE20240827_DN_EMG_TO_STAB|XE20240827_OD_EMG_TO_STAB|XE20240827_SUMY_GAV_ACTIVATE|XE20240827_SUMY_GAV_REDUCE|XE20240827_SUMY_GAV_ROTATE_1656|XE20240827_SUMY_GAV_ROTATE_1849|XE20240827_SUMY_GAV_CANCELALL_2144,MR20241210_REGULATOR_ACTUAL_VS_PLAN,国家/地区调度要求该时段同时启用 4 个轮换队列；按 Ukrenergo 的解释，4 个队列可对应约 70% 非关键用户处于轮换限制范围。这表示调度强度，不等同于某个具体地址必然断电。 置信度：high。【置信度：high】,confirmed,national,GPV,primary,5,not_populated,planned_or_final_dispatch,v3.0
R20240827_NAT_005,2024-08-27,ALL,,Ukrenergo,national,household_general,hourly_schedule,3,,2024-08-27 21:00:00+03:00,2024-08-28 00:00:00+03:00,,,2024-08-27 18:00:00+00:00,2024-08-27 21:00:00+00:00,,,Europe/Kyiv,dispatch_confirmed,high,国家/地区调度要求该时段同时启用 3 个轮换队列；按 Ukrenergo 的解释，3 个队列约对应每个地区一半非关键用户同时处于轮换限制范围。这表示调度强度，不等同于某个具体地址必然断电。 置信度：high。,final_dispatch,,,0,1,0,0,0,0,official_tso_archive,https://t.me/s/Ukrenergo?before=3217,,,,,XE20240827_DN_EMG_TO_STAB|XE20240827_OD_EMG_TO_STAB|XE20240827_SUMY_GAV_ACTIVATE|XE20240827_SUMY_GAV_REDUCE|XE20240827_SUMY_GAV_ROTATE_1656|XE20240827_SUMY_GAV_ROTATE_1849|XE20240827_SUMY_GAV_CANCELALL_2144,MR20241210_REGULATOR_ACTUAL_VS_PLAN,国家/地区调度要求该时段同时启用 3 个轮换队列；按 Ukrenergo 的解释，3 个队列约对应每个地区一半非关键用户同时处于轮换限制范围。这表示调度强度，不等同于某个具体地址必然断电。 置信度：high。【置信度：high】,confirmed,national,GPV,primary,5,not_populated,planned_or_final_dispatch,v3.0
R20240828_NAT_001,2024-08-28,ALL,,Ukrenergo,national,household_general,hourly_schedule,2,,2024-08-28 00:00:00+03:00,2024-08-29 00:00:00+03:00,,,2024-08-27 21:00:00+00:00,2024-08-28 21:00:00+00:00,,,Europe/Kyiv,dispatch_confirmed,high,全国基线为两队列；部分受损严重地区 07:00–22:00 被提高到三队列，因此本条只表示全国基线，区域覆盖另需用 oblenenergo/区域更新。 置信度：high。,final_dispatch,,,0,1,0,0,0,0,official_tso_archive,https://t.me/s/Ukrenergo?before=3220,,,,,XE20240828_SUMY_GAV_ACTIVATE|XE20240828_SUMY_GAV_CANCEL,MR20241210_REGULATOR_ACTUAL_VS_PLAN,全国基线为两队列；部分受损严重地区 07:00–22:00 被提高到三队列，因此本条只表示全国基线，区域覆盖另需用 oblenenergo/区域更新。 置信度：high。【置信度：high】,confirmed,national,GPV,primary,5,not_populated,planned_or_final_dispatch,v3.0
R20240829_NAT_001,2024-08-29,ALL,,Ukrenergo,national,household_general,hourly_schedule,2,,2024-08-29 00:00:00+03:00,2024-08-29 15:00:00+03:00,,,2024-08-28 21:00:00+00:00,2024-08-29 12:00:00+00:00,,,Europe/Kyiv,dispatch_confirmed,high,国家/地区调度要求该时段同时启用 2 个轮换队列。这表示调度强度，不等同于某个具体地址必然断电。 置信度：high。,final_dispatch,,,1,1,0,0,0,0,official_tso_archive,https://t.me/s/Ukrenergo?before=3225,,,,KE20240829_SUMY_EMERGENCY|KE20240829_KHARKIV_SHELLING_OUTAGE|KE20240829_MULTI_REGION_EMERGENCY,XE20240829_SUMY_GAV_ADD_Q2|XE20240829_KH_PHYSICAL_OUTAGE|XE20240829_DN_EMG_STATE_1156,MR20241210_REGULATOR_ACTUAL_VS_PLAN,国家/地区调度要求该时段同时启用 2 个轮换队列。这表示调度强度，不等同于某个具体地址必然断电。 置信度：high。【置信度：high】,confirmed,national,GPV,primary,5,not_populated,planned_or_final_dispatch,v3.0
R20240829_NAT_002,2024-08-29,ALL,,Ukrenergo,national,household_general,hourly_schedule,3,,2024-08-29 15:00:00+03:00,2024-08-29 22:00:00+03:00,,,2024-08-29 12:00:00+00:00,2024-08-29 19:00:00+00:00,,,Europe/Kyiv,dispatch_confirmed,high,国家/地区调度要求该时段同时启用 3 个轮换队列；按 Ukrenergo 的解释，3 个队列约对应每个地区一半非关键用户同时处于轮换限制范围。这表示调度强度，不等同于某个具体地址必然断电。 置信度：high。,final_dispatch,,,1,1,0,0,0,0,official_tso_archive,https://t.me/s/Ukrenergo?before=3225,,,,KE20240829_SUMY_EMERGENCY|KE20240829_KHARKIV_SHELLING_OUTAGE|KE20240829_MULTI_REGION_EMERGENCY,XE20240829_SUMY_GAV_ADD_Q2|XE20240829_KH_PHYSICAL_OUTAGE,MR20241210_REGULATOR_ACTUAL_VS_PLAN,国家/地区调度要求该时段同时启用 3 个轮换队列；按 Ukrenergo 的解释，3 个队列约对应每个地区一半非关键用户同时处于轮换限制范围。这表示调度强度，不等同于某个具体地址必然断电。 置信度：high。【置信度：high】,confirmed,national,GPV,primary,5,not_populated,planned_or_final_dispatch,v3.0
R20240829_NAT_003,2024-08-29,ALL,,Ukrenergo,national,household_general,hourly_schedule,2,,2024-08-29 22:00:00+03:00,2024-08-30 00:00:00+03:00,,,2024-08-29 19:00:00+00:00,2024-08-29 21:00:00+00:00,,,Europe/Kyiv,dispatch_confirmed,high,国家/地区调度要求该时段同时启用 2 个轮换队列。这表示调度强度，不等同于某个具体地址必然断电。 置信度：high。,final_dispatch,,,1,1,0,0,0,0,official_tso_archive,https://t.me/s/Ukrenergo?before=3225,,,,KE20240829_SUMY_EMERGENCY|KE20240829_KHARKIV_SHELLING_OUTAGE|KE20240829_MULTI_REGION_EMERGENCY,XE20240829_SUMY_GAV_ADD_Q2|XE20240829_KH_PHYSICAL_OUTAGE,MR20241210_REGULATOR_ACTUAL_VS_PLAN,国家/地区调度要求该时段同时启用 2 个轮换队列。这表示调度强度，不等同于某个具体地址必然断电。 置信度：high。【置信度：high】,confirmed,national,GPV,primary,5,not_populated,planned_or_final_dispatch,v3.0
R20240830_NAT_001,2024-08-30,ALL,,Ukrenergo,national,household_general,hourly_schedule,1,,2024-08-30 00:00:00+03:00,2024-08-30 06:00:00+03:00,,,2024-08-29 21:00:00+00:00,2024-08-30 03:00:00+00:00,,,Europe/Kyiv,dispatch_confirmed,medium,国家/地区调度要求该时段同时启用 1 个轮换队列。这表示调度强度，不等同于某个具体地址必然断电。 置信度：medium。,final_dispatch,,,1,1,0,0,0,0,official_tso_archive,https://t.me/s/Ukrenergo?before=3230,,multi_region,Kyiv City|16 oblasts,KE20240830_MULTI_REGION_EMERGENCY,XE20240830_SUMY_GAV_ACTIVATE|XE20240830_SUMY_GAV_CANCEL|XE20240830_KH_GAV_START_INTERVAL|XE20240830_DN_PREV_EMG_CANCEL_0300,MR20241210_REGULATOR_ACTUAL_VS_PLAN,国家/地区调度要求该时段同时启用 1 个轮换队列。这表示调度强度，不等同于某个具体地址必然断电。 置信度：medium。【置信度：medium】,confirmed,national,GPV,primary,5,not_populated,planned_or_final_dispatch,v3.0
R20240830_SUMYOBLA_001,2024-08-30,Sumy Oblast,,Sumyoblenergo,oblast,household_general,hourly_schedule,,ALL,2024-08-30 00:00:00+03:00,2024-08-31 00:00:00+03:00,,,2024-08-29 21:00:00+00:00,2024-08-30 21:00:00+00:00,,,Europe/Kyiv,confirmed,high,Sumy Oblast 的运营商同日执行状态为 confirmed。8 月 26 日大规模攻击后的恢复过程构成强混杂，建议仅用于执行差异/敏感性分析。 置信度：high。,final_dispatch,,,0,1,0,0,0,0,official_dso,https://t.me/s/SumyEnergo?before=1286,,multi_region,Kyiv City|16 oblasts,KE20240830_MULTI_REGION_EMERGENCY,XE20240830_SUMY_GAV_ACTIVATE|XE20240830_SUMY_GAV_CANCEL,MR20241210_REGULATOR_ACTUAL_VS_PLAN,Sumy Oblast 的运营商同日执行状态为 confirmed。8 月 26 日大规模攻击后的恢复过程构成强混杂，建议仅用于执行差异/敏感性分析。 置信度：high。【置信度：high】,confirmed,oblast,GPV,primary,5,not_populated,planned_or_final_dispatch,v3.0
R20240830_VOLYNOBL_001,2024-08-30,Volyn Oblast,,Volynoblenergo,oblast,household_general,hourly_schedule,,ALL,2024-08-30 00:00:00+03:00,2024-08-31 00:00:00+03:00,,,2024-08-29 21:00:00+00:00,2024-08-30 21:00:00+00:00,,,Europe/Kyiv,cancelled,high,Volyn Oblast 的运营商同日执行状态为 cancelled。8 月 26 日大规模攻击后的恢复过程构成强混杂，建议仅用于执行差异/敏感性分析。 置信度：high。,final_dispatch,,,0,1,0,0,0,1,official_dso,https://energy.volyn.ua/pro-tovarystvo/novyny/gpv-gav-sgav/,,multi_region,Kyiv City|16 oblasts,KE20240830_MULTI_REGION_EMERGENCY,,MR20241210_REGULATOR_ACTUAL_VS_PLAN,Volyn Oblast 的运营商同日执行状态为 cancelled。8 月 26 日大规模攻击后的恢复过程构成强混杂，建议仅用于执行差异/敏感性分析。 置信度：high。【置信度：high】,cancelled,oblast,GPV,primary,5,not_populated,planned_or_final_dispatch,v3.0
R20240830_ZAPORIZH_001,2024-08-30,Zaporizhzhia Oblast,,Zaporizhzhyaoblenergo,oblast,household_general,hourly_schedule,,ALL,2024-08-30 00:00:00+03:00,2024-08-31 00:00:00+03:00,,,2024-08-29 21:00:00+00:00,2024-08-30 21:00:00+00:00,,,Europe/Kyiv,confirmed,high,Zaporizhzhia Oblast 的运营商同日执行状态为 confirmed。8 月 26 日大规模攻击后的恢复过程构成强混杂，建议仅用于执行差异/敏感性分析。 置信度：high。,final_dispatch,,,0,1,0,0,0,0,official_dso,https://t.me/s/Zaporizhzhyaoblenergo_news?before=1231,,multi_region,Kyiv City|16 oblasts,KE20240830_MULTI_REGION_EMERGENCY,,MR20241210_REGULATOR_ACTUAL_VS_PLAN,Zaporizhzhia Oblast 的运营商同日执行状态为 confirmed。8 月 26 日大规模攻击后的恢复过程构成强混杂，建议仅用于执行差异/敏感性分析。 置信度：high。【置信度：high】,confirmed,oblast,GPV,primary,5,not_populated,planned_or_final_dispatch,v3.0
R20240830_NAT_002,2024-08-30,ALL,,Ukrenergo,national,household_general,hourly_schedule,2,,2024-08-30 06:00:00+03:00,2024-08-30 09:00:00+03:00,,,2024-08-30 03:00:00+00:00,2024-08-30 06:00:00+00:00,,,Europe/Kyiv,dispatch_confirmed,medium,国家/地区调度要求该时段同时启用 2 个轮换队列。这表示调度强度，不等同于某个具体地址必然断电。 置信度：medium。,final_dispatch,,,0,1,0,0,0,0,official_tso_archive,https://t.me/s/Ukrenergo?before=3230,,multi_region,Kyiv City|16 oblasts,KE20240830_MULTI_REGION_EMERGENCY,XE20240830_SUMY_GAV_ACTIVATE|XE20240830_SUMY_GAV_CANCEL|XE20240830_KH_GAV_START_INTERVAL,MR20241210_REGULATOR_ACTUAL_VS_PLAN,国家/地区调度要求该时段同时启用 2 个轮换队列。这表示调度强度，不等同于某个具体地址必然断电。 置信度：medium。【置信度：medium】,confirmed,national,GPV,primary,5,not_populated,planned_or_final_dispatch,v3.0
R20240830_NAT_003,2024-08-30,ALL,,Ukrenergo,national,household_general,hourly_schedule,1,,2024-08-30 09:00:00+03:00,2024-08-30 14:00:00+03:00,,,2024-08-30 06:00:00+00:00,2024-08-30 11:00:00+00:00,,,Europe/Kyiv,dispatch_confirmed,medium,国家/地区调度要求该时段同时启用 1 个轮换队列。这表示调度强度，不等同于某个具体地址必然断电。 置信度：medium。,final_dispatch,,,1,1,0,0,0,0,official_tso_archive,https://t.me/s/Ukrenergo?before=3230,,multi_region,Kyiv City|16 oblasts,KE20240830_MULTI_REGION_EMERGENCY,XE20240830_SUMY_GAV_ACTIVATE|XE20240830_SUMY_GAV_CANCEL|XE20240830_KH_GAV_START_INTERVAL|XE20240830_DN_EMG_STATE_1035|XE20240830_CEK_GAV_STATE_1035|XE20240830_OD_EMG_STATE_1035|XE20240830_KH_RESTORE_PARTIAL_1152,MR20241210_REGULATOR_ACTUAL_VS_PLAN,国家/地区调度要求该时段同时启用 1 个轮换队列。这表示调度强度，不等同于某个具体地址必然断电。 置信度：medium。【置信度：medium】,confirmed,national,GPV,primary,5,not_populated,planned_or_final_dispatch,v3.0
R20240830_NAT_004,2024-08-30,ALL,,Ukrenergo,national,household_general,hourly_schedule,2,,2024-08-30 14:00:00+03:00,2024-08-30 18:00:00+03:00,,,2024-08-30 11:00:00+00:00,2024-08-30 15:00:00+00:00,,,Europe/Kyiv,dispatch_confirmed,medium,国家/地区调度要求该时段同时启用 2 个轮换队列。这表示调度强度，不等同于某个具体地址必然断电。 置信度：medium。,final_dispatch,,,0,1,0,0,0,0,official_tso_archive,https://t.me/s/Ukrenergo?before=3230,,multi_region,Kyiv City|16 oblasts,KE20240830_MULTI_REGION_EMERGENCY,XE20240830_SUMY_GAV_ACTIVATE|XE20240830_SUMY_GAV_CANCEL|XE20240830_KH_GAV_START_INTERVAL,MR20241210_REGULATOR_ACTUAL_VS_PLAN,国家/地区调度要求该时段同时启用 2 个轮换队列。这表示调度强度，不等同于某个具体地址必然断电。 置信度：medium。【置信度：medium】,confirmed,national,GPV,primary,5,not_populated,planned_or_final_dispatch,v3.0
R20240830_NAT_005,2024-08-30,ALL,,Ukrenergo,national,household_general,hourly_schedule,3,,2024-08-30 18:00:00+03:00,2024-08-30 21:00:00+03:00,,,2024-08-30 15:00:00+00:00,2024-08-30 18:00:00+00:00,,,Europe/Kyiv,dispatch_confirmed,medium,国家/地区调度要求该时段同时启用 3 个轮换队列；按 Ukrenergo 的解释，3 个队列约对应每个地区一半非关键用户同时处于轮换限制范围。这表示调度强度，不等同于某个具体地址必然断电。 置信度：medium。,final_dispatch,,,0,1,0,0,0,0,official_tso_archive,https://t.me/s/Ukrenergo?before=3230,,multi_region,Kyiv City|16 oblasts,KE20240830_MULTI_REGION_EMERGENCY,XE20240830_SUMY_GAV_ACTIVATE|XE20240830_SUMY_GAV_CANCEL|XE20240830_KH_GAV_START_INTERVAL,MR20241210_REGULATOR_ACTUAL_VS_PLAN,国家/地区调度要求该时段同时启用 3 个轮换队列；按 Ukrenergo 的解释，3 个队列约对应每个地区一半非关键用户同时处于轮换限制范围。这表示调度强度，不等同于某个具体地址必然断电。 置信度：medium。【置信度：medium】,confirmed,national,GPV,primary,5,not_populated,planned_or_final_dispatch,v3.0
R20240830_NAT_006,2024-08-30,ALL,,Ukrenergo,national,household_general,hourly_schedule,2,,2024-08-30 21:00:00+03:00,2024-08-31 00:00:00+03:00,,,2024-08-30 18:00:00+00:00,2024-08-30 21:00:00+00:00,,,Europe/Kyiv,dispatch_confirmed,medium,国家/地区调度要求该时段同时启用 2 个轮换队列。这表示调度强度，不等同于某个具体地址必然断电。 置信度：medium。,final_dispatch,,,0,1,0,0,0,0,official_tso_archive,https://t.me/s/Ukrenergo?before=3230,,multi_region,Kyiv City|16 oblasts,KE20240830_MULTI_REGION_EMERGENCY,XE20240830_SUMY_GAV_ACTIVATE|XE20240830_SUMY_GAV_CANCEL|XE20240830_KH_GAV_START_INTERVAL,MR20241210_REGULATOR_ACTUAL_VS_PLAN,国家/地区调度要求该时段同时启用 2 个轮换队列。这表示调度强度，不等同于某个具体地址必然断电。 置信度：medium。【置信度：medium】,confirmed,national,GPV,primary,5,not_populated,planned_or_final_dispatch,v3.0
R20240831_NAT_001,2024-08-31,ALL,,Ukrenergo,national,household_general,hourly_schedule,1,,2024-08-31 00:00:00+03:00,2024-08-31 16:00:00+03:00,,,2024-08-30 21:00:00+00:00,2024-08-31 13:00:00+00:00,,,Europe/Kyiv,dispatch_confirmed,high,国家/地区调度要求该时段同时启用 1 个轮换队列。这表示调度强度，不等同于某个具体地址必然断电。 置信度：high。,final_dispatch,,,0,0,0,0,1,1,official_tso,https://t.me/s/Ukrenergo/3218,,,,,,MR20241210_REGULATOR_ACTUAL_VS_PLAN,国家/地区调度要求该时段同时启用 1 个轮换队列。这表示调度强度，不等同于某个具体地址必然断电。 置信度：high。【置信度：high】,confirmed,national,GPV,primary,5,not_populated,planned_or_final_dispatch,v3.0
R20240831_NAT_002,2024-08-31,ALL,,Ukrenergo,national,household_general,hourly_schedule,2,,2024-08-31 16:00:00+03:00,2024-08-31 22:00:00+03:00,,,2024-08-31 13:00:00+00:00,2024-08-31 19:00:00+00:00,,,Europe/Kyiv,dispatch_confirmed,high,国家/地区调度要求该时段同时启用 2 个轮换队列。这表示调度强度，不等同于某个具体地址必然断电。 置信度：high。,final_dispatch,,,0,0,0,0,1,1,official_tso,https://t.me/s/Ukrenergo/3218,,,,,,MR20241210_REGULATOR_ACTUAL_VS_PLAN,国家/地区调度要求该时段同时启用 2 个轮换队列。这表示调度强度，不等同于某个具体地址必然断电。 置信度：high。【置信度：high】,confirmed,national,GPV,primary,5,not_populated,planned_or_final_dispatch,v3.0
R20240831_NAT_003,2024-08-31,ALL,,Ukrenergo,national,household_general,hourly_schedule,1,,2024-08-31 22:00:00+03:00,2024-09-01 00:00:00+03:00,,,2024-08-31 19:00:00+00:00,2024-08-31 21:00:00+00:00,,,Europe/Kyiv,dispatch_confirmed,high,国家/地区调度要求该时段同时启用 1 个轮换队列。这表示调度强度，不等同于某个具体地址必然断电。 置信度：high。,final_dispatch,,,0,0,0,0,1,1,official_tso,https://t.me/s/Ukrenergo/3218,,,,,,MR20241210_REGULATOR_ACTUAL_VS_PLAN,国家/地区调度要求该时段同时启用 1 个轮换队列。这表示调度强度，不等同于某个具体地址必然断电。 置信度：high。【置信度：high】,confirmed,national,GPV,primary,5,not_populated,planned_or_final_dispatch,v3.0
R20240901_NAT_001,2024-09-01,ALL,,Ukrenergo,national,household_general,hourly_schedule,1,,2024-09-01 00:00:00+03:00,2024-09-01 17:00:00+03:00,,,2024-08-31 21:00:00+00:00,2024-09-01 14:00:00+00:00,,,Europe/Kyiv,dispatch_confirmed,high,国家/地区调度要求该时段同时启用 1 个轮换队列。这表示调度强度，不等同于某个具体地址必然断电。 置信度：high。,final_dispatch,,,0,0,0,0,1,1,official_tso,https://t.me/s/Ukrenergo/3218,,,,KE20240901_SUMY_EMERGENCY,XE20240901_SUMY_GAV_ACTIVATE|XE20240901_SUMY_GAV_CANCEL_BY,MR20241210_REGULATOR_ACTUAL_VS_PLAN,国家/地区调度要求该时段同时启用 1 个轮换队列。这表示调度强度，不等同于某个具体地址必然断电。 置信度：high。【置信度：high】,confirmed,national,GPV,primary,5,not_populated,planned_or_final_dispatch,v3.0
R20240901_NAT_002,2024-09-01,ALL,,Ukrenergo,national,household_general,hourly_schedule,2,,2024-09-01 17:00:00+03:00,2024-09-01 22:00:00+03:00,,,2024-09-01 14:00:00+00:00,2024-09-01 19:00:00+00:00,,,Europe/Kyiv,dispatch_confirmed,high,国家/地区调度要求该时段同时启用 2 个轮换队列。这表示调度强度，不等同于某个具体地址必然断电。 置信度：high。,final_dispatch,,,0,0,0,0,1,1,official_tso,https://t.me/s/Ukrenergo/3218,,,,KE20240901_SUMY_EMERGENCY,XE20240901_SUMY_GAV_ACTIVATE|XE20240901_SUMY_GAV_CANCEL_BY,MR20241210_REGULATOR_ACTUAL_VS_PLAN,国家/地区调度要求该时段同时启用 2 个轮换队列。这表示调度强度，不等同于某个具体地址必然断电。 置信度：high。【置信度：high】,confirmed,national,GPV,primary,5,not_populated,planned_or_final_dispatch,v3.0
R20240901_NAT_003,2024-09-01,ALL,,Ukrenergo,national,household_general,hourly_schedule,1,,2024-09-01 22:00:00+03:00,2024-09-02 00:00:00+03:00,,,2024-09-01 19:00:00+00:00,2024-09-01 21:00:00+00:00,,,Europe/Kyiv,dispatch_confirmed,high,国家/地区调度要求该时段同时启用 1 个轮换队列。这表示调度强度，不等同于某个具体地址必然断电。 置信度：high。,final_dispatch,,,0,0,0,0,1,1,official_tso,https://t.me/s/Ukrenergo/3218,,,,KE20240901_SUMY_EMERGENCY,XE20240901_SUMY_GAV_ACTIVATE|XE20240901_SUMY_GAV_CANCEL_BY,MR20241210_REGULATOR_ACTUAL_VS_PLAN,国家/地区调度要求该时段同时启用 1 个轮换队列。这表示调度强度，不等同于某个具体地址必然断电。 置信度：high。【置信度：high】,confirmed,national,GPV,primary,5,not_populated,planned_or_final_dispatch,v3.0
R20240902_NAT_001,2024-09-02,ALL,,Ukrenergo,national,household_general,hourly_schedule,1,,2024-09-02 00:00:00+03:00,2024-09-02 16:00:00+03:00,,,2024-09-01 21:00:00+00:00,2024-09-02 13:00:00+00:00,,,Europe/Kyiv,dispatch_confirmed,high,国家/地区调度要求该时段同时启用 1 个轮换队列。这表示调度强度，不等同于某个具体地址必然断电。 置信度：high。,final_dispatch,,,0,0,0,0,1,0,official_tso_archive,https://t.me/s/Ukrenergo?before=3238,,,,,,MR20241210_REGULATOR_ACTUAL_VS_PLAN,国家/地区调度要求该时段同时启用 1 个轮换队列。这表示调度强度，不等同于某个具体地址必然断电。 置信度：high。【置信度：high】,confirmed,national,GPV,primary,5,not_populated,planned_or_final_dispatch,v3.0
R20240902_NAT_002,2024-09-02,ALL,,Ukrenergo,national,household_general,hourly_schedule,2,,2024-09-02 16:00:00+03:00,2024-09-03 00:00:00+03:00,,,2024-09-02 13:00:00+00:00,2024-09-02 21:00:00+00:00,,,Europe/Kyiv,dispatch_confirmed,high,国家/地区调度要求该时段同时启用 2 个轮换队列。这表示调度强度，不等同于某个具体地址必然断电。 置信度：high。,final_dispatch,,,0,0,0,0,1,0,official_tso_archive,https://t.me/s/Ukrenergo?before=3238,,,,,,MR20241210_REGULATOR_ACTUAL_VS_PLAN,国家/地区调度要求该时段同时启用 2 个轮换队列。这表示调度强度，不等同于某个具体地址必然断电。 置信度：high。【置信度：high】,confirmed,national,GPV,primary,5,not_populated,planned_or_final_dispatch,v3.0
R20240903_NAT_001,2024-09-03,ALL,,Ukrenergo,national,household_general,hourly_schedule,1,,2024-09-03 00:00:00+03:00,2024-09-03 06:00:00+03:00,,,2024-09-02 21:00:00+00:00,2024-09-03 03:00:00+00:00,,,Europe/Kyiv,updated,high,9 月 3 日同日多次调整。最终可恢复为：00:00–06:00 一队列，06:00–18:00 两队列，18:00–22:00 三队列，22:00–24:00 两队列；建议以最终版本覆盖前一版预告。 置信度：high。,final_dispatch,,,0,0,0,0,1,0,official_tso_archive,https://t.me/s/Ukrenergo?before=3240,,multi_region,Kyiv City|14 oblasts,KE20240903_MULTI_REGION_EMERGENCY,XE20240903_DN_EMG_START|XE20240903_DN_EMG_CANCEL|XE20240903_SUMY_GAV_ACTIVATE|XE20240903_SUMY_GAV_CANCEL,MR20241210_REGULATOR_ACTUAL_VS_PLAN,9 月 3 日同日多次调整。最终可恢复为：00:00–06:00 一队列，06:00–18:00 两队列，18:00–22:00 三队列，22:00–24:00 两队列；建议以最终版本覆盖前一版预告。 置信度：high。【置信度：high】,updated,national,GPV,primary,5,not_populated,planned_or_final_dispatch,v3.0
R20240903_NAT_002,2024-09-03,ALL,,Ukrenergo,national,household_general,hourly_schedule,2,,2024-09-03 06:00:00+03:00,2024-09-03 18:00:00+03:00,,,2024-09-03 03:00:00+00:00,2024-09-03 15:00:00+00:00,,,Europe/Kyiv,updated,high,9 月 3 日同日多次调整。最终可恢复为：00:00–06:00 一队列，06:00–18:00 两队列，18:00–22:00 三队列，22:00–24:00 两队列；建议以最终版本覆盖前一版预告。 置信度：high。,final_dispatch,,,0,0,0,0,1,0,official_tso_archive,https://t.me/s/Ukrenergo?before=3240,,multi_region,Kyiv City|14 oblasts,KE20240903_MULTI_REGION_EMERGENCY,XE20240903_DN_EMG_START|XE20240903_DN_EMG_CANCEL|XE20240903_SUMY_GAV_ACTIVATE|XE20240903_SUMY_GAV_CANCEL,MR20241210_REGULATOR_ACTUAL_VS_PLAN,9 月 3 日同日多次调整。最终可恢复为：00:00–06:00 一队列，06:00–18:00 两队列，18:00–22:00 三队列，22:00–24:00 两队列；建议以最终版本覆盖前一版预告。 置信度：high。【置信度：high】,updated,national,GPV,primary,5,not_populated,planned_or_final_dispatch,v3.0
R20240903_NAT_003,2024-09-03,ALL,,Ukrenergo,national,household_general,hourly_schedule,3,,2024-09-03 18:00:00+03:00,2024-09-03 22:00:00+03:00,,,2024-09-03 15:00:00+00:00,2024-09-03 19:00:00+00:00,,,Europe/Kyiv,updated,high,9 月 3 日同日多次调整。最终可恢复为：00:00–06:00 一队列，06:00–18:00 两队列，18:00–22:00 三队列，22:00–24:00 两队列；建议以最终版本覆盖前一版预告。 置信度：high。,final_dispatch,,,0,0,0,0,1,0,official_tso_archive,https://t.me/s/Ukrenergo?before=3240,,multi_region,Kyiv City|14 oblasts,KE20240903_MULTI_REGION_EMERGENCY,XE20240903_DN_EMG_START|XE20240903_DN_EMG_CANCEL|XE20240903_SUMY_GAV_ACTIVATE|XE20240903_SUMY_GAV_CANCEL,MR20241210_REGULATOR_ACTUAL_VS_PLAN,9 月 3 日同日多次调整。最终可恢复为：00:00–06:00 一队列，06:00–18:00 两队列，18:00–22:00 三队列，22:00–24:00 两队列；建议以最终版本覆盖前一版预告。 置信度：high。【置信度：high】,updated,national,GPV,primary,5,not_populated,planned_or_final_dispatch,v3.0
R20240903_NAT_004,2024-09-03,ALL,,Ukrenergo,national,household_general,hourly_schedule,2,,2024-09-03 22:00:00+03:00,2024-09-04 00:00:00+03:00,,,2024-09-03 19:00:00+00:00,2024-09-03 21:00:00+00:00,,,Europe/Kyiv,updated,high,9 月 3 日同日多次调整。最终可恢复为：00:00–06:00 一队列，06:00–18:00 两队列，18:00–22:00 三队列，22:00–24:00 两队列；建议以最终版本覆盖前一版预告。 置信度：high。,final_dispatch,,,0,0,0,0,1,0,official_tso_archive,https://t.me/s/Ukrenergo?before=3240,,multi_region,Kyiv City|14 oblasts,KE20240903_MULTI_REGION_EMERGENCY,XE20240903_DN_EMG_START|XE20240903_DN_EMG_CANCEL|XE20240903_SUMY_GAV_ACTIVATE|XE20240903_SUMY_GAV_CANCEL,MR20241210_REGULATOR_ACTUAL_VS_PLAN,9 月 3 日同日多次调整。最终可恢复为：00:00–06:00 一队列，06:00–18:00 两队列，18:00–22:00 三队列，22:00–24:00 两队列；建议以最终版本覆盖前一版预告。 置信度：high。【置信度：high】,updated,national,GPV,primary,5,not_populated,planned_or_final_dispatch,v3.0
R20240904_NAT_001,2024-09-04,ALL,,Ukrenergo,national,household_general,hourly_schedule,1,,2024-09-04 00:00:00+03:00,2024-09-04 05:00:00+03:00,,,2024-09-03 21:00:00+00:00,2024-09-04 02:00:00+00:00,,,Europe/Kyiv,dispatch_confirmed,medium,国家/地区调度要求该时段同时启用 1 个轮换队列。这表示调度强度，不等同于某个具体地址必然断电。 置信度：medium。,final_dispatch,,,0,1,0,0,0,0,official_tso_archive,https://t.me/s/Ukrenergo?before=3250,,national_system,Mykolaiv Oblast / national grid,KE20240904_NPP_DERATE,,MR20241210_REGULATOR_ACTUAL_VS_PLAN,国家/地区调度要求该时段同时启用 1 个轮换队列。这表示调度强度，不等同于某个具体地址必然断电。 置信度：medium。【置信度：medium】,confirmed,national,GPV,primary,5,not_populated,planned_or_final_dispatch,v3.0
R20240904_NAT_002,2024-09-04,ALL,,Ukrenergo,national,household_general,hourly_schedule,2,,2024-09-04 05:00:00+03:00,2024-09-04 11:00:00+03:00,,,2024-09-04 02:00:00+00:00,2024-09-04 08:00:00+00:00,,,Europe/Kyiv,dispatch_confirmed,medium,国家/地区调度要求该时段同时启用 2 个轮换队列。这表示调度强度，不等同于某个具体地址必然断电。 置信度：medium。,final_dispatch,,,0,1,0,0,0,0,official_tso_archive,https://t.me/s/Ukrenergo?before=3250,,national_system,Mykolaiv Oblast / national grid,KE20240904_NPP_DERATE,,MR20241210_REGULATOR_ACTUAL_VS_PLAN,国家/地区调度要求该时段同时启用 2 个轮换队列。这表示调度强度，不等同于某个具体地址必然断电。 置信度：medium。【置信度：medium】,confirmed,national,GPV,primary,5,not_populated,planned_or_final_dispatch,v3.0
R20240904_NAT_003,2024-09-04,ALL,,Ukrenergo,national,household_general,hourly_schedule,1,,2024-09-04 11:00:00+03:00,2024-09-04 15:00:00+03:00,,,2024-09-04 08:00:00+00:00,2024-09-04 12:00:00+00:00,,,Europe/Kyiv,dispatch_confirmed,medium,国家/地区调度要求该时段同时启用 1 个轮换队列。这表示调度强度，不等同于某个具体地址必然断电。 置信度：medium。,final_dispatch,,,0,1,0,0,0,0,official_tso_archive,https://t.me/s/Ukrenergo?before=3250,,national_system,Mykolaiv Oblast / national grid,KE20240904_NPP_DERATE,,MR20241210_REGULATOR_ACTUAL_VS_PLAN,国家/地区调度要求该时段同时启用 1 个轮换队列。这表示调度强度，不等同于某个具体地址必然断电。 置信度：medium。【置信度：medium】,confirmed,national,GPV,primary,5,not_populated,planned_or_final_dispatch,v3.0
R20240904_NAT_004,2024-09-04,ALL,,Ukrenergo,national,household_general,hourly_schedule,2,,2024-09-04 15:00:00+03:00,2024-09-05 00:00:00+03:00,,,2024-09-04 12:00:00+00:00,2024-09-04 21:00:00+00:00,,,Europe/Kyiv,dispatch_confirmed,medium,国家/地区调度要求该时段同时启用 2 个轮换队列。这表示调度强度，不等同于某个具体地址必然断电。 置信度：medium。,final_dispatch,,,0,1,0,0,0,0,official_tso_archive,https://t.me/s/Ukrenergo?before=3250,,national_system,Mykolaiv Oblast / national grid,KE20240904_NPP_DERATE,,MR20241210_REGULATOR_ACTUAL_VS_PLAN,国家/地区调度要求该时段同时启用 2 个轮换队列。这表示调度强度，不等同于某个具体地址必然断电。 置信度：medium。【置信度：medium】,confirmed,national,GPV,primary,5,not_populated,planned_or_final_dispatch,v3.0
R20240905_NAT_001,2024-09-05,ALL,,Ukrenergo,national,household_general,hourly_schedule,1,,2024-09-05 00:00:00+03:00,2024-09-06 00:00:00+03:00,,,2024-09-04 21:00:00+00:00,2024-09-05 21:00:00+00:00,,,Europe/Kyiv,dispatch_confirmed,high,国家/地区调度要求该时段同时启用 1 个轮换队列。这表示调度强度，不等同于某个具体地址必然断电。 置信度：high。,final_dispatch,,,0,0,0,0,1,0,official_tso_archive,https://t.me/s/Ukrenergo?before=3254,,,,,,MR20241210_REGULATOR_ACTUAL_VS_PLAN,国家/地区调度要求该时段同时启用 1 个轮换队列。这表示调度强度，不等同于某个具体地址必然断电。 置信度：high。【置信度：high】,confirmed,national,GPV,primary,5,not_populated,planned_or_final_dispatch,v3.0
R20240906_NAT_001,2024-09-06,ALL,,Ukrenergo,national,household_general,hourly_schedule,1,,2024-09-06 00:00:00+03:00,2024-09-07 00:00:00+03:00,,,2024-09-05 21:00:00+00:00,2024-09-06 21:00:00+00:00,,,Europe/Kyiv,dispatch_confirmed,high,国家预告为全天一队列，但部分州在当天收到临时取消指令（例如 Zaporizhzhia 11:00–16:00），因此需结合州级执行记录。 置信度：high。,final_dispatch,,,0,0,0,0,1,0,official_tso_archive,https://t.me/s/Ukrenergo?before=3257,,,,,,MR20241210_REGULATOR_ACTUAL_VS_PLAN,国家预告为全天一队列，但部分州在当天收到临时取消指令（例如 Zaporizhzhia 11:00–16:00），因此需结合州级执行记录。 置信度：high。【置信度：high】,confirmed,national,GPV,primary,5,not_populated,planned_or_final_dispatch,v3.0
R20240906_ZAPORIZH_001,2024-09-06,Zaporizhzhia Oblast,,Zaporizhzhyaoblenergo,oblast,household_general,hourly_schedule,,1,2024-09-06 00:00:00+03:00,2024-09-06 03:00:00+03:00,2024-09-06 00:00:00+03:00,2024-09-06 03:00:00+03:00,2024-09-05 21:00:00+00:00,2024-09-06 00:00:00+00:00,2024-09-05 21:00:00+00:00,2024-09-06 00:00:00+00:00,Europe/Kyiv,confirmed,high,Zaporizhzhia 第 1 队列同日最终/更新后的停电窗口；11:00–16:00 收到取消 GПВ 指令，因此第5队列当天停电被取消、4/6队列时段缩短。 置信度：high。,final_dispatch,,,0,0,0,0,1,0,official_dso,https://t.me/s/Zaporizhzhyaoblenergo_news?before=1283,,,,,,MR20241210_REGULATOR_ACTUAL_VS_PLAN,Zaporizhzhia 第 1 队列同日最终/更新后的停电窗口；11:00–16:00 收到取消 GПВ 指令，因此第5队列当天停电被取消、4/6队列时段缩短。 置信度：high。【置信度：high】,confirmed,oblast,GPV,primary,5,deprecated_confirmed_dispatch_window_not_physical_switch,planned_or_final_dispatch,v3.0
R20240906_ZAPORIZH_003,2024-09-06,Zaporizhzhia Oblast,,Zaporizhzhyaoblenergo,oblast,household_general,hourly_schedule,,2,2024-09-06 03:00:00+03:00,2024-09-06 06:00:00+03:00,2024-09-06 03:00:00+03:00,2024-09-06 06:00:00+03:00,2024-09-06 00:00:00+00:00,2024-09-06 03:00:00+00:00,2024-09-06 00:00:00+00:00,2024-09-06 03:00:00+00:00,Europe/Kyiv,confirmed,high,Zaporizhzhia 第 2 队列同日最终/更新后的停电窗口；11:00–16:00 收到取消 GПВ 指令，因此第5队列当天停电被取消、4/6队列时段缩短。 置信度：high。,final_dispatch,,,0,0,0,0,1,0,official_dso,https://t.me/s/Zaporizhzhyaoblenergo_news?before=1283,,,,,,MR20241210_REGULATOR_ACTUAL_VS_PLAN,Zaporizhzhia 第 2 队列同日最终/更新后的停电窗口；11:00–16:00 收到取消 GПВ 指令，因此第5队列当天停电被取消、4/6队列时段缩短。 置信度：high。【置信度：high】,confirmed,oblast,GPV,primary,5,deprecated_confirmed_dispatch_window_not_physical_switch,planned_or_final_dispatch,v3.0
R20240906_ZAPORIZH_005,2024-09-06,Zaporizhzhia Oblast,,Zaporizhzhyaoblenergo,oblast,household_general,hourly_schedule,,3,2024-09-06 06:00:00+03:00,2024-09-06 09:00:00+03:00,2024-09-06 06:00:00+03:00,2024-09-06 09:00:00+03:00,2024-09-06 03:00:00+00:00,2024-09-06 06:00:00+00:00,2024-09-06 03:00:00+00:00,2024-09-06 06:00:00+00:00,Europe/Kyiv,confirmed,high,Zaporizhzhia 第 3 队列同日最终/更新后的停电窗口；11:00–16:00 收到取消 GПВ 指令，因此第5队列当天停电被取消、4/6队列时段缩短。 置信度：high。,final_dispatch,,,0,0,0,0,1,0,official_dso,https://t.me/s/Zaporizhzhyaoblenergo_news?before=1283,,,,,,MR20241210_REGULATOR_ACTUAL_VS_PLAN,Zaporizhzhia 第 3 队列同日最终/更新后的停电窗口；11:00–16:00 收到取消 GПВ 指令，因此第5队列当天停电被取消、4/6队列时段缩短。 置信度：high。【置信度：high】,confirmed,oblast,GPV,primary,5,deprecated_confirmed_dispatch_window_not_physical_switch,planned_or_final_dispatch,v3.0
R20240906_ZAPORIZH_006,2024-09-06,Zaporizhzhia Oblast,,Zaporizhzhyaoblenergo,oblast,household_general,hourly_schedule,,4,2024-09-06 09:00:00+03:00,2024-09-06 11:00:00+03:00,2024-09-06 09:00:00+03:00,2024-09-06 11:00:00+03:00,2024-09-06 06:00:00+00:00,2024-09-06 08:00:00+00:00,2024-09-06 06:00:00+00:00,2024-09-06 08:00:00+00:00,Europe/Kyiv,confirmed,high,Zaporizhzhia 第 4 队列同日最终/更新后的停电窗口；11:00–16:00 收到取消 GПВ 指令，因此第5队列当天停电被取消、4/6队列时段缩短。 置信度：high。,final_dispatch,,,0,0,0,0,1,0,official_dso,https://t.me/s/Zaporizhzhyaoblenergo_news?before=1283,,,,,,MR20241210_REGULATOR_ACTUAL_VS_PLAN,Zaporizhzhia 第 4 队列同日最终/更新后的停电窗口；11:00–16:00 收到取消 GПВ 指令，因此第5队列当天停电被取消、4/6队列时段缩短。 置信度：high。【置信度：high】,confirmed,oblast,GPV,primary,5,deprecated_confirmed_dispatch_window_not_physical_switch,planned_or_final_dispatch,v3.0
R20240906_ZAPORIZH_008,2024-09-06,Zaporizhzhia Oblast,,Zaporizhzhyaoblenergo,oblast,household_general,no_restriction,0,ALL,2024-09-06 11:00:00+03:00,2024-09-06 16:00:00+03:00,,,2024-09-06 08:00:00+00:00,2024-09-06 13:00:00+00:00,,,Europe/Kyiv,cancelled,high,Zaporizhzhia 收到 Ukrenergo 指令，11:00–16:00 取消小时停电；这是国家全天一队列预告与地方最终执行发生偏差的直接证据。 置信度：high。,final_dispatch,,,0,0,0,0,1,0,official_dso,https://t.me/s/Zaporizhzhyaoblenergo_news?before=1283,,,,,,MR20241210_REGULATOR_ACTUAL_VS_PLAN,Zaporizhzhia 收到 Ukrenergo 指令，11:00–16:00 取消小时停电；这是国家全天一队列预告与地方最终执行发生偏差的直接证据。 置信度：high。【置信度：high】,cancelled,oblast,no_restriction,primary,5,not_populated,execution_override,v3.0
R20240906_ZAPORIZH_007,2024-09-06,Zaporizhzhia Oblast,,Zaporizhzhyaoblenergo,oblast,household_general,hourly_schedule,,6,2024-09-06 16:00:00+03:00,2024-09-06 18:00:00+03:00,2024-09-06 16:00:00+03:00,2024-09-06 18:00:00+03:00,2024-09-06 13:00:00+00:00,2024-09-06 15:00:00+00:00,2024-09-06 13:00:00+00:00,2024-09-06 15:00:00+00:00,Europe/Kyiv,confirmed,high,Zaporizhzhia 第 6 队列同日最终/更新后的停电窗口；11:00–16:00 收到取消 GПВ 指令，因此第5队列当天停电被取消、4/6队列时段缩短。 置信度：high。,final_dispatch,,,0,0,0,0,1,0,official_dso,https://t.me/s/Zaporizhzhyaoblenergo_news?before=1283,,,,,,MR20241210_REGULATOR_ACTUAL_VS_PLAN,Zaporizhzhia 第 6 队列同日最终/更新后的停电窗口；11:00–16:00 收到取消 GПВ 指令，因此第5队列当天停电被取消、4/6队列时段缩短。 置信度：high。【置信度：high】,confirmed,oblast,GPV,primary,5,deprecated_confirmed_dispatch_window_not_physical_switch,planned_or_final_dispatch,v3.0
R20240906_ZAPORIZH_002,2024-09-06,Zaporizhzhia Oblast,,Zaporizhzhyaoblenergo,oblast,household_general,hourly_schedule,,1,2024-09-06 18:00:00+03:00,2024-09-06 21:00:00+03:00,2024-09-06 18:00:00+03:00,2024-09-06 21:00:00+03:00,2024-09-06 15:00:00+00:00,2024-09-06 18:00:00+00:00,2024-09-06 15:00:00+00:00,2024-09-06 18:00:00+00:00,Europe/Kyiv,confirmed,high,Zaporizhzhia 第 1 队列同日最终/更新后的停电窗口；11:00–16:00 收到取消 GПВ 指令，因此第5队列当天停电被取消、4/6队列时段缩短。 置信度：high。,final_dispatch,,,0,0,0,0,1,0,official_dso,https://t.me/s/Zaporizhzhyaoblenergo_news?before=1283,,,,,,MR20241210_REGULATOR_ACTUAL_VS_PLAN,Zaporizhzhia 第 1 队列同日最终/更新后的停电窗口；11:00–16:00 收到取消 GПВ 指令，因此第5队列当天停电被取消、4/6队列时段缩短。 置信度：high。【置信度：high】,confirmed,oblast,GPV,primary,5,deprecated_confirmed_dispatch_window_not_physical_switch,planned_or_final_dispatch,v3.0
R20240906_ZAPORIZH_004,2024-09-06,Zaporizhzhia Oblast,,Zaporizhzhyaoblenergo,oblast,household_general,hourly_schedule,,2,2024-09-06 21:00:00+03:00,2024-09-07 00:00:00+03:00,2024-09-06 21:00:00+03:00,2024-09-07 00:00:00+03:00,2024-09-06 18:00:00+00:00,2024-09-06 21:00:00+00:00,2024-09-06 18:00:00+00:00,2024-09-06 21:00:00+00:00,Europe/Kyiv,confirmed,high,Zaporizhzhia 第 2 队列同日最终/更新后的停电窗口；11:00–16:00 收到取消 GПВ 指令，因此第5队列当天停电被取消、4/6队列时段缩短。 置信度：high。,final_dispatch,,,0,0,0,0,1,0,official_dso,https://t.me/s/Zaporizhzhyaoblenergo_news?before=1283,,,,,,MR20241210_REGULATOR_ACTUAL_VS_PLAN,Zaporizhzhia 第 2 队列同日最终/更新后的停电窗口；11:00–16:00 收到取消 GПВ 指令，因此第5队列当天停电被取消、4/6队列时段缩短。 置信度：high。【置信度：high】,confirmed,oblast,GPV,primary,5,deprecated_confirmed_dispatch_window_not_physical_switch,planned_or_final_dispatch,v3.0
R20240907_NAT_001,2024-09-07,ALL,,Ukrenergo,national,household_general,no_restriction,0,,2024-09-07 00:00:00+03:00,2024-09-08 00:00:00+03:00,,,2024-09-06 21:00:00+00:00,2024-09-07 21:00:00+00:00,,,Europe/Kyiv,no_restriction,high,官方明确该时段不执行计划性小时停电，可作为对照窗口；但地方技术故障、战损或临时紧急停电仍可能发生。 置信度：high。,final_dispatch,,,0,0,0,0,1,0,official_tso_archive,https://t.me/s/Ukrenergo?before=3260,,,,,,MR20241210_REGULATOR_ACTUAL_VS_PLAN,官方明确该时段不执行计划性小时停电，可作为对照窗口；但地方技术故障、战损或临时紧急停电仍可能发生。 置信度：high。【置信度：high】,no_restriction,national,no_restriction,primary,5,not_populated,execution_override,v3.0
R20240911_AUD_001,2024-09-11,ALL,,Ukrenergo,national,household,no_restriction,0,,2024-09-11 00:00:00+03:00,2024-09-12 00:00:00+03:00,,,2024-09-10 21:00:00+00:00,2024-09-11 21:00:00+00:00,,,Europe/Kyiv,no_restriction,high,Official forecast: no scheduled restriction measures. Confidence: high.,audited_final,,,0,0,0,0,1,0,official_tso_archive,https://t.me/s/Ukrenergo?before=3281,Audit-added verified zero scheduled-restriction control. q0 does not imply no combat/technical/weather outage.,,,,,MR20241210_REGULATOR_ACTUAL_VS_PLAN,Official forecast: no scheduled restriction measures. Confidence: high.【置信度：high】,no_restriction,national,no_restriction,primary,5,not_populated,execution_override,v3.0
R20240912_VER_001,2024-09-12,ALL,,Ukrenergo,national,household,no_restriction,0,,2024-09-12 00:00:00+03:00,2024-09-13 00:00:00+03:00,,,2024-09-11 21:00:00+00:00,2024-09-12 21:00:00+00:00,,,Europe/Kyiv,superseded,high,Initial official forecast said no restriction measures were expected on 12 September. It was superseded the same day by a 13:00–23:00 one-queue restriction in Kyiv city and 16 oblasts. Do not use this initial q0 record as the final treatment. Confidence: high.,initial_forecast,,,0,0,1,1,0,0,official_tso,https://t.me/s/ukrenergo?before=3285,,,,,,MR20241210_REGULATOR_ACTUAL_VS_PLAN,Initial official forecast said no restriction measures were expected on 12 September. It was superseded the same day by a 13:00–23:00 one-queue restriction in Kyiv city and 16 oblasts. Do not use this initial q0 record as the final treatment. Confidence: high.【置信度：high】,superseded,national,no_restriction,primary,5,not_populated,historical_version,v3.0
R20240912_REG_001,2024-09-12,Kyiv City,,Ukrenergo / local DSO,city,household,hourly_schedule,1,,2024-09-12 13:00:00+03:00,2024-09-12 23:00:00+03:00,,,2024-09-12 10:00:00+00:00,2024-09-12 20:00:00+00:00,,,Europe/Kyiv,updated,high,"Same-day Ukrenergo update: one hourly-outage queue was to operate from 13:00–23:00 in this affected region. Cause was reduced solar generation under cloudy weather plus a drop in thermal generation. This is a regional dispatch intensity, not proof that every address was continuously disconnected. Confidence: high.",same_day_update,,R20240912_VER_001,0,0,1,1,0,0,official_tso,https://t.me/s/ukrenergo?before=3285,,,,,,MR20241210_REGULATOR_ACTUAL_VS_PLAN,"Same-day Ukrenergo update: one hourly-outage queue was to operate from 13:00–23:00 in this affected region. Cause was reduced solar generation under cloudy weather plus a drop in thermal generation. This is a regional dispatch intensity, not proof that every address was continuously disconnected. Confidence: high.【置信度：high】",updated,city,GPV,primary,5,not_populated,planned_or_final_dispatch,v3.0
R20240912_REG_003,2024-09-12,Cherkasy Oblast,,Ukrenergo / local DSO,oblast,household,hourly_schedule,1,,2024-09-12 13:00:00+03:00,2024-09-12 23:00:00+03:00,,,2024-09-12 10:00:00+00:00,2024-09-12 20:00:00+00:00,,,Europe/Kyiv,updated,high,"Same-day Ukrenergo update: one hourly-outage queue was to operate from 13:00–23:00 in this affected region. Cause was reduced solar generation under cloudy weather plus a drop in thermal generation. This is a regional dispatch intensity, not proof that every address was continuously disconnected. Confidence: high.",same_day_update,,R20240912_VER_001,0,0,1,1,0,0,official_tso,https://t.me/s/ukrenergo?before=3285,,,,,,MR20241210_REGULATOR_ACTUAL_VS_PLAN,"Same-day Ukrenergo update: one hourly-outage queue was to operate from 13:00–23:00 in this affected region. Cause was reduced solar generation under cloudy weather plus a drop in thermal generation. This is a regional dispatch intensity, not proof that every address was continuously disconnected. Confidence: high.【置信度：high】",updated,oblast,GPV,primary,5,not_populated,planned_or_final_dispatch,v3.0
R20240912_REG_004,2024-09-12,Chernihiv Oblast,,Ukrenergo / local DSO,oblast,household,hourly_schedule,1,,2024-09-12 13:00:00+03:00,2024-09-12 23:00:00+03:00,,,2024-09-12 10:00:00+00:00,2024-09-12 20:00:00+00:00,,,Europe/Kyiv,updated,high,"Same-day Ukrenergo update: one hourly-outage queue was to operate from 13:00–23:00 in this affected region. Cause was reduced solar generation under cloudy weather plus a drop in thermal generation. This is a regional dispatch intensity, not proof that every address was continuously disconnected. Confidence: high.",same_day_update,,R20240912_VER_001,0,0,1,1,0,0,official_tso,https://t.me/s/ukrenergo?before=3285,,,,,,MR20241210_REGULATOR_ACTUAL_VS_PLAN,"Same-day Ukrenergo update: one hourly-outage queue was to operate from 13:00–23:00 in this affected region. Cause was reduced solar generation under cloudy weather plus a drop in thermal generation. This is a regional dispatch intensity, not proof that every address was continuously disconnected. Confidence: high.【置信度：high】",updated,oblast,GPV,primary,5,not_populated,planned_or_final_dispatch,v3.0
R20240912_REG_016,2024-09-12,Chernivtsi Oblast,,Ukrenergo / local DSO,oblast,household,hourly_schedule,1,,2024-09-12 13:00:00+03:00,2024-09-12 23:00:00+03:00,,,2024-09-12 10:00:00+00:00,2024-09-12 20:00:00+00:00,,,Europe/Kyiv,updated,high,"Same-day Ukrenergo update: one hourly-outage queue was to operate from 13:00–23:00 in this affected region. Cause was reduced solar generation under cloudy weather plus a drop in thermal generation. This is a regional dispatch intensity, not proof that every address was continuously disconnected. Confidence: high.",same_day_update,,R20240912_VER_001,0,0,1,1,0,0,official_tso,https://t.me/s/ukrenergo?before=3285,,,,,,MR20241210_REGULATOR_ACTUAL_VS_PLAN,"Same-day Ukrenergo update: one hourly-outage queue was to operate from 13:00–23:00 in this affected region. Cause was reduced solar generation under cloudy weather plus a drop in thermal generation. This is a regional dispatch intensity, not proof that every address was continuously disconnected. Confidence: high.【置信度：high】",updated,oblast,GPV,primary,5,not_populated,planned_or_final_dispatch,v3.0
R20240912_REG_012,2024-09-12,Dnipropetrovsk Oblast,,Ukrenergo / local DSO,oblast,household,hourly_schedule,1,,2024-09-12 13:00:00+03:00,2024-09-12 23:00:00+03:00,,,2024-09-12 10:00:00+00:00,2024-09-12 20:00:00+00:00,,,Europe/Kyiv,updated,high,"Same-day Ukrenergo update: one hourly-outage queue was to operate from 13:00–23:00 in this affected region. Cause was reduced solar generation under cloudy weather plus a drop in thermal generation. This is a regional dispatch intensity, not proof that every address was continuously disconnected. Confidence: high.",same_day_update,,R20240912_VER_001,0,0,1,1,0,0,official_tso,https://t.me/s/ukrenergo?before=3285,,,,,,MR20241210_REGULATOR_ACTUAL_VS_PLAN,"Same-day Ukrenergo update: one hourly-outage queue was to operate from 13:00–23:00 in this affected region. Cause was reduced solar generation under cloudy weather plus a drop in thermal generation. This is a regional dispatch intensity, not proof that every address was continuously disconnected. Confidence: high.【置信度：high】",updated,oblast,GPV,primary,5,not_populated,planned_or_final_dispatch,v3.0
R20240912_REG_005,2024-09-12,Kharkiv Oblast,,Ukrenergo / local DSO,oblast,household,hourly_schedule,1,,2024-09-12 13:00:00+03:00,2024-09-12 23:00:00+03:00,,,2024-09-12 10:00:00+00:00,2024-09-12 20:00:00+00:00,,,Europe/Kyiv,updated,high,"Same-day Ukrenergo update: one hourly-outage queue was to operate from 13:00–23:00 in this affected region. Cause was reduced solar generation under cloudy weather plus a drop in thermal generation. This is a regional dispatch intensity, not proof that every address was continuously disconnected. Confidence: high.",same_day_update,,R20240912_VER_001,0,0,1,1,0,0,official_tso,https://t.me/s/ukrenergo?before=3285,,,,,,MR20241210_REGULATOR_ACTUAL_VS_PLAN,"Same-day Ukrenergo update: one hourly-outage queue was to operate from 13:00–23:00 in this affected region. Cause was reduced solar generation under cloudy weather plus a drop in thermal generation. This is a regional dispatch intensity, not proof that every address was continuously disconnected. Confidence: high.【置信度：high】",updated,oblast,GPV,primary,5,not_populated,planned_or_final_dispatch,v3.0
R20240912_REG_013,2024-09-12,Kherson Oblast,,Ukrenergo / local DSO,oblast,household,hourly_schedule,1,,2024-09-12 13:00:00+03:00,2024-09-12 23:00:00+03:00,,,2024-09-12 10:00:00+00:00,2024-09-12 20:00:00+00:00,,,Europe/Kyiv,updated,high,"Same-day Ukrenergo update: one hourly-outage queue was to operate from 13:00–23:00 in this affected region. Cause was reduced solar generation under cloudy weather plus a drop in thermal generation. This is a regional dispatch intensity, not proof that every address was continuously disconnected. Confidence: high.",same_day_update,,R20240912_VER_001,0,0,1,1,0,0,official_tso,https://t.me/s/ukrenergo?before=3285,,,,,,MR20241210_REGULATOR_ACTUAL_VS_PLAN,"Same-day Ukrenergo update: one hourly-outage queue was to operate from 13:00–23:00 in this affected region. Cause was reduced solar generation under cloudy weather plus a drop in thermal generation. This is a regional dispatch intensity, not proof that every address was continuously disconnected. Confidence: high.【置信度：high】",updated,oblast,GPV,primary,5,not_populated,planned_or_final_dispatch,v3.0
R20240912_REG_017,2024-09-12,Khmelnytskyi Oblast,,Ukrenergo / local DSO,oblast,household,hourly_schedule,1,,2024-09-12 13:00:00+03:00,2024-09-12 23:00:00+03:00,,,2024-09-12 10:00:00+00:00,2024-09-12 20:00:00+00:00,,,Europe/Kyiv,updated,high,"Same-day Ukrenergo update: one hourly-outage queue was to operate from 13:00–23:00 in this affected region. Cause was reduced solar generation under cloudy weather plus a drop in thermal generation. This is a regional dispatch intensity, not proof that every address was continuously disconnected. Confidence: high.",same_day_update,,R20240912_VER_001,0,0,1,1,0,0,official_tso,https://t.me/s/ukrenergo?before=3285,,,,,,MR20241210_REGULATOR_ACTUAL_VS_PLAN,"Same-day Ukrenergo update: one hourly-outage queue was to operate from 13:00–23:00 in this affected region. Cause was reduced solar generation under cloudy weather plus a drop in thermal generation. This is a regional dispatch intensity, not proof that every address was continuously disconnected. Confidence: high.【置信度：high】",updated,oblast,GPV,primary,5,not_populated,planned_or_final_dispatch,v3.0
R20240912_REG_011,2024-09-12,Kirovohrad Oblast,,Ukrenergo / local DSO,oblast,household,hourly_schedule,1,,2024-09-12 13:00:00+03:00,2024-09-12 23:00:00+03:00,,,2024-09-12 10:00:00+00:00,2024-09-12 20:00:00+00:00,,,Europe/Kyiv,updated,high,"Same-day Ukrenergo update: one hourly-outage queue was to operate from 13:00–23:00 in this affected region. Cause was reduced solar generation under cloudy weather plus a drop in thermal generation. This is a regional dispatch intensity, not proof that every address was continuously disconnected. Confidence: high.",same_day_update,,R20240912_VER_001,0,0,1,1,0,0,official_tso,https://t.me/s/ukrenergo?before=3285,,,,,,MR20241210_REGULATOR_ACTUAL_VS_PLAN,"Same-day Ukrenergo update: one hourly-outage queue was to operate from 13:00–23:00 in this affected region. Cause was reduced solar generation under cloudy weather plus a drop in thermal generation. This is a regional dispatch intensity, not proof that every address was continuously disconnected. Confidence: high.【置信度：high】",updated,oblast,GPV,primary,5,not_populated,planned_or_final_dispatch,v3.0
R20240912_REG_002,2024-09-12,Kyiv Oblast,,Ukrenergo / local DSO,oblast,household,hourly_schedule,1,,2024-09-12 13:00:00+03:00,2024-09-12 23:00:00+03:00,,,2024-09-12 10:00:00+00:00,2024-09-12 20:00:00+00:00,,,Europe/Kyiv,updated,high,"Same-day Ukrenergo update: one hourly-outage queue was to operate from 13:00–23:00 in this affected region. Cause was reduced solar generation under cloudy weather plus a drop in thermal generation. This is a regional dispatch intensity, not proof that every address was continuously disconnected. Confidence: high.",same_day_update,,R20240912_VER_001,0,0,1,1,0,0,official_tso,https://t.me/s/ukrenergo?before=3285,,,,,,MR20241210_REGULATOR_ACTUAL_VS_PLAN,"Same-day Ukrenergo update: one hourly-outage queue was to operate from 13:00–23:00 in this affected region. Cause was reduced solar generation under cloudy weather plus a drop in thermal generation. This is a regional dispatch intensity, not proof that every address was continuously disconnected. Confidence: high.【置信度：high】",updated,oblast,GPV,primary,5,not_populated,planned_or_final_dispatch,v3.0
R20240912_REG_014,2024-09-12,Mykolaiv Oblast,,Ukrenergo / local DSO,oblast,household,hourly_schedule,1,,2024-09-12 13:00:00+03:00,2024-09-12 23:00:00+03:00,,,2024-09-12 10:00:00+00:00,2024-09-12 20:00:00+00:00,,,Europe/Kyiv,updated,high,"Same-day Ukrenergo update: one hourly-outage queue was to operate from 13:00–23:00 in this affected region. Cause was reduced solar generation under cloudy weather plus a drop in thermal generation. This is a regional dispatch intensity, not proof that every address was continuously disconnected. Confidence: high.",same_day_update,,R20240912_VER_001,0,0,1,1,0,0,official_tso,https://t.me/s/ukrenergo?before=3285,,,,,,MR20241210_REGULATOR_ACTUAL_VS_PLAN,"Same-day Ukrenergo update: one hourly-outage queue was to operate from 13:00–23:00 in this affected region. Cause was reduced solar generation under cloudy weather plus a drop in thermal generation. This is a regional dispatch intensity, not proof that every address was continuously disconnected. Confidence: high.【置信度：high】",updated,oblast,GPV,primary,5,not_populated,planned_or_final_dispatch,v3.0
R20240912_REG_010,2024-09-12,Odesa Oblast,,Ukrenergo / local DSO,oblast,household,hourly_schedule,1,,2024-09-12 13:00:00+03:00,2024-09-12 23:00:00+03:00,,,2024-09-12 10:00:00+00:00,2024-09-12 20:00:00+00:00,,,Europe/Kyiv,updated,high,"Same-day Ukrenergo update: one hourly-outage queue was to operate from 13:00–23:00 in this affected region. Cause was reduced solar generation under cloudy weather plus a drop in thermal generation. This is a regional dispatch intensity, not proof that every address was continuously disconnected. Confidence: high.",same_day_update,,R20240912_VER_001,0,0,1,1,0,0,official_tso,https://t.me/s/ukrenergo?before=3285,,,,,,MR20241210_REGULATOR_ACTUAL_VS_PLAN,"Same-day Ukrenergo update: one hourly-outage queue was to operate from 13:00–23:00 in this affected region. Cause was reduced solar generation under cloudy weather plus a drop in thermal generation. This is a regional dispatch intensity, not proof that every address was continuously disconnected. Confidence: high.【置信度：high】",updated,oblast,GPV,primary,5,not_populated,planned_or_final_dispatch,v3.0
R20240912_REG_008,2024-09-12,Poltava Oblast,,Ukrenergo / local DSO,oblast,household,hourly_schedule,1,,2024-09-12 13:00:00+03:00,2024-09-12 23:00:00+03:00,,,2024-09-12 10:00:00+00:00,2024-09-12 20:00:00+00:00,,,Europe/Kyiv,updated,high,"Same-day Ukrenergo update: one hourly-outage queue was to operate from 13:00–23:00 in this affected region. Cause was reduced solar generation under cloudy weather plus a drop in thermal generation. This is a regional dispatch intensity, not proof that every address was continuously disconnected. Confidence: high.",same_day_update,,R20240912_VER_001,0,0,1,1,0,0,official_tso,https://t.me/s/ukrenergo?before=3285,,,,,,MR20241210_REGULATOR_ACTUAL_VS_PLAN,"Same-day Ukrenergo update: one hourly-outage queue was to operate from 13:00–23:00 in this affected region. Cause was reduced solar generation under cloudy weather plus a drop in thermal generation. This is a regional dispatch intensity, not proof that every address was continuously disconnected. Confidence: high.【置信度：high】",updated,oblast,GPV,primary,5,not_populated,planned_or_final_dispatch,v3.0
R20240912_REG_007,2024-09-12,Sumy Oblast,,Ukrenergo / local DSO,oblast,household,hourly_schedule,1,,2024-09-12 13:00:00+03:00,2024-09-12 23:00:00+03:00,,,2024-09-12 10:00:00+00:00,2024-09-12 20:00:00+00:00,,,Europe/Kyiv,updated,high,"Same-day Ukrenergo update: one hourly-outage queue was to operate from 13:00–23:00 in this affected region. Cause was reduced solar generation under cloudy weather plus a drop in thermal generation. This is a regional dispatch intensity, not proof that every address was continuously disconnected. Confidence: high.",same_day_update,,R20240912_VER_001,0,1,1,1,0,0,official_tso,https://t.me/s/ukrenergo?before=3285,,local,Sumy Oblast (Konotop),KE20240912_KONOTOP_ATTACK,,MR20241210_REGULATOR_ACTUAL_VS_PLAN,"Same-day Ukrenergo update: one hourly-outage queue was to operate from 13:00–23:00 in this affected region. Cause was reduced solar generation under cloudy weather plus a drop in thermal generation. This is a regional dispatch intensity, not proof that every address was continuously disconnected. Confidence: high.【置信度：high】",updated,oblast,GPV,primary,5,not_populated,planned_or_final_dispatch,v3.0
R20240912_REG_015,2024-09-12,Vinnytsia Oblast,,Ukrenergo / local DSO,oblast,household,hourly_schedule,1,,2024-09-12 13:00:00+03:00,2024-09-12 23:00:00+03:00,,,2024-09-12 10:00:00+00:00,2024-09-12 20:00:00+00:00,,,Europe/Kyiv,updated,high,"Same-day Ukrenergo update: one hourly-outage queue was to operate from 13:00–23:00 in this affected region. Cause was reduced solar generation under cloudy weather plus a drop in thermal generation. This is a regional dispatch intensity, not proof that every address was continuously disconnected. Confidence: high.",same_day_update,,R20240912_VER_001,0,0,1,1,0,0,official_tso,https://t.me/s/ukrenergo?before=3285,,,,,,MR20241210_REGULATOR_ACTUAL_VS_PLAN,"Same-day Ukrenergo update: one hourly-outage queue was to operate from 13:00–23:00 in this affected region. Cause was reduced solar generation under cloudy weather plus a drop in thermal generation. This is a regional dispatch intensity, not proof that every address was continuously disconnected. Confidence: high.【置信度：high】",updated,oblast,GPV,primary,5,not_populated,planned_or_final_dispatch,v3.0
R20240912_REG_009,2024-09-12,Zaporizhzhia Oblast,,Ukrenergo / local DSO,oblast,household,hourly_schedule,1,,2024-09-12 13:00:00+03:00,2024-09-12 23:00:00+03:00,,,2024-09-12 10:00:00+00:00,2024-09-12 20:00:00+00:00,,,Europe/Kyiv,updated,high,"Same-day Ukrenergo update: one hourly-outage queue was to operate from 13:00–23:00 in this affected region. Cause was reduced solar generation under cloudy weather plus a drop in thermal generation. This is a regional dispatch intensity, not proof that every address was continuously disconnected. Confidence: high.",same_day_update,,R20240912_VER_001,0,0,1,1,0,0,official_tso,https://t.me/s/ukrenergo?before=3285,,,,,,MR20241210_REGULATOR_ACTUAL_VS_PLAN,"Same-day Ukrenergo update: one hourly-outage queue was to operate from 13:00–23:00 in this affected region. Cause was reduced solar generation under cloudy weather plus a drop in thermal generation. This is a regional dispatch intensity, not proof that every address was continuously disconnected. Confidence: high.【置信度：high】",updated,oblast,GPV,primary,5,not_populated,planned_or_final_dispatch,v3.0
R20240912_REG_006,2024-09-12,Zhytomyr Oblast,,Ukrenergo / local DSO,oblast,household,hourly_schedule,1,,2024-09-12 13:00:00+03:00,2024-09-12 23:00:00+03:00,,,2024-09-12 10:00:00+00:00,2024-09-12 20:00:00+00:00,,,Europe/Kyiv,updated,high,"Same-day Ukrenergo update: one hourly-outage queue was to operate from 13:00–23:00 in this affected region. Cause was reduced solar generation under cloudy weather plus a drop in thermal generation. This is a regional dispatch intensity, not proof that every address was continuously disconnected. Confidence: high.",same_day_update,,R20240912_VER_001,0,0,1,1,0,0,official_tso,https://t.me/s/ukrenergo?before=3285,,,,,,MR20241210_REGULATOR_ACTUAL_VS_PLAN,"Same-day Ukrenergo update: one hourly-outage queue was to operate from 13:00–23:00 in this affected region. Cause was reduced solar generation under cloudy weather plus a drop in thermal generation. This is a regional dispatch intensity, not proof that every address was continuously disconnected. Confidence: high.【置信度：high】",updated,oblast,GPV,primary,5,not_populated,planned_or_final_dispatch,v3.0
R20240913_AUD_001,2024-09-13,ALL,,Ukrenergo,national,household,no_restriction,0,,2024-09-13 00:00:00+03:00,2024-09-14 00:00:00+03:00,,,2024-09-12 21:00:00+00:00,2024-09-13 21:00:00+00:00,,,Europe/Kyiv,no_restriction,high,Official forecast: no scheduled outages. Confidence: high.,audited_final,,,0,0,0,0,1,0,official_tso_archive,https://t.me/s/ukrenergo?before=3285,Audit-added verified zero scheduled-restriction control. q0 does not imply no combat/technical/weather outage.,,,,,MR20241210_REGULATOR_ACTUAL_VS_PLAN,Official forecast: no scheduled outages. Confidence: high.【置信度：high】,no_restriction,national,no_restriction,primary,5,not_populated,execution_override,v3.0
R20240914_AUD_001,2024-09-14,ALL,,Ukrenergo,national,household,no_restriction,0,,2024-09-14 00:00:00+03:00,2024-09-15 00:00:00+03:00,,,2024-09-13 21:00:00+00:00,2024-09-14 21:00:00+00:00,,,Europe/Kyiv,no_restriction,high,Official forecast: no scheduled restriction measures. Confidence: high.,audited_final,,,0,0,0,0,1,0,official_tso_archive,https://t.me/s/Ukrenergo?before=3283,Audit-added verified zero scheduled-restriction control. q0 does not imply no combat/technical/weather outage.,,,,,MR20241210_REGULATOR_ACTUAL_VS_PLAN,Official forecast: no scheduled restriction measures. Confidence: high.【置信度：high】,no_restriction,national,no_restriction,primary,5,not_populated,execution_override,v3.0
R20240915_AUD_001,2024-09-15,ALL,,Ukrenergo,national,household,no_restriction,0,,2024-09-15 00:00:00+03:00,2024-09-16 00:00:00+03:00,,,2024-09-14 21:00:00+00:00,2024-09-15 21:00:00+00:00,,,Europe/Kyiv,no_restriction,high,Official forecast: no scheduled restriction measures. Confidence: high.,audited_final,,,0,0,0,0,1,0,official_tso_archive,https://t.me/s/ukrenergo?before=3285,Audit-added verified zero scheduled-restriction control. q0 does not imply no combat/technical/weather outage.,,,,,MR20241210_REGULATOR_ACTUAL_VS_PLAN,Official forecast: no scheduled restriction measures. Confidence: high.【置信度：high】,no_restriction,national,no_restriction,primary,5,not_populated,execution_override,v3.0
R20240916_AUD_001,2024-09-16,ALL,,Ukrenergo,national,household,no_restriction,0,,2024-09-16 00:00:00+03:00,2024-09-17 00:00:00+03:00,,,2024-09-15 21:00:00+00:00,2024-09-16 21:00:00+00:00,,,Europe/Kyiv,no_restriction,high,Official forecast: no scheduled restrictions; retain weather flag because non-scheduled weather outages are possible and should not be collapsed into q0. Confidence: high.,audited_final,,,0,0,0,1,1,0,official_tso_archive,https://t.me/s/ukrenergo?before=3285,Audit-added verified zero scheduled-restriction control. q0 does not imply no combat/technical/weather outage.,,,,,MR20241210_REGULATOR_ACTUAL_VS_PLAN,Official forecast: no scheduled restrictions; retain weather flag because non-scheduled weather outages are possible and should not be collapsed into q0. Confidence: high.【置信度：high】,no_restriction,national,no_restriction,primary,5,not_populated,execution_override,v3.0
R20240917_AUD_001,2024-09-17,ALL,,Ukrenergo,national,household,no_restriction,0,,2024-09-17 00:00:00+03:00,2024-09-18 00:00:00+03:00,,,2024-09-16 21:00:00+00:00,2024-09-17 21:00:00+00:00,,,Europe/Kyiv,no_restriction,high,"Official forecast: no scheduled restrictions, but energy facilities in Sumy Oblast were attacked overnight. Excluded as a clean q0 control. Confidence: high. v2.3说明：该全国q0仍可表示“无计划性限电”，但只可用于未列入 affected_admin1 的地区；受攻击地区必须按 key_event_registry 单独排除。",audited_final,,,0,1,0,0,1,0,official_tso_archive,https://t.me/s/ukrenergo?before=3285,Audit-added verified zero scheduled-restriction control. q0 does not imply no combat/technical/weather outage.,regional,Sumy Oblast|Chernihiv Oblast,KE20240917_SUMY_ATTACK,XE20240917_SUMY_RESTORE_0226|XE20240917_SUMY_RESTORE_0311|XE20240917_SUMY_RESIDUAL_0700,MR20241210_REGULATOR_ACTUAL_VS_PLAN|MR20240917_SUMY_MULTI_EPISODE_SPLIT,"Official forecast: no scheduled restrictions, but energy facilities in Sumy Oblast were attacked overnight. Excluded as a clean q0 control. Confidence: high. v2.3说明：该全国q0仍可表示“无计划性限电”，但只可用于未列入 affected_admin1 的地区；受攻击地区必须按 key_event_registry 单独排除。【置信度：high】",no_restriction,national,no_restriction,primary,5,not_populated,execution_override,v3.0
R20240918_AUD_001,2024-09-18,ALL,,Ukrenergo,national,household,no_restriction,0,,2024-09-18 00:00:00+03:00,2024-09-19 00:00:00+03:00,,,2024-09-17 21:00:00+00:00,2024-09-18 21:00:00+00:00,,,Europe/Kyiv,no_restriction,high,Official forecast: no scheduled restrictions. Confidence: high.,audited_final,,,0,0,0,0,1,0,official_tso_archive,https://t.me/s/ukrenergo?before=3285,Audit-added verified zero scheduled-restriction control. q0 does not imply no combat/technical/weather outage.,,,,,MR20241210_REGULATOR_ACTUAL_VS_PLAN,Official forecast: no scheduled restrictions. Confidence: high.【置信度：high】,no_restriction,national,no_restriction,primary,5,not_populated,execution_override,v3.0
R20240919_AUD_001,2024-09-19,ALL,,Ukrenergo,national,household,no_restriction,0,,2024-09-19 00:00:00+03:00,2024-09-20 00:00:00+03:00,,,2024-09-18 21:00:00+00:00,2024-09-19 21:00:00+00:00,,,Europe/Kyiv,no_restriction,high,Official forecast: no scheduled restrictions. Confidence: high.,audited_final,,,0,0,0,0,1,0,official_tso_archive,https://t.me/s/ukrenergo?before=3288,Audit-added verified zero scheduled-restriction control. q0 does not imply no combat/technical/weather outage.,,,,,MR20241210_REGULATOR_ACTUAL_VS_PLAN,Official forecast: no scheduled restrictions. Confidence: high.【置信度：high】,no_restriction,national,no_restriction,primary,5,not_populated,execution_override,v3.0
R20240920_AUD_001,2024-09-20,ALL,,Ukrenergo,national,household,no_restriction,0,,2024-09-20 00:00:00+03:00,2024-09-21 00:00:00+03:00,,,2024-09-19 21:00:00+00:00,2024-09-20 21:00:00+00:00,,,Europe/Kyiv,no_restriction,high,Official forecast: no scheduled restrictions. Confidence: high.,audited_final,,,0,0,0,0,1,0,official_tso_archive,https://t.me/s/ukrenergo?after=3287,Audit-added verified zero scheduled-restriction control. q0 does not imply no combat/technical/weather outage.,,,,,MR20241210_REGULATOR_ACTUAL_VS_PLAN,Official forecast: no scheduled restrictions. Confidence: high.【置信度：high】,no_restriction,national,no_restriction,primary,5,not_populated,execution_override,v3.0
R20240921_AUD_001,2024-09-21,ALL,,Ukrenergo,national,household,no_restriction,0,,2024-09-21 00:00:00+03:00,2024-09-22 00:00:00+03:00,,,2024-09-20 21:00:00+00:00,2024-09-21 21:00:00+00:00,,,Europe/Kyiv,no_restriction,high,Official forecast: no scheduled restrictions. Confidence: high.,audited_final,,,0,0,0,0,1,0,official_tso_archive,https://t.me/s/ukrenergo?after=3287,Audit-added verified zero scheduled-restriction control. q0 does not imply no combat/technical/weather outage.,,,KE20240921_SHOSTKA_ATTACK,,MR20241210_REGULATOR_ACTUAL_VS_PLAN,Official forecast: no scheduled restrictions. Confidence: high.【置信度：high】,no_restriction,national,no_restriction,primary,5,not_populated,execution_override,v3.0
R20240922_AUD_001,2024-09-22,ALL,,Ukrenergo,national,household,no_restriction,0,,2024-09-22 00:00:00+03:00,2024-09-23 00:00:00+03:00,,,2024-09-21 21:00:00+00:00,2024-09-22 21:00:00+00:00,,,Europe/Kyiv,no_restriction,high,Official forecast: no scheduled restrictions. Confidence: high.,audited_final,,,0,0,0,0,1,0,official_tso_archive,https://t.me/s/ukrenergo?after=3287,Audit-added verified zero scheduled-restriction control. q0 does not imply no combat/technical/weather outage.,,,,,MR20241210_REGULATOR_ACTUAL_VS_PLAN,Official forecast: no scheduled restrictions. Confidence: high.【置信度：high】,no_restriction,national,no_restriction,primary,5,not_populated,execution_override,v3.0
R20240923_AUD_001,2024-09-23,ALL,,Ukrenergo,national,household,no_restriction,0,,2024-09-23 00:00:00+03:00,2024-09-24 00:00:00+03:00,,,2024-09-22 21:00:00+00:00,2024-09-23 21:00:00+00:00,,,Europe/Kyiv,no_restriction,high,Official forecast: no scheduled restrictions. Confidence: high.,audited_final,,,0,0,0,0,1,0,official_tso_archive,https://t.me/s/ukrenergo?after=3287,Audit-added verified zero scheduled-restriction control. q0 does not imply no combat/technical/weather outage.,,,,,MR20241210_REGULATOR_ACTUAL_VS_PLAN,Official forecast: no scheduled restrictions. Confidence: high.【置信度：high】,no_restriction,national,no_restriction,primary,5,not_populated,execution_override,v3.0
R20240925_AUD_001,2024-09-25,ALL,,Ukrenergo,national,household,no_restriction,0,,2024-09-25 00:00:00+03:00,2024-09-26 00:00:00+03:00,,,2024-09-24 21:00:00+00:00,2024-09-25 21:00:00+00:00,,,Europe/Kyiv,no_restriction,high,Official forecast: no scheduled restrictions. Confidence: high.,audited_final,,,0,0,0,0,1,0,official_tso_archive,https://t.me/s/ukrenergo?after=3287,Audit-added verified zero scheduled-restriction control. q0 does not imply no combat/technical/weather outage.,,,,,MR20241210_REGULATOR_ACTUAL_VS_PLAN,Official forecast: no scheduled restrictions. Confidence: high.【置信度：high】,no_restriction,national,no_restriction,primary,5,not_populated,execution_override,v3.0
R20240926_AUD_001,2024-09-26,ALL,,Ukrenergo,national,household,no_restriction,0,,2024-09-26 00:00:00+03:00,2024-09-27 00:00:00+03:00,,,2024-09-25 21:00:00+00:00,2024-09-26 21:00:00+00:00,,,Europe/Kyiv,no_restriction,high,"Official forecast: no scheduled restriction, while drone attacks on energy facilities were reported in several oblasts; not a clean zero-exposure control. Confidence: high.",audited_final,,,0,1,0,0,0,0,official_tso_archive,https://t.me/s/ukrenergo?after=3287,Audit-added verified zero scheduled-restriction control. q0 does not imply no combat/technical/weather outage.,,,,,MR20241210_REGULATOR_ACTUAL_VS_PLAN,"Official forecast: no scheduled restriction, while drone attacks on energy facilities were reported in several oblasts; not a clean zero-exposure control. Confidence: high.【置信度：high】",no_restriction,national,no_restriction,primary,5,not_populated,execution_override,v3.0
R20240927_AUD_001,2024-09-27,ALL,,Ukrenergo,national,household,no_restriction,0,,2024-09-27 00:00:00+03:00,2024-09-28 00:00:00+03:00,,,2024-09-26 21:00:00+00:00,2024-09-27 21:00:00+00:00,,,Europe/Kyiv,no_restriction,high,Official DSO forwarding/confirmation: no scheduled restrictions. Stored as national planned-control evidence with DSO corroboration. Confidence: high. v2.4: 全国无计划限电只适用于未列入 affected_admin1 的地区，受影响州需按 execution_events/key_events 排除。,audited_final,,,0,0,0,0,1,0,official_dso,https://t.me/s/kharkivenergy?before=677,Audit-added verified zero scheduled-restriction control. q0 does not imply no combat/technical/weather outage.,regional,Sumy Oblast,KE20240927_SUMY_SHORT_EMERGENCY,XE20240927_SUMY_SGAV_ACTIVATE|XE20240927_SUMY_GAV_ALL|XE20240927_SUMY_CANCEL_ALL,MR20241210_REGULATOR_ACTUAL_VS_PLAN,Official DSO forwarding/confirmation: no scheduled restrictions. Stored as national planned-control evidence with DSO corroboration. Confidence: high. v2.4: 全国无计划限电只适用于未列入 affected_admin1 的地区，受影响州需按 execution_events/key_events 排除。【置信度：high】,no_restriction,national,no_restriction,primary,5,not_populated,execution_override,v3.0
R20241001_AUD_001,2024-10-01,ALL,,Ukrenergo,national,household,no_restriction,0,,2024-10-01 00:00:00+03:00,2024-10-02 00:00:00+03:00,,,2024-09-30 21:00:00+00:00,2024-10-01 21:00:00+00:00,,,Europe/Kyiv,no_restriction,high,Official forecast: no scheduled consumption restrictions. Confidence: high.,audited_final,,,0,0,0,0,1,0,official_tso_archive,https://t.me/s/Ukrenergo?after=3318,Audit-added verified zero scheduled-restriction control. q0 does not imply no combat/technical/weather outage.,,,,,MR20241210_REGULATOR_ACTUAL_VS_PLAN,Official forecast: no scheduled consumption restrictions. Confidence: high.【置信度：high】,no_restriction,national,no_restriction,primary,5,not_populated,execution_override,v3.0
R20241002_AUD_001,2024-10-02,ALL,,Ukrenergo,national,household,no_restriction,0,,2024-10-02 00:00:00+03:00,2024-10-03 00:00:00+03:00,,,2024-10-01 21:00:00+00:00,2024-10-02 21:00:00+00:00,,,Europe/Kyiv,no_restriction,high,Official forecast: no scheduled consumption restrictions. Confidence: high.,audited_final,,,0,0,0,0,1,0,official_tso_archive,https://t.me/s/ukrenergo?before=3341,Audit-added verified zero scheduled-restriction control. q0 does not imply no combat/technical/weather outage.,,,,,MR20241210_REGULATOR_ACTUAL_VS_PLAN,Official forecast: no scheduled consumption restrictions. Confidence: high.【置信度：high】,no_restriction,national,no_restriction,primary,5,not_populated,execution_override,v3.0
R20241004_AUD_001,2024-10-04,ALL,,Ukrenergo,national,household,no_restriction,0,,2024-10-04 00:00:00+03:00,2024-10-05 00:00:00+03:00,,,2024-10-03 21:00:00+00:00,2024-10-04 21:00:00+00:00,,,Europe/Kyiv,no_restriction,high,Official forecast: no scheduled consumption restrictions. Confidence: high. v2.4: 全国无计划限电只适用于未列入 affected_admin1 的地区，受影响州需按 execution_events/key_events 排除。,audited_final,,,0,0,0,0,1,0,official_tso_archive,https://t.me/s/Ukrenergo?before=3348,Audit-added verified zero scheduled-restriction control. q0 does not imply no combat/technical/weather outage.,regional,Sumy Oblast|Poltava Oblast,KE20241004_SUMY_POLTAVA_GAV,XE20241004_SUMY_GAV_ACTIVATE|XE20241004_SUMY_GAV_CANCEL,MR20241210_REGULATOR_ACTUAL_VS_PLAN,Official forecast: no scheduled consumption restrictions. Confidence: high. v2.4: 全国无计划限电只适用于未列入 affected_admin1 的地区，受影响州需按 execution_events/key_events 排除。【置信度：high】,no_restriction,national,no_restriction,primary,5,not_populated,execution_override,v3.0
R20241005_AUD_001,2024-10-05,ALL,,Ukrenergo,national,household,no_restriction,0,,2024-10-05 00:00:00+03:00,2024-10-06 00:00:00+03:00,,,2024-10-04 21:00:00+00:00,2024-10-05 21:00:00+00:00,,,Europe/Kyiv,no_restriction,high,Official forecast: no scheduled consumption restrictions. Confidence: high.,audited_final,,,0,0,0,0,1,1,official_tso_archive,https://t.me/s/Ukrenergo/3328,Audit-added verified zero scheduled-restriction control. q0 does not imply no combat/technical/weather outage.,,,,,MR20241210_REGULATOR_ACTUAL_VS_PLAN,Official forecast: no scheduled consumption restrictions. Confidence: high.【置信度：high】,no_restriction,national,no_restriction,primary,5,not_populated,execution_override,v3.0
R20241006_AUD_001,2024-10-06,ALL,,Ukrenergo,national,household,no_restriction,0,,2024-10-06 00:00:00+03:00,2024-10-07 00:00:00+03:00,,,2024-10-05 21:00:00+00:00,2024-10-06 21:00:00+00:00,,,Europe/Kyiv,no_restriction,high,Official forecast: no scheduled consumption restrictions. Confidence: high.,audited_final,,,0,0,0,0,1,1,official_tso_archive,https://t.me/s/Ukrenergo/3328,Audit-added verified zero scheduled-restriction control. q0 does not imply no combat/technical/weather outage.,,,,,MR20241210_REGULATOR_ACTUAL_VS_PLAN,Official forecast: no scheduled consumption restrictions. Confidence: high.【置信度：high】,no_restriction,national,no_restriction,primary,5,not_populated,execution_override,v3.0
R20241007_AUD_001,2024-10-07,ALL,,Ukrenergo,national,household,no_restriction,0,,2024-10-07 00:00:00+03:00,2024-10-08 00:00:00+03:00,,,2024-10-06 21:00:00+00:00,2024-10-07 21:00:00+00:00,,,Europe/Kyiv,no_restriction,high,Official forecast: no scheduled consumption restrictions. Confidence: high.,audited_final,,,0,0,0,0,1,0,official_tso_archive,https://t.me/s/Ukrenergo?after=3318,Audit-added verified zero scheduled-restriction control. q0 does not imply no combat/technical/weather outage.,,,,,MR20241210_REGULATOR_ACTUAL_VS_PLAN,Official forecast: no scheduled consumption restrictions. Confidence: high.【置信度：high】,no_restriction,national,no_restriction,primary,5,not_populated,execution_override,v3.0
R20241008_AUD_001,2024-10-08,ALL,,Ukrenergo,national,household,no_restriction,0,,2024-10-08 00:00:00+03:00,2024-10-09 00:00:00+03:00,,,2024-10-07 21:00:00+00:00,2024-10-08 21:00:00+00:00,,,Europe/Kyiv,no_restriction,high,Official forecast: no scheduled consumption restrictions. Confidence: high.,audited_final,,,0,0,0,0,1,0,official_tso_archive,https://t.me/s/ukrenergo?before=3341,Audit-added verified zero scheduled-restriction control. q0 does not imply no combat/technical/weather outage.,,,,,MR20241210_REGULATOR_ACTUAL_VS_PLAN,Official forecast: no scheduled consumption restrictions. Confidence: high.【置信度：high】,no_restriction,national,no_restriction,primary,5,not_populated,execution_override,v3.0
R20241009_AUD_001,2024-10-09,ALL,,Ukrenergo,national,household,no_restriction,0,,2024-10-09 00:00:00+03:00,2024-10-10 00:00:00+03:00,,,2024-10-08 21:00:00+00:00,2024-10-09 21:00:00+00:00,,,Europe/Kyiv,no_restriction,high,Official forecast: no scheduled consumption restrictions. Confidence: high.,audited_final,,,0,0,0,0,1,0,official_tso_archive,https://t.me/s/ukrenergo?before=3361,Audit-added verified zero scheduled-restriction control. q0 does not imply no combat/technical/weather outage.,,,,,MR20241210_REGULATOR_ACTUAL_VS_PLAN,Official forecast: no scheduled consumption restrictions. Confidence: high.【置信度：high】,no_restriction,national,no_restriction,primary,5,not_populated,execution_override,v3.0
R20241010_AUD_001,2024-10-10,ALL,,Ukrenergo,national,household,no_restriction,0,,2024-10-10 00:00:00+03:00,2024-10-11 00:00:00+03:00,,,2024-10-09 21:00:00+00:00,2024-10-10 21:00:00+00:00,,,Europe/Kyiv,no_restriction,high,Official forecast: no scheduled consumption restrictions. Confidence: high.,audited_final,,,0,0,0,0,1,0,official_tso_archive,https://t.me/s/ukrenergo?before=3361,Audit-added verified zero scheduled-restriction control. q0 does not imply no combat/technical/weather outage.,,,,,MR20241210_REGULATOR_ACTUAL_VS_PLAN,Official forecast: no scheduled consumption restrictions. Confidence: high.【置信度：high】,no_restriction,national,no_restriction,primary,5,not_populated,execution_override,v3.0
R20241011_AUD_001,2024-10-11,ALL,,Ukrenergo,national,household,no_restriction,0,,2024-10-11 00:00:00+03:00,2024-10-12 00:00:00+03:00,,,2024-10-10 21:00:00+00:00,2024-10-11 21:00:00+00:00,,,Europe/Kyiv,no_restriction,high,Official forecast: no scheduled consumption restrictions. Confidence: high.,audited_final,,,0,0,0,0,1,0,official_tso_archive,https://t.me/s/Ukrenergo?before=3359,Audit-added verified zero scheduled-restriction control. q0 does not imply no combat/technical/weather outage.,,,,,MR20241210_REGULATOR_ACTUAL_VS_PLAN,Official forecast: no scheduled consumption restrictions. Confidence: high.【置信度：high】,no_restriction,national,no_restriction,primary,5,not_populated,execution_override,v3.0
R20241012_AUD_001,2024-10-12,ALL,,Ukrenergo,national,household,no_restriction,0,,2024-10-12 00:00:00+03:00,2024-10-13 00:00:00+03:00,,,2024-10-11 21:00:00+00:00,2024-10-12 21:00:00+00:00,,,Europe/Kyiv,no_restriction,high,Official forecast: no scheduled consumption restrictions. Confidence: high.,audited_final,,,0,0,0,0,1,0,official_tso_archive,https://t.me/s/ukrenergo?before=3361,Audit-added verified zero scheduled-restriction control. q0 does not imply no combat/technical/weather outage.,,,,,MR20241210_REGULATOR_ACTUAL_VS_PLAN,Official forecast: no scheduled consumption restrictions. Confidence: high.【置信度：high】,no_restriction,national,no_restriction,primary,5,not_populated,execution_override,v3.0
R20241015_AUD_001,2024-10-15,ALL,,Ukrenergo,national,household,no_restriction,0,,2024-10-15 00:00:00+03:00,2024-10-16 00:00:00+03:00,,,2024-10-14 21:00:00+00:00,2024-10-15 21:00:00+00:00,,,Europe/Kyiv,no_restriction,high,Official forecast: no scheduled consumption restrictions. Confidence: high.,audited_final,,,0,0,0,0,1,0,official_tso_archive,https://t.me/s/Ukrenergo?before=3372,Audit-added verified zero scheduled-restriction control. q0 does not imply no combat/technical/weather outage.,,,,,MR20241210_REGULATOR_ACTUAL_VS_PLAN,Official forecast: no scheduled consumption restrictions. Confidence: high.【置信度：high】,no_restriction,national,no_restriction,primary,5,not_populated,execution_override,v3.0
R20241016_AUD_001,2024-10-16,ALL,,Ukrenergo,national,household,no_restriction,0,,2024-10-16 00:00:00+03:00,2024-10-17 00:00:00+03:00,,,2024-10-15 21:00:00+00:00,2024-10-16 21:00:00+00:00,,,Europe/Kyiv,no_restriction,high,Official forecast: no scheduled consumption restrictions; technical outages in some southern oblasts remain separate. Confidence: high.,audited_final,,,0,0,0,0,1,0,official_tso_archive,https://t.me/s/Ukrenergo?before=3359,Audit-added verified zero scheduled-restriction control. q0 does not imply no combat/technical/weather outage.,,,,,MR20241210_REGULATOR_ACTUAL_VS_PLAN,Official forecast: no scheduled consumption restrictions; technical outages in some southern oblasts remain separate. Confidence: high.【置信度：high】,no_restriction,national,no_restriction,primary,5,not_populated,execution_override,v3.0
R20241017_AUD_001,2024-10-17,ALL,,Ukrenergo,national,household,no_restriction,0,,2024-10-17 00:00:00+03:00,2024-10-18 00:00:00+03:00,,,2024-10-16 21:00:00+00:00,2024-10-17 21:00:00+00:00,,,Europe/Kyiv,no_restriction,high,Official forecast: no scheduled consumption restrictions. Confidence: high.,audited_final,,,0,0,0,0,1,0,official_tso_archive,https://t.me/s/Ukrenergo?before=3372,Audit-added verified zero scheduled-restriction control. q0 does not imply no combat/technical/weather outage.,,,,,MR20241210_REGULATOR_ACTUAL_VS_PLAN,Official forecast: no scheduled consumption restrictions. Confidence: high.【置信度：high】,no_restriction,national,no_restriction,primary,5,not_populated,execution_override,v3.0
R20241018_AUD_001,2024-10-18,ALL,,Ukrenergo,national,household,no_restriction,0,,2024-10-18 00:00:00+03:00,2024-10-19 00:00:00+03:00,,,2024-10-17 21:00:00+00:00,2024-10-18 21:00:00+00:00,,,Europe/Kyiv,no_restriction,high,Official forecast: no scheduled consumption restrictions. Confidence: high.,audited_final,,,0,0,0,0,1,0,official_tso_archive,https://t.me/s/Ukrenergo?before=3372,Audit-added verified zero scheduled-restriction control. q0 does not imply no combat/technical/weather outage.,,,,,MR20241210_REGULATOR_ACTUAL_VS_PLAN,Official forecast: no scheduled consumption restrictions. Confidence: high.【置信度：high】,no_restriction,national,no_restriction,primary,5,not_populated,execution_override,v3.0
R20241111_EMG_001,2024-11-11,Cherkasy Oblast,,Ukrenergo / Cherkasy regional authorities,oblast,household_general,emergency_outage,,,2024-11-11 06:31:00+02:00,2024-11-11 13:00:00+02:00,,,2024-11-11 04:31:00+00:00,2024-11-11 11:00:00+00:00,,,Europe/Kyiv,confirmed,medium,"Preventive emergency outages were introduced in Cherkasy Oblast from 06:31 on Ukrenergo command amid a missile-strike threat. Ukrenergo later said morning emergency outages in most affected oblasts would be cancelled shortly; reports place broad cancellation around late morning/noon. 13:00 is therefore an approximate event-window endpoint, not an exact local restoration timestamp. Confidence: medium.",audited_final,,,1,1,0,0,0,0,official_local_government,https://smila-rada.gov.ua/calendar-created/month/2024-11,Start time 06:31 is official local-government text; end is approximate from broader Ukrenergo cancellation reporting.,regional,Cherkasy Oblast|Odesa Oblast|Dnipropetrovsk Oblast|Kyiv City|Kyiv Oblast|Donetsk Oblast|Sumy Oblast|Kharkiv Oblast|other affected oblasts,KE20241111_PREVENTIVE_EMERGENCY,XE20241111_DN_EMG_STATE_0735|XE20241111_DN_EMG_CANCEL_BY_1323,MR20241210_REGULATOR_ACTUAL_VS_PLAN,"Preventive emergency outages were introduced in Cherkasy Oblast from 06:31 on Ukrenergo command amid a missile-strike threat. Ukrenergo later said morning emergency outages in most affected oblasts would be cancelled shortly; reports place broad cancellation around late morning/noon. 13:00 is therefore an approximate event-window endpoint, not an exact local restoration timestamp. Confidence: medium.【置信度：medium】",confirmed,oblast,emergency,secondary,3,not_populated,emergency_override,v3.0
R20241113_Q0_001,2024-11-13,ALL,,Ukrenergo,national,household,no_restriction,0,,2024-11-13 00:00:00+02:00,2024-11-14 00:00:00+02:00,,,2024-11-12 22:00:00+00:00,2024-11-13 22:00:00+00:00,,,Europe/Kyiv,no_restriction,high,"Ukrenergo explicitly stated that no restriction measures were planned for household consumers on 13 November. Industry/business was restricted separately, so this q0 applies only to household scheduled restrictions. Confidence: high.",audited_final,,,0,0,1,1,0,0,official_tso,https://t.me/s/ukrenergo?before=3433,,,,,,MR20241210_REGULATOR_ACTUAL_VS_PLAN,"Ukrenergo explicitly stated that no restriction measures were planned for household consumers on 13 November. Industry/business was restricted separately, so this q0 applies only to household scheduled restrictions. Confidence: high.【置信度：high】",no_restriction,national,no_restriction,primary,5,not_populated,execution_override,v3.0
R20241113_GOP_001,2024-11-13,ALL,,Ukrenergo,national,industry_business,power_limit,,,2024-11-13 07:00:00+02:00,2024-11-13 20:00:00+02:00,,,2024-11-13 05:00:00+00:00,2024-11-13 18:00:00+00:00,,,Europe/Kyiv,shortened,high,"All regions were placed under industrial/business power-limitation schedules from 07:00 with a planned endpoint of 20:00. Ukrenergo later announced the temporary restrictions had been cancelled after maneuvering-generation equipment issues were resolved; the exact cancellation minute is not stated in the archived text, so actual_end remains blank. Immediate causes also included reduced imports and low solar efficiency in cloudy weather. Confidence: high.",audited_final,,,0,1,1,1,0,0,official_tso,https://t.me/s/ukrenergo?before=3433,,,,,,MR20241210_REGULATOR_ACTUAL_VS_PLAN,"All regions were placed under industrial/business power-limitation schedules from 07:00 with a planned endpoint of 20:00. Ukrenergo later announced the temporary restrictions had been cancelled after maneuvering-generation equipment issues were resolved; the exact cancellation minute is not stated in the archived text, so actual_end remains blank. Immediate causes also included reduced imports and low solar efficiency in cloudy weather. Confidence: high.【置信度：high】",shortened,national,power_limit,primary,5,not_populated,planned_or_final_dispatch,v3.0
R20241114_AUD_001,2024-11-14,ALL,,Ukrenergo,national,household,no_restriction,0,,2024-11-14 00:00:00+02:00,2024-11-15 00:00:00+02:00,,,2024-11-13 22:00:00+00:00,2024-11-14 22:00:00+00:00,,,Europe/Kyiv,no_restriction,high,"After the temporary industrial/business restriction on 13 November was cancelled, Ukrenergo forecast no restriction measures for 14 November. Confidence: high.",audited_final,,,0,0,0,0,1,0,official_tso_archive,https://t.me/s/ukrenergo?before=3433,Audit-added verified zero scheduled-restriction control. q0 does not imply no combat/technical/weather outage.,,,,,MR20241210_REGULATOR_ACTUAL_VS_PLAN,"After the temporary industrial/business restriction on 13 November was cancelled, Ukrenergo forecast no restriction measures for 14 November. Confidence: high.【置信度：high】",no_restriction,national,no_restriction,primary,5,not_populated,execution_override,v3.0
R20241117_POL_001,2024-11-17,Poltava Oblast,,Poltavaoblenergo,oblast,household_general,no_restriction,0,,2024-11-17 00:00:00+02:00,2024-11-18 00:00:00+02:00,,,2024-11-16 22:00:00+00:00,2024-11-17 22:00:00+00:00,,,Europe/Kyiv,superseded,high,Day-ahead plan for Poltava Oblast said hourly outage schedules would not be applied because Ukrenergo had not assigned a consumption limit. The plan was overridden the next morning by emergency GAV during a mass attack. Retained only as the pre-event plan. Confidence: high.,day_ahead_plan,,,1,1,0,0,0,0,official_dso,https://t.me/s/poltavaoe?before=1909,,national_system,multiple regions nationwide,KE20241117_MAJOR_ATTACK,,MR20241210_REGULATOR_ACTUAL_VS_PLAN,Day-ahead plan for Poltava Oblast said hourly outage schedules would not be applied because Ukrenergo had not assigned a consumption limit. The plan was overridden the next morning by emergency GAV during a mass attack. Retained only as the pre-event plan. Confidence: high.【置信度：high】,superseded,oblast,no_restriction,primary,5,not_populated,historical_version,v3.0
R20241117_POL_002,2024-11-17,Poltava Oblast,,Poltavaoblenergo,oblast,household_general,emergency_outage,,GAV_1-3,2024-11-17 06:53:00+02:00,2024-11-17 10:55:00+02:00,2024-11-17 06:53:00+02:00,2024-11-17 10:55:00+02:00,2024-11-17 04:53:00+00:00,2024-11-17 08:55:00+00:00,2024-11-17 04:53:00+00:00,2024-11-17 08:55:00+00:00,Europe/Kyiv,confirmed,high,"Poltavaoblenergo received an Ukrenergo command to activate emergency outage schedules (GAV queues 1–3) at 06:53 on 17 November and a cancellation command at 10:55. This is a minute-level emergency override, not a planned hourly rotation. Confidence: high.",emergency_actual,,R20241117_POL_001,1,1,0,0,0,0,official_dso,https://t.me/s/poltavaoe?before=1909,"Official DSO archive contains the no-GPV plan, 06:53 GAV activation, and 10:55 cancellation in sequence.",national_system,multiple regions nationwide,KE20241117_MAJOR_ATTACK,,MR20241210_REGULATOR_ACTUAL_VS_PLAN,"Poltavaoblenergo received an Ukrenergo command to activate emergency outage schedules (GAV queues 1–3) at 06:53 on 17 November and a cancellation command at 10:55. This is a minute-level emergency override, not a planned hourly rotation. Confidence: high.【置信度：high】",confirmed,oblast,emergency,primary,5,deprecated_confirmed_dispatch_window_not_physical_switch,emergency_override,v3.0
R20241118_NAT_001,2024-11-18,ALL,,Ukrenergo,national,household_general,hourly_schedule,0,,2024-11-18 00:00:00+02:00,2024-11-18 06:00:00+02:00,,,2024-11-17 22:00:00+00:00,2024-11-18 04:00:00+00:00,,,Europe/Kyiv,dispatch_confirmed,high,国家/地区调度要求该时段同时启用 0 个轮换队列。这表示调度强度，不等同于某个具体地址必然断电。 置信度：high。,final_dispatch,,,0,1,0,0,0,1,official_dso,https://t.me/s/ztoe_ua/678,,,,,XE20241118_OD_STATE_321K|XE20241118_OD_CRITICAL_RESTORE,MR20241210_REGULATOR_ACTUAL_VS_PLAN,国家/地区调度要求该时段同时启用 0 个轮换队列。这表示调度强度，不等同于某个具体地址必然断电。 置信度：high。【置信度：high】,confirmed,national,GPV,primary,5,not_populated,planned_or_final_dispatch,v3.0
R20241118_NAT_002,2024-11-18,ALL,,Ukrenergo,national,household_general,hourly_schedule,2,,2024-11-18 06:00:00+02:00,2024-11-18 22:00:00+02:00,,,2024-11-18 04:00:00+00:00,2024-11-18 20:00:00+00:00,,,Europe/Kyiv,dispatch_confirmed,high,国家/地区调度要求该时段同时启用 2 个轮换队列。这表示调度强度，不等同于某个具体地址必然断电。 置信度：high。,final_dispatch,,,0,1,0,0,0,1,official_dso,https://t.me/s/ztoe_ua/678,,,,,XE20241118_OD_STATE_321K|XE20241118_OD_CRITICAL_RESTORE,MR20241210_REGULATOR_ACTUAL_VS_PLAN,国家/地区调度要求该时段同时启用 2 个轮换队列。这表示调度强度，不等同于某个具体地址必然断电。 置信度：high。【置信度：high】,confirmed,national,GPV,primary,5,not_populated,planned_or_final_dispatch,v3.0
R20241118_NAT_003,2024-11-18,ALL,,Ukrenergo,national,household_general,hourly_schedule,0,,2024-11-18 22:00:00+02:00,2024-11-19 00:00:00+02:00,,,2024-11-18 20:00:00+00:00,2024-11-18 22:00:00+00:00,,,Europe/Kyiv,dispatch_confirmed,high,国家/地区调度要求该时段同时启用 0 个轮换队列。这表示调度强度，不等同于某个具体地址必然断电。 置信度：high。,final_dispatch,,,0,1,0,0,0,1,official_dso,https://t.me/s/ztoe_ua/678,,,,,XE20241118_OD_STATE_321K|XE20241118_OD_CRITICAL_RESTORE,MR20241210_REGULATOR_ACTUAL_VS_PLAN,国家/地区调度要求该时段同时启用 0 个轮换队列。这表示调度强度，不等同于某个具体地址必然断电。 置信度：high。【置信度：high】,confirmed,national,GPV,primary,5,not_populated,planned_or_final_dispatch,v3.0
R20241119_NAT_001,2024-11-19,ALL,,Ukrenergo,national,household_general,hourly_schedule,0,,2024-11-19 00:00:00+02:00,2024-11-19 06:00:00+02:00,,,2024-11-18 22:00:00+00:00,2024-11-19 04:00:00+00:00,,,Europe/Kyiv,dispatch_confirmed,high,国家/地区调度要求该时段同时启用 0 个轮换队列。这表示调度强度，不等同于某个具体地址必然断电。 置信度：high。,final_dispatch,,,0,1,0,0,0,0,official_dso,https://t.me/s/Zaporizhzhyaoblenergo_news?before=1496,,,,,,MR20241210_REGULATOR_ACTUAL_VS_PLAN,国家/地区调度要求该时段同时启用 0 个轮换队列。这表示调度强度，不等同于某个具体地址必然断电。 置信度：high。【置信度：high】,confirmed,national,GPV,primary,5,not_populated,planned_or_final_dispatch,v3.0
R20241119_NAT_002,2024-11-19,ALL,,Ukrenergo,national,household_general,hourly_schedule,1,,2024-11-19 06:00:00+02:00,2024-11-19 07:00:00+02:00,,,2024-11-19 04:00:00+00:00,2024-11-19 05:00:00+00:00,,,Europe/Kyiv,dispatch_confirmed,high,国家/地区调度要求该时段同时启用 1 个轮换队列。这表示调度强度，不等同于某个具体地址必然断电。 置信度：high。,final_dispatch,,,0,1,0,0,0,0,official_dso,https://t.me/s/Zaporizhzhyaoblenergo_news?before=1496,,,,,,MR20241210_REGULATOR_ACTUAL_VS_PLAN,国家/地区调度要求该时段同时启用 1 个轮换队列。这表示调度强度，不等同于某个具体地址必然断电。 置信度：high。【置信度：high】,confirmed,national,GPV,primary,5,not_populated,planned_or_final_dispatch,v3.0
R20241119_NAT_003,2024-11-19,ALL,,Ukrenergo,national,household_general,hourly_schedule,2,,2024-11-19 07:00:00+02:00,2024-11-19 09:00:00+02:00,,,2024-11-19 05:00:00+00:00,2024-11-19 07:00:00+00:00,,,Europe/Kyiv,dispatch_confirmed,high,国家/地区调度要求该时段同时启用 2 个轮换队列。这表示调度强度，不等同于某个具体地址必然断电。 置信度：high。,final_dispatch,,,0,1,0,0,0,0,official_dso,https://t.me/s/Zaporizhzhyaoblenergo_news?before=1496,,,,,,MR20241210_REGULATOR_ACTUAL_VS_PLAN,国家/地区调度要求该时段同时启用 2 个轮换队列。这表示调度强度，不等同于某个具体地址必然断电。 置信度：high。【置信度：high】,confirmed,national,GPV,primary,5,not_populated,planned_or_final_dispatch,v3.0
R20241119_NAT_004,2024-11-19,ALL,,Ukrenergo,national,household_general,hourly_schedule,1,,2024-11-19 09:00:00+02:00,2024-11-19 14:00:00+02:00,,,2024-11-19 07:00:00+00:00,2024-11-19 12:00:00+00:00,,,Europe/Kyiv,dispatch_confirmed,high,国家/地区调度要求该时段同时启用 1 个轮换队列。这表示调度强度，不等同于某个具体地址必然断电。 置信度：high。,final_dispatch,,,0,1,0,0,0,0,official_dso,https://t.me/s/Zaporizhzhyaoblenergo_news?before=1496,,,,,,MR20241210_REGULATOR_ACTUAL_VS_PLAN,国家/地区调度要求该时段同时启用 1 个轮换队列。这表示调度强度，不等同于某个具体地址必然断电。 置信度：high。【置信度：high】,confirmed,national,GPV,primary,5,not_populated,planned_or_final_dispatch,v3.0
R20241119_NAT_005,2024-11-19,ALL,,Ukrenergo,national,household_general,hourly_schedule,2,,2024-11-19 14:00:00+02:00,2024-11-19 18:00:00+02:00,,,2024-11-19 12:00:00+00:00,2024-11-19 16:00:00+00:00,,,Europe/Kyiv,dispatch_confirmed,high,国家/地区调度要求该时段同时启用 2 个轮换队列。这表示调度强度，不等同于某个具体地址必然断电。 置信度：high。,final_dispatch,,,1,1,0,0,0,0,official_dso,https://t.me/s/Zaporizhzhyaoblenergo_news?before=1496,,,,KE20241117_MAJOR_ATTACK,XE20241119_OD_RESTORE_PARTIAL_1528,MR20241210_REGULATOR_ACTUAL_VS_PLAN,国家/地区调度要求该时段同时启用 2 个轮换队列。这表示调度强度，不等同于某个具体地址必然断电。 置信度：high。【置信度：high】,confirmed,national,GPV,primary,5,not_populated,planned_or_final_dispatch,v3.0
R20241119_NAT_006,2024-11-19,ALL,,Ukrenergo,national,household_general,hourly_schedule,1,,2024-11-19 18:00:00+02:00,2024-11-19 23:00:00+02:00,,,2024-11-19 16:00:00+00:00,2024-11-19 21:00:00+00:00,,,Europe/Kyiv,dispatch_confirmed,high,国家/地区调度要求该时段同时启用 1 个轮换队列。这表示调度强度，不等同于某个具体地址必然断电。 置信度：high。,final_dispatch,,,0,1,0,0,0,0,official_dso,https://t.me/s/Zaporizhzhyaoblenergo_news?before=1496,,,,,,MR20241210_REGULATOR_ACTUAL_VS_PLAN,国家/地区调度要求该时段同时启用 1 个轮换队列。这表示调度强度，不等同于某个具体地址必然断电。 置信度：high。【置信度：high】,confirmed,national,GPV,primary,5,not_populated,planned_or_final_dispatch,v3.0
R20241119_NAT_007,2024-11-19,ALL,,Ukrenergo,national,household_general,hourly_schedule,0,,2024-11-19 23:00:00+02:00,2024-11-20 00:00:00+02:00,,,2024-11-19 21:00:00+00:00,2024-11-19 22:00:00+00:00,,,Europe/Kyiv,dispatch_confirmed,high,国家/地区调度要求该时段同时启用 0 个轮换队列。这表示调度强度，不等同于某个具体地址必然断电。 置信度：high。,final_dispatch,,,0,1,0,0,0,0,official_dso,https://t.me/s/Zaporizhzhyaoblenergo_news?before=1496,,,,,,MR20241210_REGULATOR_ACTUAL_VS_PLAN,国家/地区调度要求该时段同时启用 0 个轮换队列。这表示调度强度，不等同于某个具体地址必然断电。 置信度：high。【置信度：high】,confirmed,national,GPV,primary,5,not_populated,planned_or_final_dispatch,v3.0
R20241120_NAT_001,2024-11-20,ALL,,Ukrenergo,national,household_general,hourly_schedule,0,,2024-11-20 00:00:00+02:00,2024-11-20 06:00:00+02:00,,,2024-11-19 22:00:00+00:00,2024-11-20 04:00:00+00:00,,,Europe/Kyiv,dispatch_confirmed,medium,国家/地区调度要求该时段同时启用 0 个轮换队列。这表示调度强度，不等同于某个具体地址必然断电。 置信度：medium。,final_dispatch,,,0,1,0,0,0,0,official_tso_archive,https://t.me/s/Ukrenergo?before=3460,,,,,XE20241120_OD_RETURN_STABILIZATION,MR20241210_REGULATOR_ACTUAL_VS_PLAN,国家/地区调度要求该时段同时启用 0 个轮换队列。这表示调度强度，不等同于某个具体地址必然断电。 置信度：medium。【置信度：medium】,confirmed,national,GPV,primary,5,not_populated,planned_or_final_dispatch,v3.0
R20241120_NAT_002,2024-11-20,ALL,,Ukrenergo,national,household_general,hourly_schedule,1,,2024-11-20 06:00:00+02:00,2024-11-20 22:00:00+02:00,,,2024-11-20 04:00:00+00:00,2024-11-20 20:00:00+00:00,,,Europe/Kyiv,dispatch_confirmed,medium,国家/地区调度要求该时段同时启用 1 个轮换队列。这表示调度强度，不等同于某个具体地址必然断电。 置信度：medium。,final_dispatch,,,0,1,0,0,0,0,official_tso_archive,https://t.me/s/Ukrenergo?before=3460,,,,,XE20241120_OD_RETURN_STABILIZATION,MR20241210_REGULATOR_ACTUAL_VS_PLAN,国家/地区调度要求该时段同时启用 1 个轮换队列。这表示调度强度，不等同于某个具体地址必然断电。 置信度：medium。【置信度：medium】,confirmed,national,GPV,primary,5,not_populated,planned_or_final_dispatch,v3.0
R20241120_LVIV_001,2024-11-20,Lviv Oblast,,Lvivoblenergo,oblast,household_general,hourly_schedule,,ALL,2024-11-20 06:00:00+02:00,2024-11-20 22:00:00+02:00,,,2024-11-20 04:00:00+00:00,2024-11-20 20:00:00+00:00,,,Europe/Kyiv,shortened,high,"Lvivoblenergo reported that, as of 18:31, it had received an Ukrenergo instruction to cancel hourly outage schedules for the remainder of the day. The published national/oblast plan therefore did not remain active through its originally announced end. The exact physical restoration minute for each group is not assumed from the report timestamp, so actual_end is left blank. Confidence: high.",same_day_dso_cancellation,,,0,1,0,0,0,1,official_dso_statement_via_dated_media,https://dailylviv.com/news/ekonomika/hpv-vidminyly-na-lvivshchyni-lvivoblenerho-130139,,,,,,MR20241210_REGULATOR_ACTUAL_VS_PLAN,"Lvivoblenergo reported that, as of 18:31, it had received an Ukrenergo instruction to cancel hourly outage schedules for the remainder of the day. The published national/oblast plan therefore did not remain active through its originally announced end. The exact physical restoration minute for each group is not assumed from the report timestamp, so actual_end is left blank. Confidence: high.【置信度：high】",shortened,oblast,GPV,near_primary,4,not_populated,planned_or_final_dispatch,v3.0
R20241120_NAT_003,2024-11-20,ALL,,Ukrenergo,national,household_general,hourly_schedule,0,,2024-11-20 22:00:00+02:00,2024-11-21 00:00:00+02:00,,,2024-11-20 20:00:00+00:00,2024-11-20 22:00:00+00:00,,,Europe/Kyiv,dispatch_confirmed,medium,国家/地区调度要求该时段同时启用 0 个轮换队列。这表示调度强度，不等同于某个具体地址必然断电。 置信度：medium。,final_dispatch,,,0,1,0,0,0,0,official_tso_archive,https://t.me/s/Ukrenergo?before=3460,,,,,XE20241120_OD_RETURN_STABILIZATION,MR20241210_REGULATOR_ACTUAL_VS_PLAN,国家/地区调度要求该时段同时启用 0 个轮换队列。这表示调度强度，不等同于某个具体地址必然断电。 置信度：medium。【置信度：medium】,confirmed,national,GPV,primary,5,not_populated,planned_or_final_dispatch,v3.0
R20241121_NAT_001,2024-11-21,ALL,,Ukrenergo,national,household_general,hourly_schedule,1,,2024-11-21 07:00:00+02:00,2024-11-21 11:00:00+02:00,,,2024-11-21 05:00:00+00:00,2024-11-21 09:00:00+00:00,,,Europe/Kyiv,emergency_override,medium,这是当天基础小时计划；空袭期间部分地区临时进入紧急停电，且下午不同地区又有增减队列更新，因此不宜把基础计划视为实际执行。 置信度：medium。,final_dispatch,,,1,1,0,0,0,0,official_tso_archive,https://t.me/s/Ukrenergo?before=3470,,,,KE20241121_MULTI_REGION_EMERGENCY_REENTRY,XE20241121_SUMY_GAV_1_3_0654|XE20241121_SUMY_SGAV_1_0708|XE20241121_SUMY_GAV_SGAV_CANCEL_0742|XE20241121_OD_EMG_STATE_BY_0751|XE20241121_OD_EMG_CANCEL_BY_0756|XE20241121_DN_EMG_STATE_BY_0751|XE20241121_DN_EMG_CANCEL_BY_0756,MR20241210_REGULATOR_ACTUAL_VS_PLAN|MR20260904_PUBLIC_TIMESTAMP_SEMANTICS|MR20260904_STATE_MACHINE_REENTRY,这是当天基础小时计划；空袭期间部分地区临时进入紧急停电，且下午不同地区又有增减队列更新，因此不宜把基础计划视为实际执行。 置信度：medium。【置信度：medium】,emergency_override,national,GPV,primary,5,not_populated,emergency_override,v3.0
R20241121_LVIV_001,2024-11-21,Lviv Oblast,,Lvivoblenergo,oblast,household_general,hourly_schedule,,ALL,2024-11-21 07:00:00+02:00,2024-11-21 22:00:00+02:00,,,2024-11-21 05:00:00+00:00,2024-11-21 20:00:00+00:00,,,Europe/Kyiv,shortened,high,"Lvivoblenergo reported that, as of 21:08, it had received an Ukrenergo instruction to cancel hourly outage schedules for the remainder of the day. The published national/oblast plan therefore did not remain active through its originally announced end. The exact physical restoration minute for each group is not assumed from the report timestamp, so actual_end is left blank. Confidence: high.",same_day_dso_cancellation,,,0,1,0,0,0,1,official_dso_statement_via_dated_media,https://suspilne.media/lviv/884513-vimknenna-elektroenergii-na-lvivsini-21-listopada-grafiki/,,,,,,MR20241210_REGULATOR_ACTUAL_VS_PLAN,"Lvivoblenergo reported that, as of 21:08, it had received an Ukrenergo instruction to cancel hourly outage schedules for the remainder of the day. The published national/oblast plan therefore did not remain active through its originally announced end. The exact physical restoration minute for each group is not assumed from the report timestamp, so actual_end is left blank. Confidence: high.【置信度：high】",shortened,oblast,GPV,near_primary,4,not_populated,planned_or_final_dispatch,v3.0
R20241121_NAT_002,2024-11-21,ALL,,Ukrenergo,national,household_general,hourly_schedule,2,,2024-11-21 11:00:00+02:00,2024-11-21 19:00:00+02:00,,,2024-11-21 09:00:00+00:00,2024-11-21 17:00:00+00:00,,,Europe/Kyiv,emergency_override,medium,这是当天基础小时计划；空袭期间部分地区临时进入紧急停电，且下午不同地区又有增减队列更新，因此不宜把基础计划视为实际执行。 置信度：medium。,final_dispatch,,,1,1,0,0,0,0,official_tso_archive,https://t.me/s/Ukrenergo?before=3470,,,,KE20241121_MULTI_REGION_EMERGENCY_REENTRY,,MR20241210_REGULATOR_ACTUAL_VS_PLAN|MR20260904_PUBLIC_TIMESTAMP_SEMANTICS|MR20260904_STATE_MACHINE_REENTRY,这是当天基础小时计划；空袭期间部分地区临时进入紧急停电，且下午不同地区又有增减队列更新，因此不宜把基础计划视为实际执行。 置信度：medium。【置信度：medium】,emergency_override,national,GPV,primary,5,not_populated,emergency_override,v3.0
R20241121_NAT_003,2024-11-21,ALL,,Ukrenergo,national,household_general,hourly_schedule,1,,2024-11-21 19:00:00+02:00,2024-11-21 22:00:00+02:00,,,2024-11-21 17:00:00+00:00,2024-11-21 20:00:00+00:00,,,Europe/Kyiv,emergency_override,medium,这是当天基础小时计划；空袭期间部分地区临时进入紧急停电，且下午不同地区又有增减队列更新，因此不宜把基础计划视为实际执行。 置信度：medium。,final_dispatch,,,1,1,0,0,0,0,official_tso_archive,https://t.me/s/Ukrenergo?before=3470,,,,KE20241121_MULTI_REGION_EMERGENCY_REENTRY,,MR20241210_REGULATOR_ACTUAL_VS_PLAN|MR20260904_PUBLIC_TIMESTAMP_SEMANTICS|MR20260904_STATE_MACHINE_REENTRY,这是当天基础小时计划；空袭期间部分地区临时进入紧急停电，且下午不同地区又有增减队列更新，因此不宜把基础计划视为实际执行。 置信度：medium。【置信度：medium】,emergency_override,national,GPV,primary,5,not_populated,emergency_override,v3.0
R20241122_NAT_001,2024-11-22,ALL,,Ukrenergo,national,household_general,hourly_schedule,0,,2024-11-22 00:00:00+02:00,2024-11-22 06:00:00+02:00,,,2024-11-21 22:00:00+00:00,2024-11-22 04:00:00+00:00,,,Europe/Kyiv,dispatch_confirmed,high,国家/地区调度要求该时段同时启用 0 个轮换队列。这表示调度强度，不等同于某个具体地址必然断电。 置信度：high。,final_dispatch,,,0,1,0,0,0,1,official_dso,https://t.me/s/ztoe_ua/676,,,,,,MR20241210_REGULATOR_ACTUAL_VS_PLAN,国家/地区调度要求该时段同时启用 0 个轮换队列。这表示调度强度，不等同于某个具体地址必然断电。 置信度：high。【置信度：high】,confirmed,national,GPV,primary,5,not_populated,planned_or_final_dispatch,v3.0
R20241122_NAT_002,2024-11-22,ALL,,Ukrenergo,national,household_general,hourly_schedule,1,,2024-11-22 06:00:00+02:00,2024-11-22 07:00:00+02:00,,,2024-11-22 04:00:00+00:00,2024-11-22 05:00:00+00:00,,,Europe/Kyiv,dispatch_confirmed,high,国家/地区调度要求该时段同时启用 1 个轮换队列。这表示调度强度，不等同于某个具体地址必然断电。 置信度：high。,final_dispatch,,,0,1,0,0,0,1,official_dso,https://t.me/s/ztoe_ua/676,,,,,,MR20241210_REGULATOR_ACTUAL_VS_PLAN,国家/地区调度要求该时段同时启用 1 个轮换队列。这表示调度强度，不等同于某个具体地址必然断电。 置信度：high。【置信度：high】,confirmed,national,GPV,primary,5,not_populated,planned_or_final_dispatch,v3.0
R20241122_LVIV_001,2024-11-22,Lviv Oblast,,Lvivoblenergo,oblast,household_general,hourly_schedule,,ALL,2024-11-22 06:00:00+02:00,2024-11-22 22:00:00+02:00,,,2024-11-22 04:00:00+00:00,2024-11-22 20:00:00+00:00,,,Europe/Kyiv,shortened,high,"Lvivoblenergo reported that, as of 18:52, it had received an Ukrenergo instruction to cancel hourly outage schedules for the remainder of the day. The published national/oblast plan therefore did not remain active through its originally announced end. The exact physical restoration minute for each group is not assumed from the report timestamp, so actual_end is left blank. Confidence: high.",same_day_dso_cancellation,,,0,1,0,0,0,1,official_dso_statement_via_dated_media,https://suspilne.media/lviv/885359-ak-vimikatimut-elektroenergiu-na-lvivsini-22-listopada-grafiki/,,,,,,MR20241210_REGULATOR_ACTUAL_VS_PLAN,"Lvivoblenergo reported that, as of 18:52, it had received an Ukrenergo instruction to cancel hourly outage schedules for the remainder of the day. The published national/oblast plan therefore did not remain active through its originally announced end. The exact physical restoration minute for each group is not assumed from the report timestamp, so actual_end is left blank. Confidence: high.【置信度：high】",shortened,oblast,GPV,near_primary,4,not_populated,planned_or_final_dispatch,v3.0
R20241122_NAT_003,2024-11-22,ALL,,Ukrenergo,national,household_general,hourly_schedule,2,,2024-11-22 07:00:00+02:00,2024-11-22 18:00:00+02:00,,,2024-11-22 05:00:00+00:00,2024-11-22 16:00:00+00:00,,,Europe/Kyiv,dispatch_confirmed,high,国家/地区调度要求该时段同时启用 2 个轮换队列。这表示调度强度，不等同于某个具体地址必然断电。 置信度：high。,final_dispatch,,,0,1,0,0,0,1,official_dso,https://t.me/s/ztoe_ua/676,,,,,,MR20241210_REGULATOR_ACTUAL_VS_PLAN,国家/地区调度要求该时段同时启用 2 个轮换队列。这表示调度强度，不等同于某个具体地址必然断电。 置信度：high。【置信度：high】,confirmed,national,GPV,primary,5,not_populated,planned_or_final_dispatch,v3.0
R20241122_NAT_004,2024-11-22,ALL,,Ukrenergo,national,household_general,hourly_schedule,1,,2024-11-22 18:00:00+02:00,2024-11-22 22:00:00+02:00,,,2024-11-22 16:00:00+00:00,2024-11-22 20:00:00+00:00,,,Europe/Kyiv,dispatch_confirmed,high,国家/地区调度要求该时段同时启用 1 个轮换队列。这表示调度强度，不等同于某个具体地址必然断电。 置信度：high。,final_dispatch,,,0,1,0,0,0,1,official_dso,https://t.me/s/ztoe_ua/676,,,,,,MR20241210_REGULATOR_ACTUAL_VS_PLAN,国家/地区调度要求该时段同时启用 1 个轮换队列。这表示调度强度，不等同于某个具体地址必然断电。 置信度：high。【置信度：high】,confirmed,national,GPV,primary,5,not_populated,planned_or_final_dispatch,v3.0
R20241122_NAT_005,2024-11-22,ALL,,Ukrenergo,national,household_general,hourly_schedule,0,,2024-11-22 22:00:00+02:00,2024-11-23 00:00:00+02:00,,,2024-11-22 20:00:00+00:00,2024-11-22 22:00:00+00:00,,,Europe/Kyiv,dispatch_confirmed,high,国家/地区调度要求该时段同时启用 0 个轮换队列。这表示调度强度，不等同于某个具体地址必然断电。 置信度：high。,final_dispatch,,,0,1,0,0,0,1,official_dso,https://t.me/s/ztoe_ua/676,,,,,,MR20241210_REGULATOR_ACTUAL_VS_PLAN,国家/地区调度要求该时段同时启用 0 个轮换队列。这表示调度强度，不等同于某个具体地址必然断电。 置信度：high。【置信度：high】,confirmed,national,GPV,primary,5,not_populated,planned_or_final_dispatch,v3.0
R20241123_NAT_001,2024-11-23,ALL,,Ukrenergo,national,household_general,hourly_schedule,1,,2024-11-23 08:00:00+02:00,2024-11-23 22:00:00+02:00,,,2024-11-23 06:00:00+00:00,2024-11-23 20:00:00+00:00,,,Europe/Kyiv,shortened,high,原计划 08:00–22:00 启用一队列，但官方当天提前取消；因未稳定恢复统一的精确取消分钟，actual_end 留空。不要把整段计划误当成实际暴露。 置信度：high。,final_dispatch,,,0,1,0,0,0,0,official_tso_archive,https://t.me/s/Ukrenergo?before=3480,,,,,,MR20241210_REGULATOR_ACTUAL_VS_PLAN,原计划 08:00–22:00 启用一队列，但官方当天提前取消；因未稳定恢复统一的精确取消分钟，actual_end 留空。不要把整段计划误当成实际暴露。 置信度：high。【置信度：high】,shortened,national,GPV,primary,5,not_populated,planned_or_final_dispatch,v3.0
R20241124_NAT_001,2024-11-24,ALL,,Ukrenergo,national,household_general,hourly_schedule,1,,2024-11-24 14:00:00+02:00,2024-11-24 18:00:00+02:00,,,2024-11-24 12:00:00+00:00,2024-11-24 16:00:00+00:00,,,Europe/Kyiv,dispatch_confirmed,high,国家/地区调度要求该时段同时启用 1 个轮换队列。这表示调度强度，不等同于某个具体地址必然断电。 置信度：high。,final_dispatch,,,0,1,0,0,0,0,official_tso_archive,https://t.me/s/Ukrenergo?before=3485,,,,,,MR20241210_REGULATOR_ACTUAL_VS_PLAN,国家/地区调度要求该时段同时启用 1 个轮换队列。这表示调度强度，不等同于某个具体地址必然断电。 置信度：high。【置信度：high】,confirmed,national,GPV,primary,5,not_populated,planned_or_final_dispatch,v3.0
R20241125_NAT_001,2024-11-25,ALL,,Ukrenergo,national,household_general,hourly_schedule,1,,2024-11-25 14:00:00+02:00,2024-11-25 20:00:00+02:00,,,2024-11-25 12:00:00+00:00,2024-11-25 18:00:00+00:00,,,Europe/Kyiv,dispatch_confirmed,high,国家/地区调度要求该时段同时启用 1 个轮换队列。这表示调度强度，不等同于某个具体地址必然断电。 置信度：high。,final_dispatch,,,0,1,0,0,0,0,official_tso_archive,https://t.me/s/Ukrenergo?before=3490,,,,,,MR20241210_REGULATOR_ACTUAL_VS_PLAN,国家/地区调度要求该时段同时启用 1 个轮换队列。这表示调度强度，不等同于某个具体地址必然断电。 置信度：high。【置信度：high】,confirmed,national,GPV,primary,5,not_populated,planned_or_final_dispatch,v3.0
R20241125_LVIV_001,2024-11-25,Lviv Oblast,,Lvivoblenergo,oblast,household_general,hourly_schedule,,ALL,2024-11-25 14:00:00+02:00,2024-11-25 20:00:00+02:00,,,2024-11-25 12:00:00+00:00,2024-11-25 18:00:00+00:00,,,Europe/Kyiv,shortened,high,"Lvivoblenergo reported that, as of 18:54, it had received an Ukrenergo instruction to cancel hourly outage schedules for the remainder of the day. The published national/oblast plan therefore did not remain active through its originally announced end. The exact physical restoration minute for each group is not assumed from the report timestamp, so actual_end is left blank. Confidence: high.",same_day_dso_cancellation,,,0,1,0,0,0,1,official_dso_statement_via_dated_media,https://suspilne.media/lviv/887217-vimknenna-elektroenergii-na-lvivsini-25-listopada-grafiki/,,,,,,MR20241210_REGULATOR_ACTUAL_VS_PLAN,"Lvivoblenergo reported that, as of 18:54, it had received an Ukrenergo instruction to cancel hourly outage schedules for the remainder of the day. The published national/oblast plan therefore did not remain active through its originally announced end. The exact physical restoration minute for each group is not assumed from the report timestamp, so actual_end is left blank. Confidence: high.【置信度：high】",shortened,oblast,GPV,near_primary,4,not_populated,planned_or_final_dispatch,v3.0
R20241126_NAT_001,2024-11-26,ALL,,Ukrenergo,national,household_general,hourly_schedule,1,,2024-11-26 07:00:00+02:00,2024-11-26 10:00:00+02:00,,,2024-11-26 05:00:00+00:00,2024-11-26 08:00:00+00:00,,,Europe/Kyiv,dispatch_confirmed,high,国家/地区调度要求该时段同时启用 1 个轮换队列。这表示调度强度，不等同于某个具体地址必然断电。 置信度：high。,final_dispatch,,,0,1,0,0,0,0,official_tso_archive,https://t.me/s/Ukrenergo?before=3495,,,,,,MR20241210_REGULATOR_ACTUAL_VS_PLAN,国家/地区调度要求该时段同时启用 1 个轮换队列。这表示调度强度，不等同于某个具体地址必然断电。 置信度：high。【置信度：high】,confirmed,national,GPV,primary,5,not_populated,planned_or_final_dispatch,v3.0
R20241126_NAT_002,2024-11-26,ALL,,Ukrenergo,national,household_general,hourly_schedule,1,,2024-11-26 14:00:00+02:00,2024-11-26 21:00:00+02:00,,,2024-11-26 12:00:00+00:00,2024-11-26 19:00:00+00:00,,,Europe/Kyiv,dispatch_confirmed,high,国家/地区调度要求该时段同时启用 1 个轮换队列。这表示调度强度，不等同于某个具体地址必然断电。 置信度：high。,final_dispatch,,,0,1,0,0,0,0,official_tso_archive,https://t.me/s/Ukrenergo?before=3495,,,,,,MR20241210_REGULATOR_ACTUAL_VS_PLAN,国家/地区调度要求该时段同时启用 1 个轮换队列。这表示调度强度，不等同于某个具体地址必然断电。 置信度：high。【置信度：high】,confirmed,national,GPV,primary,5,not_populated,planned_or_final_dispatch,v3.0
R20241127_NAT_002,2024-11-27,ALL,,Ukrenergo,national,industry_business,power_limit,,,2024-11-27 07:00:00+02:00,2024-11-27 20:00:00+02:00,,,2024-11-27 05:00:00+00:00,2024-11-27 18:00:00+00:00,,,Europe/Kyiv,dispatch_confirmed,high,工业和商业执行功率限制图（ГОП），不是居民轮换队列；queue_count/queue_id 不适用。 置信度：high。,final_dispatch,,,0,1,0,0,0,0,official_tso_archive,https://t.me/s/Ukrenergo?before=3500,,,,,,MR20241210_REGULATOR_ACTUAL_VS_PLAN,工业和商业执行功率限制图（ГОП），不是居民轮换队列；queue_count/queue_id 不适用。 置信度：high。【置信度：high】,confirmed,national,power_limit,primary,5,not_populated,planned_or_final_dispatch,v3.0
R20241127_NAT_001,2024-11-27,ALL,,Ukrenergo,national,household,hourly_schedule,1,,2024-11-27 08:00:00+02:00,2024-11-27 19:00:00+02:00,,,2024-11-27 06:00:00+00:00,2024-11-27 17:00:00+00:00,,,Europe/Kyiv,dispatch_confirmed,high,国家/地区调度要求该时段同时启用 1 个轮换队列。这表示调度强度，不等同于某个具体地址必然断电。 置信度：high。,final_dispatch,,,0,1,0,0,0,0,official_tso_archive,https://t.me/s/Ukrenergo?before=3500,,,,,,MR20241210_REGULATOR_ACTUAL_VS_PLAN,国家/地区调度要求该时段同时启用 1 个轮换队列。这表示调度强度，不等同于某个具体地址必然断电。 置信度：high。【置信度：high】,confirmed,national,GPV,primary,5,not_populated,planned_or_final_dispatch,v3.0
R20241128_NAT_002,2024-11-28,ALL,,Ukrenergo,national,household_general,emergency_outage,,,2024-11-28 06:00:00+02:00,2024-11-29 00:00:00+02:00,,,2024-11-28 04:00:00+00:00,2024-11-28 22:00:00+00:00,,,Europe/Kyiv,emergency_override,high,大规模袭击后进入紧急限制/恢复过程，限制强度在当天多次变化，曾上调到很高水平；因无法用一个 queue_count 表示整段，故留空。 置信度：high。,final_dispatch,,,1,1,0,0,0,0,official_tso_archive,https://t.me/s/Ukrenergo?before=3508,,national_system,multiple regions nationwide,KE20241128_MAJOR_ATTACK,XE20241128_DN_EMG_CANCEL_BY|XE20241128_OD_EMG_START|XE20241128_OD_EMG_CANCEL_BY,MR20241210_REGULATOR_ACTUAL_VS_PLAN,大规模袭击后进入紧急限制/恢复过程，限制强度在当天多次变化，曾上调到很高水平；因无法用一个 queue_count 表示整段，故留空。 置信度：high。【置信度：high】,emergency_override,national,emergency,primary,5,not_populated,emergency_override,v3.0
R20241128_GOP_001,2024-11-28,ALL,,Ukrenergo,national,industry_business,power_limit,,,2024-11-28 07:00:00+02:00,2024-11-28 20:00:00+02:00,,,2024-11-28 05:00:00+00:00,2024-11-28 18:00:00+00:00,,,Europe/Kyiv,emergency_override,high,"Industrial/business power-limitation schedule (GOP) applied/planned for 07:00–20:00. This is a different treatment mechanism from household hourly-outage queues and should be modeled separately. The same day was affected by a major attack/emergency override, so the announced GOP window is not a clean causal treatment interval. Confidence: high.",audited_final,,,1,1,0,0,0,0,official_tso_archive,https://t.me/s/Ukrenergo?before=3486,Audit-added GOP record; deliberately keeps queue_count blank to avoid conflating GOP stages with household GПВ queue counts.,national_system,multiple regions nationwide,KE20241128_MAJOR_ATTACK,XE20241128_DN_EMG_CANCEL_BY|XE20241128_OD_EMG_START|XE20241128_OD_EMG_CANCEL_BY,MR20241210_REGULATOR_ACTUAL_VS_PLAN,"Industrial/business power-limitation schedule (GOP) applied/planned for 07:00–20:00. This is a different treatment mechanism from household hourly-outage queues and should be modeled separately. The same day was affected by a major attack/emergency override, so the announced GOP window is not a clean causal treatment interval. Confidence: high.【置信度：high】",emergency_override,national,power_limit,primary,5,not_populated,emergency_override,v3.0
R20241128_NAT_001,2024-11-28,ALL,,Ukrenergo,national,household,hourly_schedule,1,,2024-11-28 08:00:00+02:00,2024-11-28 19:00:00+02:00,,,2024-11-28 06:00:00+00:00,2024-11-28 17:00:00+00:00,,,Europe/Kyiv,emergency_override,high,原计划居民 08:00–19:00 一队列，但 11 月 28 日大规模袭击后当天限制连续上调，最高达到更多队列；本条仅保留原计划并标记被紧急状态覆盖。 置信度：high。,final_dispatch,,,1,1,0,0,0,0,official_tso_archive,https://t.me/s/Ukrenergo?before=3508,,national_system,multiple regions nationwide,KE20241128_MAJOR_ATTACK,XE20241128_DN_EMG_CANCEL_BY|XE20241128_OD_EMG_START|XE20241128_OD_EMG_CANCEL_BY,MR20241210_REGULATOR_ACTUAL_VS_PLAN,原计划居民 08:00–19:00 一队列，但 11 月 28 日大规模袭击后当天限制连续上调，最高达到更多队列；本条仅保留原计划并标记被紧急状态覆盖。 置信度：high。【置信度：high】,emergency_override,national,GPV,primary,5,not_populated,emergency_override,v3.0
R20241129_NAT_001,2024-11-29,ALL,,Ukrenergo,national,household,hourly_schedule,1,,2024-11-29 00:00:00+02:00,2024-11-29 06:00:00+02:00,,,2024-11-28 22:00:00+00:00,2024-11-29 04:00:00+00:00,,,Europe/Kyiv,dispatch_confirmed,high,国家/地区调度要求该时段同时启用 1 个轮换队列。这表示调度强度，不等同于某个具体地址必然断电。 置信度：high。,final_dispatch,,,0,1,0,0,0,0,official_tso_archive,https://t.me/s/Ukrenergo?before=3508,,,,,,MR20241210_REGULATOR_ACTUAL_VS_PLAN,国家/地区调度要求该时段同时启用 1 个轮换队列。这表示调度强度，不等同于某个具体地址必然断电。 置信度：high。【置信度：high】,confirmed,national,GPV,primary,5,not_populated,planned_or_final_dispatch,v3.0
R20241129_GOP_001,2024-11-29,ALL,,Ukrenergo,national,industry_business,power_limit,,,2024-11-29 00:00:00+02:00,2024-11-30 00:00:00+02:00,,,2024-11-28 22:00:00+00:00,2024-11-29 22:00:00+00:00,,,Europe/Kyiv,dispatch_confirmed,high,Industrial/business power-limitation schedule (GOP) applied/planned for 00:00–24:00. This is a different treatment mechanism from household hourly-outage queues and should be modeled separately. Confidence: high.,audited_final,,,0,1,0,0,0,0,official_tso_archive,https://t.me/s/Ukrenergo?before=3508,Audit-added GOP record; deliberately keeps queue_count blank to avoid conflating GOP stages with household GПВ queue counts.,,,,,MR20241210_REGULATOR_ACTUAL_VS_PLAN,Industrial/business power-limitation schedule (GOP) applied/planned for 00:00–24:00. This is a different treatment mechanism from household hourly-outage queues and should be modeled separately. Confidence: high.【置信度：high】,confirmed,national,power_limit,primary,5,not_populated,planned_or_final_dispatch,v3.0
R20241129_NAT_002,2024-11-29,ALL,,Ukrenergo,national,household,hourly_schedule,2,,2024-11-29 06:00:00+02:00,2024-11-29 14:00:00+02:00,,,2024-11-29 04:00:00+00:00,2024-11-29 12:00:00+00:00,,,Europe/Kyiv,dispatch_confirmed,high,国家/地区调度要求该时段同时启用 2 个轮换队列。这表示调度强度，不等同于某个具体地址必然断电。 置信度：high。,final_dispatch,,,0,1,0,0,0,0,official_tso_archive,https://t.me/s/Ukrenergo?before=3508,,,,,,MR20241210_REGULATOR_ACTUAL_VS_PLAN,国家/地区调度要求该时段同时启用 2 个轮换队列。这表示调度强度，不等同于某个具体地址必然断电。 置信度：high。【置信度：high】,confirmed,national,GPV,primary,5,not_populated,planned_or_final_dispatch,v3.0
R20241129_NAT_003,2024-11-29,ALL,,Ukrenergo,national,household,hourly_schedule,3,,2024-11-29 14:00:00+02:00,2024-11-29 18:00:00+02:00,,,2024-11-29 12:00:00+00:00,2024-11-29 16:00:00+00:00,,,Europe/Kyiv,dispatch_confirmed,high,国家/地区调度要求该时段同时启用 3 个轮换队列；按 Ukrenergo 的解释，3 个队列约对应每个地区一半非关键用户同时处于轮换限制范围。这表示调度强度，不等同于某个具体地址必然断电。 置信度：high。,final_dispatch,,,0,1,0,0,0,0,official_tso_archive,https://t.me/s/Ukrenergo?before=3508,,,,,,MR20241210_REGULATOR_ACTUAL_VS_PLAN,国家/地区调度要求该时段同时启用 3 个轮换队列；按 Ukrenergo 的解释，3 个队列约对应每个地区一半非关键用户同时处于轮换限制范围。这表示调度强度，不等同于某个具体地址必然断电。 置信度：high。【置信度：high】,confirmed,national,GPV,primary,5,not_populated,planned_or_final_dispatch,v3.0
R20241129_NAT_004,2024-11-29,ALL,,Ukrenergo,national,household,hourly_schedule,2,,2024-11-29 18:00:00+02:00,2024-11-29 22:00:00+02:00,,,2024-11-29 16:00:00+00:00,2024-11-29 20:00:00+00:00,,,Europe/Kyiv,dispatch_confirmed,high,国家/地区调度要求该时段同时启用 2 个轮换队列。这表示调度强度，不等同于某个具体地址必然断电。 置信度：high。,final_dispatch,,,0,1,0,0,0,0,official_tso_archive,https://t.me/s/Ukrenergo?before=3508,,,,,,MR20241210_REGULATOR_ACTUAL_VS_PLAN,国家/地区调度要求该时段同时启用 2 个轮换队列。这表示调度强度，不等同于某个具体地址必然断电。 置信度：high。【置信度：high】,confirmed,national,GPV,primary,5,not_populated,planned_or_final_dispatch,v3.0
R20241129_NAT_005,2024-11-29,ALL,,Ukrenergo,national,household,hourly_schedule,1,,2024-11-29 22:00:00+02:00,2024-11-30 00:00:00+02:00,,,2024-11-29 20:00:00+00:00,2024-11-29 22:00:00+00:00,,,Europe/Kyiv,dispatch_confirmed,high,国家/地区调度要求该时段同时启用 1 个轮换队列。这表示调度强度，不等同于某个具体地址必然断电。 置信度：high。,final_dispatch,,,0,1,0,0,0,0,official_tso_archive,https://t.me/s/Ukrenergo?before=3508,,,,,,MR20241210_REGULATOR_ACTUAL_VS_PLAN,国家/地区调度要求该时段同时启用 1 个轮换队列。这表示调度强度，不等同于某个具体地址必然断电。 置信度：high。【置信度：high】,confirmed,national,GPV,primary,5,not_populated,planned_or_final_dispatch,v3.0
R20241130_NAT_001,2024-11-30,ALL,,Ukrenergo,national,household,hourly_schedule,1,,2024-11-30 08:00:00+02:00,2024-11-30 14:00:00+02:00,,,2024-11-30 06:00:00+00:00,2024-11-30 12:00:00+00:00,,,Europe/Kyiv,dispatch_confirmed,high,国家/地区调度要求该时段同时启用 1 个轮换队列。这表示调度强度，不等同于某个具体地址必然断电。 置信度：high。,final_dispatch,,,0,1,0,0,0,0,official_tso_archive,https://t.me/s/Ukrenergo?before=3504,,,,,,MR20241210_REGULATOR_ACTUAL_VS_PLAN,国家/地区调度要求该时段同时启用 1 个轮换队列。这表示调度强度，不等同于某个具体地址必然断电。 置信度：high。【置信度：high】,confirmed,national,GPV,primary,5,not_populated,planned_or_final_dispatch,v3.0
R20241130_GOP_001,2024-11-30,Poltava Oblast,,Poltavaoblenergo,oblast,industry_business,power_limit,,,2024-11-30 08:00:00+02:00,2024-11-30 23:00:00+02:00,,,2024-11-30 06:00:00+00:00,2024-11-30 21:00:00+00:00,,,Europe/Kyiv,confirmed,high,Poltavaoblenergo reported the industrial/business GOP in full five-stage scope from 08:00–23:00. The five GOP stages are intentionally not stored in queue_count because queue_count in the main experiment is used primarily for household GПВ intensity. Confidence: high.,audited_final,,,0,1,0,0,0,0,official_dso,https://t.me/s/poltavaOE?before=1969,,,,,,MR20241210_REGULATOR_ACTUAL_VS_PLAN,Poltavaoblenergo reported the industrial/business GOP in full five-stage scope from 08:00–23:00. The five GOP stages are intentionally not stored in queue_count because queue_count in the main experiment is used primarily for household GПВ intensity. Confidence: high.【置信度：high】,confirmed,oblast,power_limit,primary,5,not_populated,planned_or_final_dispatch,v3.0
R20241130_NAT_002,2024-11-30,ALL,,Ukrenergo,national,household,hourly_schedule,2,,2024-11-30 14:00:00+02:00,2024-11-30 20:00:00+02:00,,,2024-11-30 12:00:00+00:00,2024-11-30 18:00:00+00:00,,,Europe/Kyiv,dispatch_confirmed,high,国家/地区调度要求该时段同时启用 2 个轮换队列。这表示调度强度，不等同于某个具体地址必然断电。 置信度：high。,final_dispatch,,,0,1,0,0,0,0,official_tso_archive,https://t.me/s/Ukrenergo?before=3504,,,,,,MR20241210_REGULATOR_ACTUAL_VS_PLAN,国家/地区调度要求该时段同时启用 2 个轮换队列。这表示调度强度，不等同于某个具体地址必然断电。 置信度：high。【置信度：high】,confirmed,national,GPV,primary,5,not_populated,planned_or_final_dispatch,v3.0
R20241130_NAT_003,2024-11-30,ALL,,Ukrenergo,national,household,hourly_schedule,1,,2024-11-30 20:00:00+02:00,2024-11-30 22:00:00+02:00,,,2024-11-30 18:00:00+00:00,2024-11-30 20:00:00+00:00,,,Europe/Kyiv,dispatch_confirmed,high,国家/地区调度要求该时段同时启用 1 个轮换队列。这表示调度强度，不等同于某个具体地址必然断电。 置信度：high。,final_dispatch,,,0,1,0,0,0,0,official_tso_archive,https://t.me/s/Ukrenergo?before=3504,,,,,,MR20241210_REGULATOR_ACTUAL_VS_PLAN,国家/地区调度要求该时段同时启用 1 个轮换队列。这表示调度强度，不等同于某个具体地址必然断电。 置信度：high。【置信度：high】,confirmed,national,GPV,primary,5,not_populated,planned_or_final_dispatch,v3.0
R20241201_GOP_001,2024-12-01,ALL,,Ukrenergo,national,industry_business,power_limit,,,2024-12-01 08:00:00+02:00,2024-12-01 13:00:00+02:00,,,2024-12-01 06:00:00+00:00,2024-12-01 11:00:00+00:00,,,Europe/Kyiv,dispatch_confirmed,high,Industrial/business power-limitation schedule (GOP) applied/planned for 08:00–13:00. This is a different treatment mechanism from household hourly-outage queues and should be modeled separately. Confidence: high.,audited_final,,,0,1,0,0,0,0,official_tso_archive,https://t.me/s/Ukrenergo?before=3508,Audit-added GOP record; deliberately keeps queue_count blank to avoid conflating GOP stages with household GПВ queue counts.,,,,,MR20241210_REGULATOR_ACTUAL_VS_PLAN,Industrial/business power-limitation schedule (GOP) applied/planned for 08:00–13:00. This is a different treatment mechanism from household hourly-outage queues and should be modeled separately. Confidence: high.【置信度：high】,confirmed,national,power_limit,primary,5,not_populated,planned_or_final_dispatch,v3.0
R20241201_NAT_001,2024-12-01,ALL,,Ukrenergo,national,household,hourly_schedule,1,,2024-12-01 13:00:00+02:00,2024-12-01 22:00:00+02:00,,,2024-12-01 11:00:00+00:00,2024-12-01 20:00:00+00:00,,,Europe/Kyiv,dispatch_confirmed,high,12 月的计划主要处于多轮攻击后的系统恢复期；队列数为国家调度强度，建议在主分析中作为混杂期排除或单独做敏感性分析。 置信度：high。,final_dispatch,,,0,1,0,0,0,0,official_tso_archive,https://t.me/s/Ukrenergo?before=3536,,,,,,MR20241210_REGULATOR_ACTUAL_VS_PLAN,12 月的计划主要处于多轮攻击后的系统恢复期；队列数为国家调度强度，建议在主分析中作为混杂期排除或单独做敏感性分析。 置信度：high。【置信度：high】,confirmed,national,GPV,primary,5,not_populated,planned_or_final_dispatch,v3.0
R20241202_GOP_001,2024-12-02,Poltava Oblast,,Poltavaoblenergo,oblast,industry_business,power_limit,,,2024-12-02 06:00:00+02:00,2024-12-02 22:00:00+02:00,,,2024-12-02 04:00:00+00:00,2024-12-02 20:00:00+00:00,,,Europe/Kyiv,dispatch_confirmed,high,Industrial/business power-limitation schedule (GOP) applied/planned for 06:00–22:00. This is a different treatment mechanism from household hourly-outage queues and should be modeled separately. Poltavaoblenergo additionally reported the GOP in full five-stage scope; the five GOP stages are not stored in household queue_count. Confidence: high.,audited_final,,,0,1,0,0,0,0,official_dso,https://t.me/s/poltavaOE?before=1978,Audit-added GOP record; deliberately keeps queue_count blank to avoid conflating GOP stages with household GПВ queue counts.,,,,,MR20241210_REGULATOR_ACTUAL_VS_PLAN,Industrial/business power-limitation schedule (GOP) applied/planned for 06:00–22:00. This is a different treatment mechanism from household hourly-outage queues and should be modeled separately. Poltavaoblenergo additionally reported the GOP in full five-stage scope; the five GOP stages are not stored in household queue_count. Confidence: high.【置信度：high】,confirmed,oblast,power_limit,primary,5,not_populated,planned_or_final_dispatch,v3.0
R20241202_NAT_001,2024-12-02,ALL,,Ukrenergo,national,household,hourly_schedule,1,,2024-12-02 07:00:00+02:00,2024-12-02 08:00:00+02:00,,,2024-12-02 05:00:00+00:00,2024-12-02 06:00:00+00:00,,,Europe/Kyiv,dispatch_confirmed,high,12 月的计划主要处于多轮攻击后的系统恢复期；队列数为国家调度强度，建议在主分析中作为混杂期排除或单独做敏感性分析。 置信度：high。,final_dispatch,,,0,1,0,0,0,0,official_tso_archive,https://t.me/s/Ukrenergo?before=3536,,,,,,MR20241210_REGULATOR_ACTUAL_VS_PLAN,12 月的计划主要处于多轮攻击后的系统恢复期；队列数为国家调度强度，建议在主分析中作为混杂期排除或单独做敏感性分析。 置信度：high。【置信度：high】,confirmed,national,GPV,primary,5,not_populated,planned_or_final_dispatch,v3.0
R20241202_NAT_002,2024-12-02,ALL,,Ukrenergo,national,household,hourly_schedule,2,,2024-12-02 08:00:00+02:00,2024-12-02 10:00:00+02:00,,,2024-12-02 06:00:00+00:00,2024-12-02 08:00:00+00:00,,,Europe/Kyiv,dispatch_confirmed,high,12 月的计划主要处于多轮攻击后的系统恢复期；队列数为国家调度强度，建议在主分析中作为混杂期排除或单独做敏感性分析。 置信度：high。,final_dispatch,,,0,1,0,0,0,0,official_tso_archive,https://t.me/s/Ukrenergo?before=3536,,,,,,MR20241210_REGULATOR_ACTUAL_VS_PLAN,12 月的计划主要处于多轮攻击后的系统恢复期；队列数为国家调度强度，建议在主分析中作为混杂期排除或单独做敏感性分析。 置信度：high。【置信度：high】,confirmed,national,GPV,primary,5,not_populated,planned_or_final_dispatch,v3.0
R20241202_NAT_003,2024-12-02,ALL,,Ukrenergo,national,household,hourly_schedule,1,,2024-12-02 10:00:00+02:00,2024-12-02 11:00:00+02:00,,,2024-12-02 08:00:00+00:00,2024-12-02 09:00:00+00:00,,,Europe/Kyiv,dispatch_confirmed,high,12 月的计划主要处于多轮攻击后的系统恢复期；队列数为国家调度强度，建议在主分析中作为混杂期排除或单独做敏感性分析。 置信度：high。,final_dispatch,,,0,1,0,0,0,0,official_tso_archive,https://t.me/s/Ukrenergo?before=3536,,,,,,MR20241210_REGULATOR_ACTUAL_VS_PLAN,12 月的计划主要处于多轮攻击后的系统恢复期；队列数为国家调度强度，建议在主分析中作为混杂期排除或单独做敏感性分析。 置信度：high。【置信度：high】,confirmed,national,GPV,primary,5,not_populated,planned_or_final_dispatch,v3.0
R20241202_NAT_004,2024-12-02,ALL,,Ukrenergo,national,household,hourly_schedule,2,,2024-12-02 11:00:00+02:00,2024-12-02 19:00:00+02:00,,,2024-12-02 09:00:00+00:00,2024-12-02 17:00:00+00:00,,,Europe/Kyiv,dispatch_confirmed,high,12 月的计划主要处于多轮攻击后的系统恢复期；队列数为国家调度强度，建议在主分析中作为混杂期排除或单独做敏感性分析。 置信度：high。,final_dispatch,,,0,1,0,0,0,0,official_tso_archive,https://t.me/s/Ukrenergo?before=3536,,,,,,MR20241210_REGULATOR_ACTUAL_VS_PLAN,12 月的计划主要处于多轮攻击后的系统恢复期；队列数为国家调度强度，建议在主分析中作为混杂期排除或单独做敏感性分析。 置信度：high。【置信度：high】,confirmed,national,GPV,primary,5,not_populated,planned_or_final_dispatch,v3.0
R20241202_NAT_005,2024-12-02,ALL,,Ukrenergo,national,household,hourly_schedule,1,,2024-12-02 19:00:00+02:00,2024-12-02 22:00:00+02:00,,,2024-12-02 17:00:00+00:00,2024-12-02 20:00:00+00:00,,,Europe/Kyiv,dispatch_confirmed,high,12 月的计划主要处于多轮攻击后的系统恢复期；队列数为国家调度强度，建议在主分析中作为混杂期排除或单独做敏感性分析。 置信度：high。,final_dispatch,,,0,1,0,0,0,0,official_tso_archive,https://t.me/s/Ukrenergo?before=3536,,,,,,MR20241210_REGULATOR_ACTUAL_VS_PLAN,12 月的计划主要处于多轮攻击后的系统恢复期；队列数为国家调度强度，建议在主分析中作为混杂期排除或单独做敏感性分析。 置信度：high。【置信度：high】,confirmed,national,GPV,primary,5,not_populated,planned_or_final_dispatch,v3.0
R20241203_GOP_001,2024-12-03,ALL,,Ukrenergo,national,industry_business,power_limit,,,2024-12-03 06:00:00+02:00,2024-12-03 22:00:00+02:00,,,2024-12-03 04:00:00+00:00,2024-12-03 20:00:00+00:00,,,Europe/Kyiv,dispatch_confirmed,high,Industrial/business power-limitation schedule (GOP) applied/planned for 06:00–22:00. This is a different treatment mechanism from household hourly-outage queues and should be modeled separately. Confidence: high.,audited_final,,,0,1,0,0,0,0,official_tso_archive,https://t.me/s/ukrenergo?before=3501,Audit-added GOP record; deliberately keeps queue_count blank to avoid conflating GOP stages with household GПВ queue counts.,,,,,MR20241203_GPV_INSTRUCTION_439|MR20241210_REGULATOR_ACTUAL_VS_PLAN,Industrial/business power-limitation schedule (GOP) applied/planned for 06:00–22:00. This is a different treatment mechanism from household hourly-outage queues and should be modeled separately. Confidence: high.【置信度：high】,confirmed,national,power_limit,primary,5,not_populated,planned_or_final_dispatch,v3.0
R20241203_NAT_001,2024-12-03,ALL,,Ukrenergo,national,household,hourly_schedule,1,,2024-12-03 07:00:00+02:00,2024-12-03 08:00:00+02:00,,,2024-12-03 05:00:00+00:00,2024-12-03 06:00:00+00:00,,,Europe/Kyiv,dispatch_confirmed,high,12 月的计划主要处于多轮攻击后的系统恢复期；队列数为国家调度强度，建议在主分析中作为混杂期排除或单独做敏感性分析。 置信度：high。,final_dispatch,,,0,1,0,0,0,0,official_tso_archive,https://t.me/s/Ukrenergo?before=3536,,,,,,MR20241203_GPV_INSTRUCTION_439|MR20241210_REGULATOR_ACTUAL_VS_PLAN,12 月的计划主要处于多轮攻击后的系统恢复期；队列数为国家调度强度，建议在主分析中作为混杂期排除或单独做敏感性分析。 置信度：high。【置信度：high】,confirmed,national,GPV,primary,5,not_populated,planned_or_final_dispatch,v3.0
R20241203_NAT_002,2024-12-03,ALL,,Ukrenergo,national,household,hourly_schedule,2,,2024-12-03 08:00:00+02:00,2024-12-03 19:00:00+02:00,,,2024-12-03 06:00:00+00:00,2024-12-03 17:00:00+00:00,,,Europe/Kyiv,dispatch_confirmed,high,12 月的计划主要处于多轮攻击后的系统恢复期；队列数为国家调度强度，建议在主分析中作为混杂期排除或单独做敏感性分析。 置信度：high。,final_dispatch,,,0,1,0,0,0,0,official_tso_archive,https://t.me/s/Ukrenergo?before=3536,,,,,,MR20241203_GPV_INSTRUCTION_439|MR20241210_REGULATOR_ACTUAL_VS_PLAN,12 月的计划主要处于多轮攻击后的系统恢复期；队列数为国家调度强度，建议在主分析中作为混杂期排除或单独做敏感性分析。 置信度：high。【置信度：high】,confirmed,national,GPV,primary,5,not_populated,planned_or_final_dispatch,v3.0
R20241203_NAT_003,2024-12-03,ALL,,Ukrenergo,national,household,hourly_schedule,1,,2024-12-03 19:00:00+02:00,2024-12-03 21:00:00+02:00,,,2024-12-03 17:00:00+00:00,2024-12-03 19:00:00+00:00,,,Europe/Kyiv,dispatch_confirmed,high,12 月的计划主要处于多轮攻击后的系统恢复期；队列数为国家调度强度，建议在主分析中作为混杂期排除或单独做敏感性分析。 置信度：high。,final_dispatch,,,0,1,0,0,0,0,official_tso_archive,https://t.me/s/Ukrenergo?before=3536,,,,,,MR20241203_GPV_INSTRUCTION_439|MR20241210_REGULATOR_ACTUAL_VS_PLAN,12 月的计划主要处于多轮攻击后的系统恢复期；队列数为国家调度强度，建议在主分析中作为混杂期排除或单独做敏感性分析。 置信度：high。【置信度：high】,confirmed,national,GPV,primary,5,not_populated,planned_or_final_dispatch,v3.0
R20241204_NAT_001,2024-12-04,ALL,,Ukrenergo,national,household,hourly_schedule,1,,2024-12-04 06:00:00+02:00,2024-12-04 07:00:00+02:00,,,2024-12-04 04:00:00+00:00,2024-12-04 05:00:00+00:00,,,Europe/Kyiv,dispatch_confirmed,high,12 月的计划主要处于多轮攻击后的系统恢复期；队列数为国家调度强度，建议在主分析中作为混杂期排除或单独做敏感性分析。 置信度：high。,final_dispatch,,,0,1,0,0,0,0,official_tso_archive,https://t.me/s/Ukrenergo?before=3536,,,,,,MR20241203_GPV_INSTRUCTION_439|MR20241210_REGULATOR_ACTUAL_VS_PLAN,12 月的计划主要处于多轮攻击后的系统恢复期；队列数为国家调度强度，建议在主分析中作为混杂期排除或单独做敏感性分析。 置信度：high。【置信度：high】,confirmed,national,GPV,primary,5,not_populated,planned_or_final_dispatch,v3.0
R20241204_GOP_001,2024-12-04,ALL,,Ukrenergo,national,industry_business,power_limit,,,2024-12-04 06:00:00+02:00,2024-12-04 22:00:00+02:00,,,2024-12-04 04:00:00+00:00,2024-12-04 20:00:00+00:00,,,Europe/Kyiv,dispatch_confirmed,high,Industrial/business power-limitation schedule (GOP) applied/planned for 06:00–22:00. This is a different treatment mechanism from household hourly-outage queues and should be modeled separately. Confidence: high.,audited_final,,,0,1,0,0,0,0,official_tso_archive,https://t.me/s/Ukrenergo?before=3508,Audit-added GOP record; deliberately keeps queue_count blank to avoid conflating GOP stages with household GПВ queue counts.,,,,,MR20241203_GPV_INSTRUCTION_439|MR20241210_REGULATOR_ACTUAL_VS_PLAN,Industrial/business power-limitation schedule (GOP) applied/planned for 06:00–22:00. This is a different treatment mechanism from household hourly-outage queues and should be modeled separately. Confidence: high.【置信度：high】,confirmed,national,power_limit,primary,5,not_populated,planned_or_final_dispatch,v3.0
R20241204_NAT_002,2024-12-04,ALL,,Ukrenergo,national,household,hourly_schedule,2,,2024-12-04 07:00:00+02:00,2024-12-04 20:00:00+02:00,,,2024-12-04 05:00:00+00:00,2024-12-04 18:00:00+00:00,,,Europe/Kyiv,dispatch_confirmed,high,12 月的计划主要处于多轮攻击后的系统恢复期；队列数为国家调度强度，建议在主分析中作为混杂期排除或单独做敏感性分析。 置信度：high。,final_dispatch,,,0,1,0,0,0,0,official_tso_archive,https://t.me/s/Ukrenergo?before=3536,,,,,,MR20241203_GPV_INSTRUCTION_439|MR20241210_REGULATOR_ACTUAL_VS_PLAN,12 月的计划主要处于多轮攻击后的系统恢复期；队列数为国家调度强度，建议在主分析中作为混杂期排除或单独做敏感性分析。 置信度：high。【置信度：high】,confirmed,national,GPV,primary,5,not_populated,planned_or_final_dispatch,v3.0
R20241204_NAT_003,2024-12-04,ALL,,Ukrenergo,national,household,hourly_schedule,1,,2024-12-04 20:00:00+02:00,2024-12-04 22:00:00+02:00,,,2024-12-04 18:00:00+00:00,2024-12-04 20:00:00+00:00,,,Europe/Kyiv,dispatch_confirmed,high,12 月的计划主要处于多轮攻击后的系统恢复期；队列数为国家调度强度，建议在主分析中作为混杂期排除或单独做敏感性分析。 置信度：high。,final_dispatch,,,0,1,0,0,0,0,official_tso_archive,https://t.me/s/Ukrenergo?before=3536,,,,,,MR20241203_GPV_INSTRUCTION_439|MR20241210_REGULATOR_ACTUAL_VS_PLAN,12 月的计划主要处于多轮攻击后的系统恢复期；队列数为国家调度强度，建议在主分析中作为混杂期排除或单独做敏感性分析。 置信度：high。【置信度：high】,confirmed,national,GPV,primary,5,not_populated,planned_or_final_dispatch,v3.0
R20241205_GOP_001,2024-12-05,ALL,,Ukrenergo,national,industry_business,power_limit,,,2024-12-05 05:00:00+02:00,2024-12-05 23:00:00+02:00,,,2024-12-05 03:00:00+00:00,2024-12-05 21:00:00+00:00,,,Europe/Kyiv,dispatch_confirmed,high,Industrial/business power-limitation schedule (GOP) applied/planned for 05:00–23:00. This is a different treatment mechanism from household hourly-outage queues and should be modeled separately. Confidence: high.,audited_final,,,0,1,0,0,0,0,official_tso_archive,https://t.me/s/ukrenergo?before=3526,Audit-added GOP record; deliberately keeps queue_count blank to avoid conflating GOP stages with household GПВ queue counts.,,,,,MR20241203_GPV_INSTRUCTION_439|MR20241210_REGULATOR_ACTUAL_VS_PLAN,Industrial/business power-limitation schedule (GOP) applied/planned for 05:00–23:00. This is a different treatment mechanism from household hourly-outage queues and should be modeled separately. Confidence: high.【置信度：high】,confirmed,national,power_limit,primary,5,not_populated,planned_or_final_dispatch,v3.0
R20241205_NAT_001,2024-12-05,ALL,,Ukrenergo,national,household,hourly_schedule,1,,2024-12-05 06:00:00+02:00,2024-12-05 07:00:00+02:00,,,2024-12-05 04:00:00+00:00,2024-12-05 05:00:00+00:00,,,Europe/Kyiv,dispatch_confirmed,high,12 月的计划主要处于多轮攻击后的系统恢复期；队列数为国家调度强度，建议在主分析中作为混杂期排除或单独做敏感性分析。 置信度：high。,final_dispatch,,,0,1,0,0,0,0,official_tso_archive,https://t.me/s/Ukrenergo?before=3536,,,,,,MR20241203_GPV_INSTRUCTION_439|MR20241210_REGULATOR_ACTUAL_VS_PLAN,12 月的计划主要处于多轮攻击后的系统恢复期；队列数为国家调度强度，建议在主分析中作为混杂期排除或单独做敏感性分析。 置信度：high。【置信度：high】,confirmed,national,GPV,primary,5,not_populated,planned_or_final_dispatch,v3.0
R20241205_NAT_002,2024-12-05,ALL,,Ukrenergo,national,household,hourly_schedule,2,,2024-12-05 07:00:00+02:00,2024-12-05 20:00:00+02:00,,,2024-12-05 05:00:00+00:00,2024-12-05 18:00:00+00:00,,,Europe/Kyiv,dispatch_confirmed,high,12 月的计划主要处于多轮攻击后的系统恢复期；队列数为国家调度强度，建议在主分析中作为混杂期排除或单独做敏感性分析。 置信度：high。,final_dispatch,,,0,1,0,0,0,0,official_tso_archive,https://t.me/s/Ukrenergo?before=3536,,,,,,MR20241203_GPV_INSTRUCTION_439|MR20241210_REGULATOR_ACTUAL_VS_PLAN,12 月的计划主要处于多轮攻击后的系统恢复期；队列数为国家调度强度，建议在主分析中作为混杂期排除或单独做敏感性分析。 置信度：high。【置信度：high】,confirmed,national,GPV,primary,5,not_populated,planned_or_final_dispatch,v3.0
R20241205_NAT_003,2024-12-05,ALL,,Ukrenergo,national,household,hourly_schedule,1,,2024-12-05 20:00:00+02:00,2024-12-05 22:00:00+02:00,,,2024-12-05 18:00:00+00:00,2024-12-05 20:00:00+00:00,,,Europe/Kyiv,dispatch_confirmed,high,12 月的计划主要处于多轮攻击后的系统恢复期；队列数为国家调度强度，建议在主分析中作为混杂期排除或单独做敏感性分析。 置信度：high。,final_dispatch,,,0,1,0,0,0,0,official_tso_archive,https://t.me/s/Ukrenergo?before=3536,,,,,,MR20241203_GPV_INSTRUCTION_439|MR20241210_REGULATOR_ACTUAL_VS_PLAN,12 月的计划主要处于多轮攻击后的系统恢复期；队列数为国家调度强度，建议在主分析中作为混杂期排除或单独做敏感性分析。 置信度：high。【置信度：high】,confirmed,national,GPV,primary,5,not_populated,planned_or_final_dispatch,v3.0
R20241206_GOP_001,2024-12-06,ALL,,Ukrenergo,national,industry_business,power_limit,,,2024-12-06 05:00:00+02:00,2024-12-06 23:00:00+02:00,,,2024-12-06 03:00:00+00:00,2024-12-06 21:00:00+00:00,,,Europe/Kyiv,dispatch_confirmed,high,Industrial/business power-limitation schedule (GOP) applied/planned for 05:00–23:00. This is a different treatment mechanism from household hourly-outage queues and should be modeled separately. Confidence: high.,audited_final,,,0,1,0,0,0,0,official_tso_archive,https://t.me/s/ukrenergo?before=3526,Audit-added GOP record; deliberately keeps queue_count blank to avoid conflating GOP stages with household GПВ queue counts.,,,,,MR20241203_GPV_INSTRUCTION_439|MR20241210_REGULATOR_ACTUAL_VS_PLAN,Industrial/business power-limitation schedule (GOP) applied/planned for 05:00–23:00. This is a different treatment mechanism from household hourly-outage queues and should be modeled separately. Confidence: high.【置信度：high】,confirmed,national,power_limit,primary,5,not_populated,planned_or_final_dispatch,v3.0
R20241206_NAT_001,2024-12-06,ALL,,Ukrenergo,national,household,hourly_schedule,1,,2024-12-06 06:00:00+02:00,2024-12-06 07:00:00+02:00,,,2024-12-06 04:00:00+00:00,2024-12-06 05:00:00+00:00,,,Europe/Kyiv,dispatch_confirmed,high,12 月的计划主要处于多轮攻击后的系统恢复期；队列数为国家调度强度，建议在主分析中作为混杂期排除或单独做敏感性分析。 置信度：high。,final_dispatch,,,0,1,0,0,0,0,official_tso_archive,https://t.me/s/Ukrenergo?before=3536,,,,,,MR20241203_GPV_INSTRUCTION_439|MR20241210_REGULATOR_ACTUAL_VS_PLAN,12 月的计划主要处于多轮攻击后的系统恢复期；队列数为国家调度强度，建议在主分析中作为混杂期排除或单独做敏感性分析。 置信度：high。【置信度：high】,confirmed,national,GPV,primary,5,not_populated,planned_or_final_dispatch,v3.0
R20241206_NAT_002,2024-12-06,ALL,,Ukrenergo,national,household,hourly_schedule,2,,2024-12-06 07:00:00+02:00,2024-12-06 20:00:00+02:00,,,2024-12-06 05:00:00+00:00,2024-12-06 18:00:00+00:00,,,Europe/Kyiv,dispatch_confirmed,high,12 月的计划主要处于多轮攻击后的系统恢复期；队列数为国家调度强度，建议在主分析中作为混杂期排除或单独做敏感性分析。 置信度：high。,final_dispatch,,,0,1,0,0,0,0,official_tso_archive,https://t.me/s/Ukrenergo?before=3536,,,,,,MR20241203_GPV_INSTRUCTION_439|MR20241210_REGULATOR_ACTUAL_VS_PLAN,12 月的计划主要处于多轮攻击后的系统恢复期；队列数为国家调度强度，建议在主分析中作为混杂期排除或单独做敏感性分析。 置信度：high。【置信度：high】,confirmed,national,GPV,primary,5,not_populated,planned_or_final_dispatch,v3.0
R20241206_NAT_003,2024-12-06,ALL,,Ukrenergo,national,household,hourly_schedule,1,,2024-12-06 20:00:00+02:00,2024-12-06 22:00:00+02:00,,,2024-12-06 18:00:00+00:00,2024-12-06 20:00:00+00:00,,,Europe/Kyiv,dispatch_confirmed,high,12 月的计划主要处于多轮攻击后的系统恢复期；队列数为国家调度强度，建议在主分析中作为混杂期排除或单独做敏感性分析。 置信度：high。,final_dispatch,,,0,1,0,0,0,0,official_tso_archive,https://t.me/s/Ukrenergo?before=3536,,,,,,MR20241203_GPV_INSTRUCTION_439|MR20241210_REGULATOR_ACTUAL_VS_PLAN,12 月的计划主要处于多轮攻击后的系统恢复期；队列数为国家调度强度，建议在主分析中作为混杂期排除或单独做敏感性分析。 置信度：high。【置信度：high】,confirmed,national,GPV,primary,5,not_populated,planned_or_final_dispatch,v3.0
R20241207_GOP_001,2024-12-07,ALL,,Ukrenergo,national,industry_business,power_limit,,,2024-12-07 08:00:00+02:00,2024-12-07 21:00:00+02:00,,,2024-12-07 06:00:00+00:00,2024-12-07 19:00:00+00:00,,,Europe/Kyiv,dispatch_confirmed,high,Industrial/business power-limitation schedule (GOP) applied/planned for 08:00–21:00. This is a different treatment mechanism from household hourly-outage queues and should be modeled separately. Confidence: high.,audited_final,,,0,1,0,0,0,0,official_tso_archive,https://t.me/s/ukrenergo?before=3545,Audit-added GOP record; deliberately keeps queue_count blank to avoid conflating GOP stages with household GПВ queue counts.,,,,,MR20241203_GPV_INSTRUCTION_439|MR20241210_REGULATOR_ACTUAL_VS_PLAN,Industrial/business power-limitation schedule (GOP) applied/planned for 08:00–21:00. This is a different treatment mechanism from household hourly-outage queues and should be modeled separately. Confidence: high.【置信度：high】,confirmed,national,power_limit,primary,5,not_populated,planned_or_final_dispatch,v3.0
R20241207_NAT_001,2024-12-07,ALL,,Ukrenergo,national,household,hourly_schedule,1,,2024-12-07 09:00:00+02:00,2024-12-07 20:00:00+02:00,,,2024-12-07 07:00:00+00:00,2024-12-07 18:00:00+00:00,,,Europe/Kyiv,dispatch_confirmed,high,12 月的计划主要处于多轮攻击后的系统恢复期；队列数为国家调度强度，建议在主分析中作为混杂期排除或单独做敏感性分析。 置信度：high。,final_dispatch,,,0,1,0,0,0,0,official_tso_archive,https://t.me/s/Ukrenergo?before=3536,,,,,,MR20241203_GPV_INSTRUCTION_439|MR20241210_REGULATOR_ACTUAL_VS_PLAN,12 月的计划主要处于多轮攻击后的系统恢复期；队列数为国家调度强度，建议在主分析中作为混杂期排除或单独做敏感性分析。 置信度：high。【置信度：high】,confirmed,national,GPV,primary,5,not_populated,planned_or_final_dispatch,v3.0
R20241208_GOP_001,2024-12-08,ALL,,Ukrenergo,national,industry_business,power_limit,,,2024-12-08 09:00:00+02:00,2024-12-08 19:00:00+02:00,,,2024-12-08 07:00:00+00:00,2024-12-08 17:00:00+00:00,,,Europe/Kyiv,dispatch_confirmed,high,Industrial/business power-limitation schedule (GOP) applied/planned for 09:00–19:00. This is a different treatment mechanism from household hourly-outage queues and should be modeled separately. Confidence: high.,audited_final,,,0,1,0,0,0,0,official_tso_archive,https://t.me/s/ukrenergo?before=3546,Audit-added GOP record; deliberately keeps queue_count blank to avoid conflating GOP stages with household GПВ queue counts.,,,,,MR20241203_GPV_INSTRUCTION_439|MR20241210_REGULATOR_ACTUAL_VS_PLAN,Industrial/business power-limitation schedule (GOP) applied/planned for 09:00–19:00. This is a different treatment mechanism from household hourly-outage queues and should be modeled separately. Confidence: high.【置信度：high】,confirmed,national,power_limit,primary,5,not_populated,planned_or_final_dispatch,v3.0
R20241208_NAT_001,2024-12-08,ALL,,Ukrenergo,national,household,hourly_schedule,1,,2024-12-08 14:00:00+02:00,2024-12-08 18:00:00+02:00,,,2024-12-08 12:00:00+00:00,2024-12-08 16:00:00+00:00,,,Europe/Kyiv,dispatch_confirmed,high,12 月的计划主要处于多轮攻击后的系统恢复期；队列数为国家调度强度，建议在主分析中作为混杂期排除或单独做敏感性分析。 置信度：high。,final_dispatch,,,0,1,0,0,0,0,official_tso_archive,https://t.me/s/Ukrenergo?before=3536,,,,,,MR20241203_GPV_INSTRUCTION_439|MR20241210_REGULATOR_ACTUAL_VS_PLAN,12 月的计划主要处于多轮攻击后的系统恢复期；队列数为国家调度强度，建议在主分析中作为混杂期排除或单独做敏感性分析。 置信度：high。【置信度：high】,confirmed,national,GPV,primary,5,not_populated,planned_or_final_dispatch,v3.0
R20241209_GOP_001,2024-12-09,ALL,,Ukrenergo,national,industry_business,power_limit,,,2024-12-09 07:00:00+02:00,2024-12-09 20:00:00+02:00,,,2024-12-09 05:00:00+00:00,2024-12-09 18:00:00+00:00,,,Europe/Kyiv,dispatch_confirmed,high,Industrial/business power-limitation schedule (GOP) applied/planned for 07:00–20:00. This is a different treatment mechanism from household hourly-outage queues and should be modeled separately. Confidence: high.,audited_final,,,0,1,0,0,0,0,official_tso_archive,https://t.me/s/ukrenergo?before=3546,Audit-added GOP record; deliberately keeps queue_count blank to avoid conflating GOP stages with household GПВ queue counts.,,,,,MR20241203_GPV_INSTRUCTION_439|MR20241210_REGULATOR_ACTUAL_VS_PLAN,Industrial/business power-limitation schedule (GOP) applied/planned for 07:00–20:00. This is a different treatment mechanism from household hourly-outage queues and should be modeled separately. Confidence: high.【置信度：high】,confirmed,national,power_limit,primary,5,not_populated,planned_or_final_dispatch,v3.0
R20241209_NAT_001,2024-12-09,ALL,,Ukrenergo,national,household,hourly_schedule,1,,2024-12-09 08:00:00+02:00,2024-12-09 19:00:00+02:00,,,2024-12-09 06:00:00+00:00,2024-12-09 17:00:00+00:00,,,Europe/Kyiv,dispatch_confirmed,high,12 月的计划主要处于多轮攻击后的系统恢复期；队列数为国家调度强度，建议在主分析中作为混杂期排除或单独做敏感性分析。 置信度：high。,final_dispatch,,,0,1,0,0,0,0,official_tso_archive,https://t.me/s/ukrenergo?before=3546,,,,,,MR20241203_GPV_INSTRUCTION_439|MR20241210_REGULATOR_ACTUAL_VS_PLAN,12 月的计划主要处于多轮攻击后的系统恢复期；队列数为国家调度强度，建议在主分析中作为混杂期排除或单独做敏感性分析。 置信度：high。【置信度：high】,confirmed,national,GPV,primary,5,not_populated,planned_or_final_dispatch,v3.0
R20241210_NAT_001,2024-12-10,ALL,,Ukrenergo,national,household,hourly_schedule,1,,2024-12-10 07:00:00+02:00,2024-12-10 08:00:00+02:00,,,2024-12-10 05:00:00+00:00,2024-12-10 06:00:00+00:00,,,Europe/Kyiv,dispatch_confirmed,high,12 月的计划主要处于多轮攻击后的系统恢复期；队列数为国家调度强度，建议在主分析中作为混杂期排除或单独做敏感性分析。 置信度：high。,final_dispatch,,,0,1,0,0,0,0,official_tso_archive,https://t.me/s/ukrenergo?before=3545,,,,,,MR20241203_GPV_INSTRUCTION_439|MR20241210_REGULATOR_ACTUAL_VS_PLAN,12 月的计划主要处于多轮攻击后的系统恢复期；队列数为国家调度强度，建议在主分析中作为混杂期排除或单独做敏感性分析。 置信度：high。【置信度：high】,confirmed,national,GPV,primary,5,not_populated,planned_or_final_dispatch,v3.0
R20241210_GOP_001,2024-12-10,ALL,,Ukrenergo,national,industry_business,power_limit,,,2024-12-10 07:00:00+02:00,2024-12-10 22:00:00+02:00,,,2024-12-10 05:00:00+00:00,2024-12-10 20:00:00+00:00,,,Europe/Kyiv,dispatch_confirmed,high,Industrial/business power-limitation schedule (GOP) applied/planned for 07:00–22:00. This is a different treatment mechanism from household hourly-outage queues and should be modeled separately. Confidence: high.,audited_final,,,0,1,0,0,0,0,official_tso_archive,https://t.me/s/ukrenergo?before=3545,Audit-added GOP record; deliberately keeps queue_count blank to avoid conflating GOP stages with household GПВ queue counts.,,,,,MR20241203_GPV_INSTRUCTION_439|MR20241210_REGULATOR_ACTUAL_VS_PLAN,Industrial/business power-limitation schedule (GOP) applied/planned for 07:00–22:00. This is a different treatment mechanism from household hourly-outage queues and should be modeled separately. Confidence: high.【置信度：high】,confirmed,national,power_limit,primary,5,not_populated,planned_or_final_dispatch,v3.0
R20241210_NAT_002,2024-12-10,ALL,,Ukrenergo,national,household,hourly_schedule,2,,2024-12-10 08:00:00+02:00,2024-12-10 19:00:00+02:00,,,2024-12-10 06:00:00+00:00,2024-12-10 17:00:00+00:00,,,Europe/Kyiv,dispatch_confirmed,high,12 月的计划主要处于多轮攻击后的系统恢复期；队列数为国家调度强度，建议在主分析中作为混杂期排除或单独做敏感性分析。 置信度：high。,final_dispatch,,,0,1,0,0,0,0,official_tso_archive,https://t.me/s/ukrenergo?before=3545,,,,,,MR20241203_GPV_INSTRUCTION_439|MR20241210_REGULATOR_ACTUAL_VS_PLAN,12 月的计划主要处于多轮攻击后的系统恢复期；队列数为国家调度强度，建议在主分析中作为混杂期排除或单独做敏感性分析。 置信度：high。【置信度：high】,confirmed,national,GPV,primary,5,not_populated,planned_or_final_dispatch,v3.0
R20241210_NAT_003,2024-12-10,ALL,,Ukrenergo,national,household,hourly_schedule,1,,2024-12-10 19:00:00+02:00,2024-12-10 22:00:00+02:00,,,2024-12-10 17:00:00+00:00,2024-12-10 20:00:00+00:00,,,Europe/Kyiv,dispatch_confirmed,high,12 月的计划主要处于多轮攻击后的系统恢复期；队列数为国家调度强度，建议在主分析中作为混杂期排除或单独做敏感性分析。 置信度：high。,final_dispatch,,,0,1,0,0,0,0,official_tso_archive,https://t.me/s/ukrenergo?before=3545,,,,,,MR20241203_GPV_INSTRUCTION_439|MR20241210_REGULATOR_ACTUAL_VS_PLAN,12 月的计划主要处于多轮攻击后的系统恢复期；队列数为国家调度强度，建议在主分析中作为混杂期排除或单独做敏感性分析。 置信度：high。【置信度：high】,confirmed,national,GPV,primary,5,not_populated,planned_or_final_dispatch,v3.0
R20241211_NAT_001,2024-12-11,ALL,,Ukrenergo,national,household,hourly_schedule,1,,2024-12-11 07:00:00+02:00,2024-12-11 08:00:00+02:00,,,2024-12-11 05:00:00+00:00,2024-12-11 06:00:00+00:00,,,Europe/Kyiv,dispatch_confirmed,high,12 月的计划主要处于多轮攻击后的系统恢复期；队列数为国家调度强度，建议在主分析中作为混杂期排除或单独做敏感性分析。 置信度：high。,final_dispatch,,,0,1,0,0,0,0,official_tso_archive,https://t.me/s/ukrenergo?before=3556,,,,,,MR20241203_GPV_INSTRUCTION_439|MR20241210_REGULATOR_ACTUAL_VS_PLAN,12 月的计划主要处于多轮攻击后的系统恢复期；队列数为国家调度强度，建议在主分析中作为混杂期排除或单独做敏感性分析。 置信度：high。【置信度：high】,confirmed,national,GPV,primary,5,not_populated,planned_or_final_dispatch,v3.0
R20241211_GOP_001,2024-12-11,ALL,,Ukrenergo,national,industry_business,power_limit,,,2024-12-11 07:00:00+02:00,2024-12-11 22:00:00+02:00,,,2024-12-11 05:00:00+00:00,2024-12-11 20:00:00+00:00,,,Europe/Kyiv,dispatch_confirmed,high,Industrial/business power-limitation schedule (GOP) applied/planned for 07:00–22:00. This is a different treatment mechanism from household hourly-outage queues and should be modeled separately. Confidence: high.,audited_final,,,0,1,0,0,0,0,official_tso_archive,https://t.me/s/ukrenergo?before=3552,Audit-added GOP record; deliberately keeps queue_count blank to avoid conflating GOP stages with household GПВ queue counts.,,,,,MR20241203_GPV_INSTRUCTION_439|MR20241210_REGULATOR_ACTUAL_VS_PLAN,Industrial/business power-limitation schedule (GOP) applied/planned for 07:00–22:00. This is a different treatment mechanism from household hourly-outage queues and should be modeled separately. Confidence: high.【置信度：high】,confirmed,national,power_limit,primary,5,not_populated,planned_or_final_dispatch,v3.0
R20241211_NAT_002,2024-12-11,ALL,,Ukrenergo,national,household,hourly_schedule,2,,2024-12-11 08:00:00+02:00,2024-12-11 20:00:00+02:00,,,2024-12-11 06:00:00+00:00,2024-12-11 18:00:00+00:00,,,Europe/Kyiv,dispatch_confirmed,high,12 月的计划主要处于多轮攻击后的系统恢复期；队列数为国家调度强度，建议在主分析中作为混杂期排除或单独做敏感性分析。 置信度：high。,final_dispatch,,,0,1,0,0,0,0,official_tso_archive,https://t.me/s/ukrenergo?before=3556,,,,,,MR20241203_GPV_INSTRUCTION_439|MR20241210_REGULATOR_ACTUAL_VS_PLAN,12 月的计划主要处于多轮攻击后的系统恢复期；队列数为国家调度强度，建议在主分析中作为混杂期排除或单独做敏感性分析。 置信度：high。【置信度：high】,confirmed,national,GPV,primary,5,not_populated,planned_or_final_dispatch,v3.0
R20241211_NAT_003,2024-12-11,ALL,,Ukrenergo,national,household,hourly_schedule,1,,2024-12-11 20:00:00+02:00,2024-12-11 22:00:00+02:00,,,2024-12-11 18:00:00+00:00,2024-12-11 20:00:00+00:00,,,Europe/Kyiv,dispatch_confirmed,high,12 月的计划主要处于多轮攻击后的系统恢复期；队列数为国家调度强度，建议在主分析中作为混杂期排除或单独做敏感性分析。 置信度：high。,final_dispatch,,,0,1,0,0,0,0,official_tso_archive,https://t.me/s/ukrenergo?before=3556,,,,,,MR20241203_GPV_INSTRUCTION_439|MR20241210_REGULATOR_ACTUAL_VS_PLAN,12 月的计划主要处于多轮攻击后的系统恢复期；队列数为国家调度强度，建议在主分析中作为混杂期排除或单独做敏感性分析。 置信度：high。【置信度：high】,confirmed,national,GPV,primary,5,not_populated,planned_or_final_dispatch,v3.0
R20241212_NAT_001,2024-12-12,ALL,,Ukrenergo,national,household,hourly_schedule,1,,2024-12-12 07:00:00+02:00,2024-12-12 08:00:00+02:00,,,2024-12-12 05:00:00+00:00,2024-12-12 06:00:00+00:00,,,Europe/Kyiv,dispatch_confirmed,high,12 月的计划主要处于多轮攻击后的系统恢复期；队列数为国家调度强度，建议在主分析中作为混杂期排除或单独做敏感性分析。 置信度：high。,final_dispatch,,,0,1,0,0,0,0,official_tso_archive,https://t.me/s/ukrenergo?before=3556,,,,,,MR20241203_GPV_INSTRUCTION_439|MR20241210_REGULATOR_ACTUAL_VS_PLAN,12 月的计划主要处于多轮攻击后的系统恢复期；队列数为国家调度强度，建议在主分析中作为混杂期排除或单独做敏感性分析。 置信度：high。【置信度：high】,confirmed,national,GPV,primary,5,not_populated,planned_or_final_dispatch,v3.0
R20241212_GOP_001,2024-12-12,ALL,,Ukrenergo,national,industry_business,power_limit,,,2024-12-12 07:00:00+02:00,2024-12-12 22:00:00+02:00,,,2024-12-12 05:00:00+00:00,2024-12-12 20:00:00+00:00,,,Europe/Kyiv,dispatch_confirmed,high,Industrial/business power-limitation schedule (GOP) applied/planned for 07:00–22:00. This is a different treatment mechanism from household hourly-outage queues and should be modeled separately. Confidence: high.,audited_final,,,0,1,0,0,0,0,official_tso_archive,https://t.me/s/ukrenergo?before=3556,Audit-added GOP record; deliberately keeps queue_count blank to avoid conflating GOP stages with household GПВ queue counts.,,,,,MR20241203_GPV_INSTRUCTION_439|MR20241210_REGULATOR_ACTUAL_VS_PLAN,Industrial/business power-limitation schedule (GOP) applied/planned for 07:00–22:00. This is a different treatment mechanism from household hourly-outage queues and should be modeled separately. Confidence: high.【置信度：high】,confirmed,national,power_limit,primary,5,not_populated,planned_or_final_dispatch,v3.0
R20241212_NAT_002,2024-12-12,ALL,,Ukrenergo,national,household,hourly_schedule,2,,2024-12-12 08:00:00+02:00,2024-12-12 19:00:00+02:00,,,2024-12-12 06:00:00+00:00,2024-12-12 17:00:00+00:00,,,Europe/Kyiv,dispatch_confirmed,high,12 月的计划主要处于多轮攻击后的系统恢复期；队列数为国家调度强度，建议在主分析中作为混杂期排除或单独做敏感性分析。 置信度：high。,final_dispatch,,,0,1,0,0,0,0,official_tso_archive,https://t.me/s/ukrenergo?before=3556,,,,,,MR20241203_GPV_INSTRUCTION_439|MR20241210_REGULATOR_ACTUAL_VS_PLAN,12 月的计划主要处于多轮攻击后的系统恢复期；队列数为国家调度强度，建议在主分析中作为混杂期排除或单独做敏感性分析。 置信度：high。【置信度：high】,confirmed,national,GPV,primary,5,not_populated,planned_or_final_dispatch,v3.0
R20241212_NAT_003,2024-12-12,ALL,,Ukrenergo,national,household,hourly_schedule,1,,2024-12-12 19:00:00+02:00,2024-12-12 22:00:00+02:00,,,2024-12-12 17:00:00+00:00,2024-12-12 20:00:00+00:00,,,Europe/Kyiv,dispatch_confirmed,high,12 月的计划主要处于多轮攻击后的系统恢复期；队列数为国家调度强度，建议在主分析中作为混杂期排除或单独做敏感性分析。 置信度：high。,final_dispatch,,,0,1,0,0,0,0,official_tso_archive,https://t.me/s/ukrenergo?before=3556,,,,,,MR20241203_GPV_INSTRUCTION_439|MR20241210_REGULATOR_ACTUAL_VS_PLAN,12 月的计划主要处于多轮攻击后的系统恢复期；队列数为国家调度强度，建议在主分析中作为混杂期排除或单独做敏感性分析。 置信度：high。【置信度：high】,confirmed,national,GPV,primary,5,not_populated,planned_or_final_dispatch,v3.0
R20241213_NAT_001,2024-12-13,ALL,,Ukrenergo,national,household,hourly_schedule,1,,2024-12-13 06:00:00+02:00,2024-12-13 08:00:00+02:00,,,2024-12-13 04:00:00+00:00,2024-12-13 06:00:00+00:00,,,Europe/Kyiv,emergency_override,high,"12 月的计划主要处于多轮攻击后的系统恢复期；队列数为国家调度强度，建议在主分析中作为混杂期排除或单独做敏感性分析。 置信度：high。 Official same-day Ukrenergo status later stated that three household queues were being applied simultaneously in all regions after the mass attack. The archived text does not recover a defensible exact start minute for that three-queue state, so no artificial interval was added. Confidence remains high for the fact of escalation, not for its start time.",final_dispatch,,,0,1,0,0,0,0,official_tso_archive,https://t.me/s/ukrenergo?before=3566,,national_system,multiple regions nationwide|Odesa Oblast,KE20241213_MAJOR_ATTACK|KE20241213_ODESSA_NETWORK_OVERLOAD,XE20241213_SUMY_PHYSICAL_STATE|XE20241213_OD_EMG_STATE,MR20241203_GPV_INSTRUCTION_439|MR20241210_REGULATOR_ACTUAL_VS_PLAN,"12 月的计划主要处于多轮攻击后的系统恢复期；队列数为国家调度强度，建议在主分析中作为混杂期排除或单独做敏感性分析。 置信度：high。 Official same-day Ukrenergo status later stated that three household queues were being applied simultaneously in all regions after the mass attack. The archived text does not recover a defensible exact start minute for that three-queue state, so no artificial interval was added. Confidence remains high for the fact of escalation, not for its start time.【置信度：high】",emergency_override,national,GPV,primary,5,not_populated,emergency_override,v3.0
R20241213_GOP_001,2024-12-13,ALL,,Ukrenergo,national,industry_business,power_limit,,,2024-12-13 06:00:00+02:00,2024-12-13 22:00:00+02:00,,,2024-12-13 04:00:00+00:00,2024-12-13 20:00:00+00:00,,,Europe/Kyiv,emergency_override,high,"Industrial/business power-limitation schedule (GOP) applied/planned for 06:00–22:00. This is a different treatment mechanism from household hourly-outage queues and should be modeled separately. The same day was affected by a major attack/emergency override, so the announced GOP window is not a clean causal treatment interval. Confidence: high.",audited_final,,,1,1,0,0,0,1,official_tso_archive,https://t.me/s/Ukrenergo/3548,Audit-added GOP record; deliberately keeps queue_count blank to avoid conflating GOP stages with household GПВ queue counts.,national_system,multiple regions nationwide|Odesa Oblast,KE20241213_MAJOR_ATTACK|KE20241213_ODESSA_NETWORK_OVERLOAD,XE20241213_SUMY_PHYSICAL_STATE|XE20241213_OD_EMG_STATE,MR20241203_GPV_INSTRUCTION_439|MR20241210_REGULATOR_ACTUAL_VS_PLAN,"Industrial/business power-limitation schedule (GOP) applied/planned for 06:00–22:00. This is a different treatment mechanism from household hourly-outage queues and should be modeled separately. The same day was affected by a major attack/emergency override, so the announced GOP window is not a clean causal treatment interval. Confidence: high.【置信度：high】",emergency_override,national,power_limit,primary,5,not_populated,emergency_override,v3.0
R20241213_NAT_002,2024-12-13,ALL,,Ukrenergo,national,household,hourly_schedule,2,,2024-12-13 08:00:00+02:00,2024-12-13 19:00:00+02:00,,,2024-12-13 06:00:00+00:00,2024-12-13 17:00:00+00:00,,,Europe/Kyiv,emergency_override,high,"12 月的计划主要处于多轮攻击后的系统恢复期；队列数为国家调度强度，建议在主分析中作为混杂期排除或单独做敏感性分析。 置信度：high。 Official same-day Ukrenergo status later stated that three household queues were being applied simultaneously in all regions after the mass attack. The archived text does not recover a defensible exact start minute for that three-queue state, so no artificial interval was added. Confidence remains high for the fact of escalation, not for its start time.",final_dispatch,,,0,1,0,0,0,0,official_tso_archive,https://t.me/s/ukrenergo?before=3566,,national_system,multiple regions nationwide|Odesa Oblast,KE20241213_MAJOR_ATTACK|KE20241213_ODESSA_NETWORK_OVERLOAD,XE20241213_SUMY_PHYSICAL_STATE|XE20241213_OD_EMG_STATE,MR20241203_GPV_INSTRUCTION_439|MR20241210_REGULATOR_ACTUAL_VS_PLAN,"12 月的计划主要处于多轮攻击后的系统恢复期；队列数为国家调度强度，建议在主分析中作为混杂期排除或单独做敏感性分析。 置信度：high。 Official same-day Ukrenergo status later stated that three household queues were being applied simultaneously in all regions after the mass attack. The archived text does not recover a defensible exact start minute for that three-queue state, so no artificial interval was added. Confidence remains high for the fact of escalation, not for its start time.【置信度：high】",emergency_override,national,GPV,primary,5,not_populated,emergency_override,v3.0
R20241213_NAT_003,2024-12-13,ALL,,Ukrenergo,national,household,hourly_schedule,1,,2024-12-13 19:00:00+02:00,2024-12-13 21:00:00+02:00,,,2024-12-13 17:00:00+00:00,2024-12-13 19:00:00+00:00,,,Europe/Kyiv,emergency_override,high,"12 月的计划主要处于多轮攻击后的系统恢复期；队列数为国家调度强度，建议在主分析中作为混杂期排除或单独做敏感性分析。 置信度：high。 Official same-day Ukrenergo status later stated that three household queues were being applied simultaneously in all regions after the mass attack. The archived text does not recover a defensible exact start minute for that three-queue state, so no artificial interval was added. Confidence remains high for the fact of escalation, not for its start time.",final_dispatch,,,0,1,0,0,0,0,official_tso_archive,https://t.me/s/ukrenergo?before=3566,,national_system,multiple regions nationwide|Odesa Oblast,KE20241213_MAJOR_ATTACK|KE20241213_ODESSA_NETWORK_OVERLOAD,XE20241213_SUMY_PHYSICAL_STATE|XE20241213_OD_EMG_STATE,MR20241203_GPV_INSTRUCTION_439|MR20241210_REGULATOR_ACTUAL_VS_PLAN,"12 月的计划主要处于多轮攻击后的系统恢复期；队列数为国家调度强度，建议在主分析中作为混杂期排除或单独做敏感性分析。 置信度：high。 Official same-day Ukrenergo status later stated that three household queues were being applied simultaneously in all regions after the mass attack. The archived text does not recover a defensible exact start minute for that three-queue state, so no artificial interval was added. Confidence remains high for the fact of escalation, not for its start time.【置信度：high】",emergency_override,national,GPV,primary,5,not_populated,emergency_override,v3.0
R20241214_NAT_001,2024-12-14,ALL,,Ukrenergo,national,household,hourly_schedule,1,,2024-12-14 00:00:00+02:00,2024-12-14 13:00:00+02:00,,,2024-12-13 22:00:00+00:00,2024-12-14 11:00:00+00:00,,,Europe/Kyiv,dispatch_confirmed,high,12 月的计划主要处于多轮攻击后的系统恢复期；队列数为国家调度强度，建议在主分析中作为混杂期排除或单独做敏感性分析。 置信度：high。,final_dispatch,,,0,1,0,0,0,0,official_tso_archive,https://t.me/s/ukrenergo?before=3566,,,,,XE20241214_OD_EMG_CANCEL_BY,MR20241203_GPV_INSTRUCTION_439|MR20241210_REGULATOR_ACTUAL_VS_PLAN,12 月的计划主要处于多轮攻击后的系统恢复期；队列数为国家调度强度，建议在主分析中作为混杂期排除或单独做敏感性分析。 置信度：high。【置信度：high】,confirmed,national,GPV,primary,5,not_populated,planned_or_final_dispatch,v3.0
R20241214_GOP_001,2024-12-14,ALL,,Ukrenergo,national,industry_business,power_limit,,,2024-12-14 00:00:00+02:00,2024-12-15 00:00:00+02:00,,,2024-12-13 22:00:00+00:00,2024-12-14 22:00:00+00:00,,,Europe/Kyiv,dispatch_confirmed,high,Industrial/business power-limitation schedule (GOP) applied/planned for 00:00–24:00. This is a different treatment mechanism from household hourly-outage queues and should be modeled separately. Confidence: high.,audited_final,,,0,1,0,0,0,0,official_tso_archive,https://t.me/s/ukrenergo?before=3556,Audit-added GOP record; deliberately keeps queue_count blank to avoid conflating GOP stages with household GПВ queue counts.,,,,XE20241214_OD_EMG_CANCEL_BY,MR20241203_GPV_INSTRUCTION_439|MR20241210_REGULATOR_ACTUAL_VS_PLAN,Industrial/business power-limitation schedule (GOP) applied/planned for 00:00–24:00. This is a different treatment mechanism from household hourly-outage queues and should be modeled separately. Confidence: high.【置信度：high】,confirmed,national,power_limit,primary,5,not_populated,planned_or_final_dispatch,v3.0
R20241214_NAT_002,2024-12-14,ALL,,Ukrenergo,national,household,hourly_schedule,2,,2024-12-14 13:00:00+02:00,2024-12-14 17:00:00+02:00,,,2024-12-14 11:00:00+00:00,2024-12-14 15:00:00+00:00,,,Europe/Kyiv,dispatch_confirmed,high,12 月的计划主要处于多轮攻击后的系统恢复期；队列数为国家调度强度，建议在主分析中作为混杂期排除或单独做敏感性分析。 置信度：high。,final_dispatch,,,0,1,0,0,0,0,official_tso_archive,https://t.me/s/ukrenergo?before=3566,,,,,XE20241214_OD_EMG_CANCEL_BY,MR20241203_GPV_INSTRUCTION_439|MR20241210_REGULATOR_ACTUAL_VS_PLAN,12 月的计划主要处于多轮攻击后的系统恢复期；队列数为国家调度强度，建议在主分析中作为混杂期排除或单独做敏感性分析。 置信度：high。【置信度：high】,confirmed,national,GPV,primary,5,not_populated,planned_or_final_dispatch,v3.0
R20241214_NAT_003,2024-12-14,ALL,,Ukrenergo,national,household,hourly_schedule,1,,2024-12-14 17:00:00+02:00,2024-12-14 22:00:00+02:00,,,2024-12-14 15:00:00+00:00,2024-12-14 20:00:00+00:00,,,Europe/Kyiv,dispatch_confirmed,high,12 月的计划主要处于多轮攻击后的系统恢复期；队列数为国家调度强度，建议在主分析中作为混杂期排除或单独做敏感性分析。 置信度：high。,final_dispatch,,,0,1,0,0,0,0,official_tso_archive,https://t.me/s/ukrenergo?before=3566,,,,,XE20241214_OD_EMG_CANCEL_BY,MR20241203_GPV_INSTRUCTION_439|MR20241210_REGULATOR_ACTUAL_VS_PLAN,12 月的计划主要处于多轮攻击后的系统恢复期；队列数为国家调度强度，建议在主分析中作为混杂期排除或单独做敏感性分析。 置信度：high。【置信度：high】,confirmed,national,GPV,primary,5,not_populated,planned_or_final_dispatch,v3.0
R20241215_NAT_001,2024-12-15,ALL,,Ukrenergo,national,household,hourly_schedule,1,,2024-12-15 08:00:00+02:00,2024-12-15 14:00:00+02:00,,,2024-12-15 06:00:00+00:00,2024-12-15 12:00:00+00:00,,,Europe/Kyiv,dispatch_confirmed,high,12 月的计划主要处于多轮攻击后的系统恢复期；队列数为国家调度强度，建议在主分析中作为混杂期排除或单独做敏感性分析。 置信度：high。,final_dispatch,,,0,1,0,0,0,0,official_tso_archive,https://t.me/s/ukrenergo?before=3566,,,,,,MR20241203_GPV_INSTRUCTION_439|MR20241210_REGULATOR_ACTUAL_VS_PLAN,12 月的计划主要处于多轮攻击后的系统恢复期；队列数为国家调度强度，建议在主分析中作为混杂期排除或单独做敏感性分析。 置信度：high。【置信度：high】,confirmed,national,GPV,primary,5,not_populated,planned_or_final_dispatch,v3.0
R20241215_GOP_001,2024-12-15,ALL,,Ukrenergo,national,industry_business,power_limit,,,2024-12-15 08:00:00+02:00,2024-12-15 22:00:00+02:00,,,2024-12-15 06:00:00+00:00,2024-12-15 20:00:00+00:00,,,Europe/Kyiv,dispatch_confirmed,high,Industrial/business power-limitation schedule (GOP) applied/planned for 08:00–22:00. This is a different treatment mechanism from household hourly-outage queues and should be modeled separately. Confidence: high.,audited_final,,,0,1,0,0,0,0,official_tso_archive,https://t.me/s/ukrenergo?before=3566,Audit-added GOP record; deliberately keeps queue_count blank to avoid conflating GOP stages with household GПВ queue counts.,,,,,MR20241203_GPV_INSTRUCTION_439|MR20241210_REGULATOR_ACTUAL_VS_PLAN,Industrial/business power-limitation schedule (GOP) applied/planned for 08:00–22:00. This is a different treatment mechanism from household hourly-outage queues and should be modeled separately. Confidence: high.【置信度：high】,confirmed,national,power_limit,primary,5,not_populated,planned_or_final_dispatch,v3.0
R20241215_NAT_002,2024-12-15,ALL,,Ukrenergo,national,household,hourly_schedule,2,,2024-12-15 14:00:00+02:00,2024-12-15 17:00:00+02:00,,,2024-12-15 12:00:00+00:00,2024-12-15 15:00:00+00:00,,,Europe/Kyiv,dispatch_confirmed,high,12 月的计划主要处于多轮攻击后的系统恢复期；队列数为国家调度强度，建议在主分析中作为混杂期排除或单独做敏感性分析。 置信度：high。,final_dispatch,,,0,1,0,0,0,0,official_tso_archive,https://t.me/s/ukrenergo?before=3566,,,,,,MR20241203_GPV_INSTRUCTION_439|MR20241210_REGULATOR_ACTUAL_VS_PLAN,12 月的计划主要处于多轮攻击后的系统恢复期；队列数为国家调度强度，建议在主分析中作为混杂期排除或单独做敏感性分析。 置信度：high。【置信度：high】,confirmed,national,GPV,primary,5,not_populated,planned_or_final_dispatch,v3.0
R20241215_NAT_003,2024-12-15,ALL,,Ukrenergo,national,household,hourly_schedule,1,,2024-12-15 17:00:00+02:00,2024-12-15 22:00:00+02:00,,,2024-12-15 15:00:00+00:00,2024-12-15 20:00:00+00:00,,,Europe/Kyiv,dispatch_confirmed,high,12 月的计划主要处于多轮攻击后的系统恢复期；队列数为国家调度强度，建议在主分析中作为混杂期排除或单独做敏感性分析。 置信度：high。,final_dispatch,,,0,1,0,0,0,0,official_tso_archive,https://t.me/s/ukrenergo?before=3566,,,,,,MR20241203_GPV_INSTRUCTION_439|MR20241210_REGULATOR_ACTUAL_VS_PLAN,12 月的计划主要处于多轮攻击后的系统恢复期；队列数为国家调度强度，建议在主分析中作为混杂期排除或单独做敏感性分析。 置信度：high。【置信度：high】,confirmed,national,GPV,primary,5,not_populated,planned_or_final_dispatch,v3.0
R20241216_NAT_001,2024-12-16,ALL,,Ukrenergo,national,household,hourly_schedule,1,,2024-12-16 07:00:00+02:00,2024-12-16 08:00:00+02:00,,,2024-12-16 05:00:00+00:00,2024-12-16 06:00:00+00:00,,,Europe/Kyiv,dispatch_confirmed,medium,12 月的计划主要处于多轮攻击后的系统恢复期；队列数为国家调度强度，建议在主分析中作为混杂期排除或单独做敏感性分析。 12 月 16 日开始出现 0.5 队列粒度，反映六个队列被进一步拆成子队列。 置信度：medium。,final_dispatch,,,0,1,0,0,0,0,official_tso_archive,https://t.me/s/ukrenergo?before=3566,,,,,,MR20241203_GPV_INSTRUCTION_439|MR20241216_12_SUBQUEUE_OPERATIONAL_ROLLOUT|MR20241216_SWITCHING_TOLERANCE|MR20241210_REGULATOR_ACTUAL_VS_PLAN,12 月的计划主要处于多轮攻击后的系统恢复期；队列数为国家调度强度，建议在主分析中作为混杂期排除或单独做敏感性分析。 12 月 16 日开始出现 0.5 队列粒度，反映六个队列被进一步拆成子队列。 置信度：medium。【置信度：medium】,confirmed,national,GPV,primary,5,not_populated,planned_or_final_dispatch,v3.0
R20241216_GOP_001,2024-12-16,ALL,,Ukrenergo,national,industry_business,power_limit,,,2024-12-16 07:00:00+02:00,2024-12-16 21:00:00+02:00,,,2024-12-16 05:00:00+00:00,2024-12-16 19:00:00+00:00,,,Europe/Kyiv,dispatch_confirmed,high,Industrial/business power-limitation schedule (GOP) applied/planned for 07:00–21:00. This is a different treatment mechanism from household hourly-outage queues and should be modeled separately. Confidence: high.,audited_final,,,0,1,0,0,0,0,official_tso_archive,https://t.me/s/ukrenergo?before=3559,Audit-added GOP record; deliberately keeps queue_count blank to avoid conflating GOP stages with household GПВ queue counts.,,,,,MR20241203_GPV_INSTRUCTION_439|MR20241216_12_SUBQUEUE_OPERATIONAL_ROLLOUT|MR20241216_SWITCHING_TOLERANCE|MR20241210_REGULATOR_ACTUAL_VS_PLAN,Industrial/business power-limitation schedule (GOP) applied/planned for 07:00–21:00. This is a different treatment mechanism from household hourly-outage queues and should be modeled separately. Confidence: high.【置信度：high】,confirmed,national,power_limit,primary,5,not_populated,planned_or_final_dispatch,v3.0
R20241216_NAT_002,2024-12-16,ALL,,Ukrenergo,national,household,hourly_schedule,2,,2024-12-16 08:00:00+02:00,2024-12-16 12:00:00+02:00,,,2024-12-16 06:00:00+00:00,2024-12-16 10:00:00+00:00,,,Europe/Kyiv,dispatch_confirmed,medium,12 月的计划主要处于多轮攻击后的系统恢复期；队列数为国家调度强度，建议在主分析中作为混杂期排除或单独做敏感性分析。 12 月 16 日开始出现 0.5 队列粒度，反映六个队列被进一步拆成子队列。 置信度：medium。,final_dispatch,,,0,1,0,0,0,0,official_tso_archive,https://t.me/s/ukrenergo?before=3566,,,,,,MR20241203_GPV_INSTRUCTION_439|MR20241216_12_SUBQUEUE_OPERATIONAL_ROLLOUT|MR20241216_SWITCHING_TOLERANCE|MR20241210_REGULATOR_ACTUAL_VS_PLAN,12 月的计划主要处于多轮攻击后的系统恢复期；队列数为国家调度强度，建议在主分析中作为混杂期排除或单独做敏感性分析。 12 月 16 日开始出现 0.5 队列粒度，反映六个队列被进一步拆成子队列。 置信度：medium。【置信度：medium】,confirmed,national,GPV,primary,5,not_populated,planned_or_final_dispatch,v3.0
R20241216_NAT_003,2024-12-16,ALL,,Ukrenergo,national,household,hourly_schedule,1.5,,2024-12-16 12:00:00+02:00,2024-12-16 15:00:00+02:00,,,2024-12-16 10:00:00+00:00,2024-12-16 13:00:00+00:00,,,Europe/Kyiv,dispatch_confirmed,medium,12 月的计划主要处于多轮攻击后的系统恢复期；队列数为国家调度强度，建议在主分析中作为混杂期排除或单独做敏感性分析。 12 月 16 日开始出现 0.5 队列粒度，反映六个队列被进一步拆成子队列。 置信度：medium。,final_dispatch,,,0,1,0,0,0,0,official_tso_archive,https://t.me/s/ukrenergo?before=3566,,,,,,MR20241203_GPV_INSTRUCTION_439|MR20241216_12_SUBQUEUE_OPERATIONAL_ROLLOUT|MR20241216_SWITCHING_TOLERANCE|MR20241210_REGULATOR_ACTUAL_VS_PLAN,12 月的计划主要处于多轮攻击后的系统恢复期；队列数为国家调度强度，建议在主分析中作为混杂期排除或单独做敏感性分析。 12 月 16 日开始出现 0.5 队列粒度，反映六个队列被进一步拆成子队列。 置信度：medium。【置信度：medium】,confirmed,national,GPV,primary,5,not_populated,planned_or_final_dispatch,v3.0
R20241216_NAT_004,2024-12-16,ALL,,Ukrenergo,national,household,hourly_schedule,2,,2024-12-16 15:00:00+02:00,2024-12-16 17:00:00+02:00,,,2024-12-16 13:00:00+00:00,2024-12-16 15:00:00+00:00,,,Europe/Kyiv,dispatch_confirmed,medium,12 月的计划主要处于多轮攻击后的系统恢复期；队列数为国家调度强度，建议在主分析中作为混杂期排除或单独做敏感性分析。 12 月 16 日开始出现 0.5 队列粒度，反映六个队列被进一步拆成子队列。 置信度：medium。,final_dispatch,,,0,1,0,0,0,0,official_tso_archive,https://t.me/s/ukrenergo?before=3566,,,,,,MR20241203_GPV_INSTRUCTION_439|MR20241216_12_SUBQUEUE_OPERATIONAL_ROLLOUT|MR20241216_SWITCHING_TOLERANCE|MR20241210_REGULATOR_ACTUAL_VS_PLAN,12 月的计划主要处于多轮攻击后的系统恢复期；队列数为国家调度强度，建议在主分析中作为混杂期排除或单独做敏感性分析。 12 月 16 日开始出现 0.5 队列粒度，反映六个队列被进一步拆成子队列。 置信度：medium。【置信度：medium】,confirmed,national,GPV,primary,5,not_populated,planned_or_final_dispatch,v3.0
R20241216_NAT_005,2024-12-16,ALL,,Ukrenergo,national,household,hourly_schedule,1.5,,2024-12-16 17:00:00+02:00,2024-12-16 19:00:00+02:00,,,2024-12-16 15:00:00+00:00,2024-12-16 17:00:00+00:00,,,Europe/Kyiv,dispatch_confirmed,medium,12 月的计划主要处于多轮攻击后的系统恢复期；队列数为国家调度强度，建议在主分析中作为混杂期排除或单独做敏感性分析。 12 月 16 日开始出现 0.5 队列粒度，反映六个队列被进一步拆成子队列。 置信度：medium。,final_dispatch,,,0,1,0,0,0,0,official_tso_archive,https://t.me/s/ukrenergo?before=3566,,,,,,MR20241203_GPV_INSTRUCTION_439|MR20241216_12_SUBQUEUE_OPERATIONAL_ROLLOUT|MR20241216_SWITCHING_TOLERANCE|MR20241210_REGULATOR_ACTUAL_VS_PLAN,12 月的计划主要处于多轮攻击后的系统恢复期；队列数为国家调度强度，建议在主分析中作为混杂期排除或单独做敏感性分析。 12 月 16 日开始出现 0.5 队列粒度，反映六个队列被进一步拆成子队列。 置信度：medium。【置信度：medium】,confirmed,national,GPV,primary,5,not_populated,planned_or_final_dispatch,v3.0
R20241216_NAT_006,2024-12-16,ALL,,Ukrenergo,national,household,hourly_schedule,1,,2024-12-16 19:00:00+02:00,2024-12-16 20:00:00+02:00,,,2024-12-16 17:00:00+00:00,2024-12-16 18:00:00+00:00,,,Europe/Kyiv,dispatch_confirmed,medium,12 月的计划主要处于多轮攻击后的系统恢复期；队列数为国家调度强度，建议在主分析中作为混杂期排除或单独做敏感性分析。 12 月 16 日开始出现 0.5 队列粒度，反映六个队列被进一步拆成子队列。 置信度：medium。,final_dispatch,,,0,1,0,0,0,0,official_tso_archive,https://t.me/s/ukrenergo?before=3566,,,,,,MR20241203_GPV_INSTRUCTION_439|MR20241216_12_SUBQUEUE_OPERATIONAL_ROLLOUT|MR20241216_SWITCHING_TOLERANCE|MR20241210_REGULATOR_ACTUAL_VS_PLAN,12 月的计划主要处于多轮攻击后的系统恢复期；队列数为国家调度强度，建议在主分析中作为混杂期排除或单独做敏感性分析。 12 月 16 日开始出现 0.5 队列粒度，反映六个队列被进一步拆成子队列。 置信度：medium。【置信度：medium】,confirmed,national,GPV,primary,5,not_populated,planned_or_final_dispatch,v3.0
R20241217_Q0_001,2024-12-17,ALL,,Ukrenergo,national,household_general,no_restriction,0,,2024-12-17 00:00:00+02:00,2024-12-18 00:00:00+02:00,,,2024-12-16 22:00:00+00:00,2024-12-17 22:00:00+00:00,,,Europe/Kyiv,no_restriction,high,"Ukrenergo explicitly stated that consumption-restriction measures were not forecast for 17 December. The system was still recovering after repeated attacks, so this is a valid scheduled-restriction q0 but not a clean ordinary-day control. Confidence: high.",official_final,,,0,1,0,0,0,1,official_tso_exact_message,https://telegram.me/s/Ukrenergo/3555,,,,,,MR20241203_GPV_INSTRUCTION_439|MR20241216_12_SUBQUEUE_OPERATIONAL_ROLLOUT|MR20241216_SWITCHING_TOLERANCE|MR20241210_REGULATOR_ACTUAL_VS_PLAN,"Ukrenergo explicitly stated that consumption-restriction measures were not forecast for 17 December. The system was still recovering after repeated attacks, so this is a valid scheduled-restriction q0 but not a clean ordinary-day control. Confidence: high.【置信度：high】",no_restriction,national,no_restriction,primary,5,not_populated,execution_override,v3.0
R20241218_NAT_001,2024-12-18,ALL,,Ukrenergo,national,household,no_restriction,0,,2024-12-18 00:00:00+02:00,2024-12-19 00:00:00+02:00,,,2024-12-17 22:00:00+00:00,2024-12-18 22:00:00+00:00,,,Europe/Kyiv,no_restriction,high,"Final same-day official state: household consumption restrictions were cancelled/not forecast for 18 December, superseding an earlier 07:00–20:00 half-queue plan. Industrial/business GOP 07:00–20:00 remained. Separately, severe weather left 104 settlements without power in five oblasts; therefore q0 means no scheduled household restriction, not universal continuity of supply. Confidence: high.",same_day_final,,R20241218_VER_001,0,1,0,1,0,0,official_tso,https://t.me/s/ukrenergo?before=3566,,,,,,MR20241203_GPV_INSTRUCTION_439|MR20241216_12_SUBQUEUE_OPERATIONAL_ROLLOUT|MR20241216_SWITCHING_TOLERANCE|MR20241210_REGULATOR_ACTUAL_VS_PLAN,"Final same-day official state: household consumption restrictions were cancelled/not forecast for 18 December, superseding an earlier 07:00–20:00 half-queue plan. Industrial/business GOP 07:00–20:00 remained. Separately, severe weather left 104 settlements without power in five oblasts; therefore q0 means no scheduled household restriction, not universal continuity of supply. Confidence: high.【置信度：high】",no_restriction,national,no_restriction,primary,5,not_populated,execution_override,v3.0
R20241218_VER_001,2024-12-18,ALL,,Ukrenergo,national,household,hourly_schedule,0.5,,2024-12-18 07:00:00+02:00,2024-12-18 20:00:00+02:00,,,2024-12-18 05:00:00+00:00,2024-12-18 18:00:00+00:00,,,Europe/Kyiv,superseded,high,"Initial Ukrenergo plan for 18 December called for half a household queue from 07:00–20:00. A later official update cancelled household restrictions for the day, while industrial/business GOP 07:00–20:00 remained. This row is retained only for version history and must not be used as final exposure. Confidence: high.",initial_forecast,,,0,1,0,0,0,0,official_tso,https://t.me/s/ukrenergo?before=3566,,,,,,MR20241203_GPV_INSTRUCTION_439|MR20241216_12_SUBQUEUE_OPERATIONAL_ROLLOUT|MR20241216_SWITCHING_TOLERANCE|MR20241210_REGULATOR_ACTUAL_VS_PLAN,"Initial Ukrenergo plan for 18 December called for half a household queue from 07:00–20:00. A later official update cancelled household restrictions for the day, while industrial/business GOP 07:00–20:00 remained. This row is retained only for version history and must not be used as final exposure. Confidence: high.【置信度：high】",superseded,national,GPV,primary,5,not_populated,historical_version,v3.0
R20241218_NAT_002,2024-12-18,ALL,,Ukrenergo,national,industry_business,power_limit,,,2024-12-18 07:00:00+02:00,2024-12-18 20:00:00+02:00,,,2024-12-18 05:00:00+00:00,2024-12-18 18:00:00+00:00,,,Europe/Kyiv,dispatch_confirmed,medium,仅工业和商业执行功率限制图，居民小时停电未计划执行。 置信度：medium。,final_dispatch,,,0,1,0,0,0,0,official_tso_archive,https://t.me/s/Ukrenergo?before=3575,,,,,,MR20241203_GPV_INSTRUCTION_439|MR20241216_12_SUBQUEUE_OPERATIONAL_ROLLOUT|MR20241216_SWITCHING_TOLERANCE|MR20241210_REGULATOR_ACTUAL_VS_PLAN,仅工业和商业执行功率限制图，居民小时停电未计划执行。 置信度：medium。【置信度：medium】,confirmed,national,power_limit,primary,5,not_populated,planned_or_final_dispatch,v3.0
R20241219_Q0_001,2024-12-19,ALL,,Ukrenergo,national,household_general,no_restriction,0,,2024-12-19 00:00:00+02:00,2024-12-20 00:00:00+02:00,,,2024-12-18 22:00:00+00:00,2024-12-19 22:00:00+00:00,,,Europe/Kyiv,no_restriction,high,"Ukrenergo's press service stated that restriction measures would not be applied on 19 December, as on the previous two days. Ukrenergo also said it would stop publishing evening next-day outage notices until the situation changed. This is a scheduled-restriction q0 during post-attack recovery. Confidence: high.",official_final,,,0,1,0,0,0,1,official_tso_statement_via_energy_press,https://ua-energy.org/uk/posts/ukrenerho-ne-informuvatyme-pro-vidkliuchennia-svitla,,,,,,MR20241203_GPV_INSTRUCTION_439|MR20241216_12_SUBQUEUE_OPERATIONAL_ROLLOUT|MR20241216_SWITCHING_TOLERANCE|MR20241210_REGULATOR_ACTUAL_VS_PLAN,"Ukrenergo's press service stated that restriction measures would not be applied on 19 December, as on the previous two days. Ukrenergo also said it would stop publishing evening next-day outage notices until the situation changed. This is a scheduled-restriction q0 during post-attack recovery. Confidence: high.【置信度：high】",no_restriction,national,no_restriction,near_primary,4,not_populated,execution_override,v3.0
R20241220_POL_001,2024-12-20,Poltava Oblast,,Poltavaoblenergo,oblast,household_general,no_restriction,0,,2024-12-20 00:00:00+02:00,2024-12-21 00:00:00+02:00,,,2024-12-19 22:00:00+00:00,2024-12-20 22:00:00+00:00,,,Europe/Kyiv,no_restriction,high,Poltavaoblenergo explicitly stated that hourly outage schedules would not be applied on 20 December because Ukrenergo had not assigned a load-reduction amount. This is high-confidence oblast-level q0 evidence; it is not promoted to a nationwide q0 without a direct national dated statement. Confidence: high.,official_dso_final,,,0,1,0,0,0,0,official_dso,https://t.me/s/poltavaOE?before=2058,Broad Telegram archive locator; exact-message snapshot should be frozen before publication.,,,,,MR20241203_GPV_INSTRUCTION_439|MR20241216_12_SUBQUEUE_OPERATIONAL_ROLLOUT|MR20241216_SWITCHING_TOLERANCE|MR20241210_REGULATOR_ACTUAL_VS_PLAN,Poltavaoblenergo explicitly stated that hourly outage schedules would not be applied on 20 December because Ukrenergo had not assigned a load-reduction amount. This is high-confidence oblast-level q0 evidence; it is not promoted to a nationwide q0 without a direct national dated statement. Confidence: high.【置信度：high】,no_restriction,oblast,no_restriction,primary,5,not_populated,execution_override,v3.0
R20241222_NAT_001,2024-12-22,ALL,,Ukrenergo,national,household,no_restriction,0,,2024-12-22 00:00:00+02:00,2024-12-23 00:00:00+02:00,,,2024-12-21 22:00:00+00:00,2024-12-22 22:00:00+00:00,,,Europe/Kyiv,no_restriction,high,"For 22 December 2024, Ukrenergo's published information indicated that household electricity outages were not forecast. This is a scheduled household q0, not proof of zero local technical/combat outages. Confidence: high.",final_dispatch,,,0,1,0,0,0,1,official_tso_statement_via_dated_media,https://www.unian.ua/economics/energetics/vidklyuchennya-svitla-22-grudnya-energetiki-povidomili-chi-diyatimut-u-nedilyu-grafiki-12860367.html,Dated 21 Dec 2024 report explicitly attributes the no-household-outage forecast for 22 Dec 2024 to Ukrenergo/Kyiv Digital.,,,,,MR20241203_GPV_INSTRUCTION_439|MR20241216_12_SUBQUEUE_OPERATIONAL_ROLLOUT|MR20241216_SWITCHING_TOLERANCE|MR20241210_REGULATOR_ACTUAL_VS_PLAN,"For 22 December 2024, Ukrenergo's published information indicated that household electricity outages were not forecast. This is a scheduled household q0, not proof of zero local technical/combat outages. Confidence: high.【置信度：high】",no_restriction,national,no_restriction,near_primary,4,not_populated,execution_override,v3.0
R20241223_EMG_001,2024-12-23,MULTIPLE_UNSPECIFIED,,Ukrenergo,multi_oblast,household_general,emergency_outage,,,2024-12-23 14:10:00+02:00,2024-12-23 17:00:00+02:00,,,2024-12-23 12:10:00+00:00,2024-12-23 15:00:00+00:00,,,Europe/Kyiv,emergency_override,high,"Emergency outages were introduced from 14:10 in several oblasts because equipment damaged by shelling required urgent replacement and some generation capacity was lost. Ukrenergo gave an estimated repair completion by 17:00; this endpoint is planned/estimated, not an address-level confirmed restoration time. Confidence: high.",audited_final,,,1,1,1,0,0,0,official_tso,https://t.me/s/ukrenergo?before=3601,Exact affected-oblast list was not stated in the archived post; scope deliberately stored as MULTIPLE_UNSPECIFIED.,regional,multiple unspecified oblasts,KE20241223_EMERGENCY_REPAIR,,MR20241203_GPV_INSTRUCTION_439|MR20241216_12_SUBQUEUE_OPERATIONAL_ROLLOUT|MR20241216_SWITCHING_TOLERANCE|MR20241210_REGULATOR_ACTUAL_VS_PLAN,"Emergency outages were introduced from 14:10 in several oblasts because equipment damaged by shelling required urgent replacement and some generation capacity was lost. Ukrenergo gave an estimated repair completion by 17:00; this endpoint is planned/estimated, not an address-level confirmed restoration time. Confidence: high.【置信度：high】",emergency_override,multi_oblast,emergency,primary,5,not_populated,emergency_override,v3.0
R20241225_NAT_001,2024-12-25,ALL,,Ukrenergo,national,household,hourly_schedule,3,,2024-12-25 05:48:00+02:00,2024-12-25 23:59:00+02:00,,,2024-12-25 03:48:00+00:00,2024-12-25 21:59:00+00:00,,,Europe/Kyiv,emergency_override,high,圣诞节大规模导弹/无人机袭击后，05:48–23:59 居民端最多同时启用 3 个队列。官方明确强调 Ukrenergo 只决定启用几组，具体各组地址和轮换时段由 oblenenergo 决定。强攻击混杂，不宜用于干净的计划停电因果估计。 置信度：high。,final_dispatch,,,1,1,0,0,0,0,official_tso,https://t.me/s/ukrenergo?before=3604,,national_system,multiple regions nationwide,KE20241225_MAJOR_ATTACK,XE20241225_OD_SCHED_PUBLISH_0613|XE20241225_OD_SCHED_UPDATE_0713|XE20241225_OD_SCHED_UPDATE_0920|XE20241225_OD_SCHED_UPDATE_1159|XE20241225_OD_SCHED_UPDATE_1525,MR20241203_GPV_INSTRUCTION_439|MR20241216_12_SUBQUEUE_OPERATIONAL_ROLLOUT|MR20241216_SWITCHING_TOLERANCE|MR20241210_REGULATOR_ACTUAL_VS_PLAN,圣诞节大规模导弹/无人机袭击后，05:48–23:59 居民端最多同时启用 3 个队列。官方明确强调 Ukrenergo 只决定启用几组，具体各组地址和轮换时段由 oblenenergo 决定。强攻击混杂，不宜用于干净的计划停电因果估计。 置信度：high。【置信度：high】,emergency_override,national,GPV,primary,5,not_populated,emergency_override,v3.0
R20241225_NAT_002,2024-12-25,ALL,,Ukrenergo,national,industry_business,power_limit,,,2024-12-25 15:00:00+02:00,2024-12-25 23:59:00+02:00,,,2024-12-25 13:00:00+00:00,2024-12-25 21:59:00+00:00,,,Europe/Kyiv,emergency_override,high,工业/商业从 15:00 至 23:59 执行功率限制；该机制不同于居民轮换队列。 置信度：high。,final_dispatch,,,1,1,0,0,0,0,official_tso,https://t.me/s/ukrenergo?before=3604,,national_system,multiple regions nationwide,KE20241225_MAJOR_ATTACK,XE20241225_OD_SCHED_PUBLISH_0613|XE20241225_OD_SCHED_UPDATE_0713|XE20241225_OD_SCHED_UPDATE_0920|XE20241225_OD_SCHED_UPDATE_1159|XE20241225_OD_SCHED_UPDATE_1525,MR20241203_GPV_INSTRUCTION_439|MR20241216_12_SUBQUEUE_OPERATIONAL_ROLLOUT|MR20241216_SWITCHING_TOLERANCE|MR20241210_REGULATOR_ACTUAL_VS_PLAN,工业/商业从 15:00 至 23:59 执行功率限制；该机制不同于居民轮换队列。 置信度：high。【置信度：high】,emergency_override,national,power_limit,primary,5,not_populated,emergency_override,v3.0
R20241226_GOP_001,2024-12-26,ALL,,Ukrenergo,national,industry_business,power_limit,,,2024-12-26 07:00:00+02:00,2024-12-26 22:00:00+02:00,,,2024-12-26 05:00:00+00:00,2024-12-26 20:00:00+00:00,,,Europe/Kyiv,dispatch_confirmed,high,Industrial/business power-limitation schedule (GOP) applied/planned for 07:00–22:00. This is a different treatment mechanism from household hourly-outage queues and should be modeled separately. Confidence: high.,audited_final,,,0,1,0,0,0,0,official_tso_archive,https://t.me/s/ukrenergo?before=3601,Audit-added GOP record; deliberately keeps queue_count blank to avoid conflating GOP stages with household GПВ queue counts.,,,KE20241226_SUMY_EMERGENCY,XE20241226_SUMY_GAV_ACTIVATE|XE20241226_SUMY_GAV_CANCEL,MR20241203_GPV_INSTRUCTION_439|MR20241216_12_SUBQUEUE_OPERATIONAL_ROLLOUT|MR20241216_SWITCHING_TOLERANCE|MR20241210_REGULATOR_ACTUAL_VS_PLAN,Industrial/business power-limitation schedule (GOP) applied/planned for 07:00–22:00. This is a different treatment mechanism from household hourly-outage queues and should be modeled separately. Confidence: high.【置信度：high】,confirmed,national,power_limit,primary,5,not_populated,planned_or_final_dispatch,v3.0
R20241226_NAT_001,2024-12-26,ALL,,Ukrenergo,national,household,hourly_schedule,1.5,,2024-12-26 08:00:00+02:00,2024-12-26 17:00:00+02:00,,,2024-12-26 06:00:00+00:00,2024-12-26 15:00:00+00:00,,,Europe/Kyiv,dispatch_confirmed,high,国家/地区调度要求该时段同时启用 1.5 个轮换队列。这表示调度强度，不等同于某个具体地址必然断电。 置信度：high。,final_dispatch,,,0,1,0,0,0,0,official_tso_archive,https://t.me/s/Ukrenergo?before=3610,,,,KE20241226_SUMY_EMERGENCY,XE20241226_SUMY_GAV_ACTIVATE|XE20241226_SUMY_GAV_CANCEL,MR20241203_GPV_INSTRUCTION_439|MR20241216_12_SUBQUEUE_OPERATIONAL_ROLLOUT|MR20241216_SWITCHING_TOLERANCE|MR20241210_REGULATOR_ACTUAL_VS_PLAN,国家/地区调度要求该时段同时启用 1.5 个轮换队列。这表示调度强度，不等同于某个具体地址必然断电。 置信度：high。【置信度：high】,confirmed,national,GPV,primary,5,not_populated,planned_or_final_dispatch,v3.0
R20241226_NAT_002,2024-12-26,ALL,,Ukrenergo,national,household,hourly_schedule,1,,2024-12-26 17:00:00+02:00,2024-12-26 21:00:00+02:00,,,2024-12-26 15:00:00+00:00,2024-12-26 19:00:00+00:00,,,Europe/Kyiv,dispatch_confirmed,high,国家/地区调度要求该时段同时启用 1 个轮换队列。这表示调度强度，不等同于某个具体地址必然断电。 置信度：high。,final_dispatch,,,0,1,0,0,0,0,official_tso_archive,https://t.me/s/Ukrenergo?before=3610,,,,KE20241226_SUMY_EMERGENCY,XE20241226_SUMY_GAV_ACTIVATE|XE20241226_SUMY_GAV_CANCEL,MR20241203_GPV_INSTRUCTION_439|MR20241216_12_SUBQUEUE_OPERATIONAL_ROLLOUT|MR20241216_SWITCHING_TOLERANCE|MR20241210_REGULATOR_ACTUAL_VS_PLAN,国家/地区调度要求该时段同时启用 1 个轮换队列。这表示调度强度，不等同于某个具体地址必然断电。 置信度：high。【置信度：high】,confirmed,national,GPV,primary,5,not_populated,planned_or_final_dispatch,v3.0
R20241227_NAT_001,2024-12-27,ALL,,Ukrenergo,national,household,hourly_schedule,0.5,,2024-12-27 08:00:00+02:00,2024-12-27 17:00:00+02:00,,,2024-12-27 06:00:00+00:00,2024-12-27 15:00:00+00:00,,,Europe/Kyiv,dispatch_confirmed,high,国家/地区调度要求该时段同时启用 0.5 个轮换队列。这表示调度强度，不等同于某个具体地址必然断电。 置信度：high。,final_dispatch,,,0,1,0,0,0,0,official_tso,https://t.me/s/ukrenergo?before=3604,,,,,,MR20241203_GPV_INSTRUCTION_439|MR20241216_12_SUBQUEUE_OPERATIONAL_ROLLOUT|MR20241216_SWITCHING_TOLERANCE|MR20241210_REGULATOR_ACTUAL_VS_PLAN,国家/地区调度要求该时段同时启用 0.5 个轮换队列。这表示调度强度，不等同于某个具体地址必然断电。 置信度：high。【置信度：high】,confirmed,national,GPV,primary,5,not_populated,planned_or_final_dispatch,v3.0
R20241227_GOP_001,2024-12-27,ALL,,Ukrenergo,national,industry_business,power_limit,,,2024-12-27 08:00:00+02:00,2024-12-27 17:00:00+02:00,,,2024-12-27 06:00:00+00:00,2024-12-27 15:00:00+00:00,,,Europe/Kyiv,dispatch_confirmed,high,Industrial/business power-limitation schedule (GOP) applied/planned for 08:00–17:00. This is a different treatment mechanism from household hourly-outage queues and should be modeled separately. Confidence: high.,audited_final,,,0,1,0,0,0,0,official_tso_archive,https://t.me/s/Ukrenergo?before=3610,Audit-added GOP record; deliberately keeps queue_count blank to avoid conflating GOP stages with household GПВ queue counts.,,,,,MR20241203_GPV_INSTRUCTION_439|MR20241216_12_SUBQUEUE_OPERATIONAL_ROLLOUT|MR20241216_SWITCHING_TOLERANCE|MR20241210_REGULATOR_ACTUAL_VS_PLAN,Industrial/business power-limitation schedule (GOP) applied/planned for 08:00–17:00. This is a different treatment mechanism from household hourly-outage queues and should be modeled separately. Confidence: high.【置信度：high】,confirmed,national,power_limit,primary,5,not_populated,planned_or_final_dispatch,v3.0
R20241227_CHERNIHI_001,2024-12-27,Chernihiv Oblast,,Chernihivoblenergo,oblast,household_general,hourly_schedule,,5/2,2024-12-27 08:00:00+02:00,2024-12-27 11:30:00+02:00,2024-12-27 08:00:00+02:00,2024-12-27 11:30:00+02:00,2024-12-27 06:00:00+00:00,2024-12-27 09:30:00+00:00,2024-12-27 06:00:00+00:00,2024-12-27 09:30:00+00:00,Europe/Kyiv,confirmed,high,统一新规则下的 0.5 队列由具体子队列轮换实现；Chernihiv 子队列 5/2 在该时段被安排停电。 置信度：high。,final_dispatch,,,0,1,0,0,0,0,official_dso,https://t.me/s/chernigivoblenergo?before=3202,,,,,,MR20241203_GPV_INSTRUCTION_439|MR20241216_12_SUBQUEUE_OPERATIONAL_ROLLOUT|MR20241216_SWITCHING_TOLERANCE|MR20241210_REGULATOR_ACTUAL_VS_PLAN,统一新规则下的 0.5 队列由具体子队列轮换实现；Chernihiv 子队列 5/2 在该时段被安排停电。 置信度：high。【置信度：high】,confirmed,oblast,GPV,primary,5,deprecated_confirmed_dispatch_window_not_physical_switch,planned_or_final_dispatch,v3.0
R20241227_CHERNIHI_002,2024-12-27,Chernihiv Oblast,,Chernihivoblenergo,oblast,household_general,hourly_schedule,,2/1,2024-12-27 11:30:00+02:00,2024-12-27 15:00:00+02:00,2024-12-27 11:30:00+02:00,2024-12-27 15:00:00+02:00,2024-12-27 09:30:00+00:00,2024-12-27 13:00:00+00:00,2024-12-27 09:30:00+00:00,2024-12-27 13:00:00+00:00,Europe/Kyiv,confirmed,high,统一新规则下的 0.5 队列由具体子队列轮换实现；Chernihiv 子队列 2/1 在该时段被安排停电。 置信度：high。,final_dispatch,,,0,1,0,0,0,0,official_dso,https://t.me/s/chernigivoblenergo?before=3202,,,,,,MR20241203_GPV_INSTRUCTION_439|MR20241216_12_SUBQUEUE_OPERATIONAL_ROLLOUT|MR20241216_SWITCHING_TOLERANCE|MR20241210_REGULATOR_ACTUAL_VS_PLAN,统一新规则下的 0.5 队列由具体子队列轮换实现；Chernihiv 子队列 2/1 在该时段被安排停电。 置信度：high。【置信度：high】,confirmed,oblast,GPV,primary,5,deprecated_confirmed_dispatch_window_not_physical_switch,planned_or_final_dispatch,v3.0
R20241227_CHERNIHI_003,2024-12-27,Chernihiv Oblast,,Chernihivoblenergo,oblast,household_general,hourly_schedule,,4/1,2024-12-27 15:00:00+02:00,2024-12-27 17:00:00+02:00,2024-12-27 15:00:00+02:00,2024-12-27 17:00:00+02:00,2024-12-27 13:00:00+00:00,2024-12-27 15:00:00+00:00,2024-12-27 13:00:00+00:00,2024-12-27 15:00:00+00:00,Europe/Kyiv,confirmed,high,统一新规则下的 0.5 队列由具体子队列轮换实现；Chernihiv 子队列 4/1 在该时段被安排停电。 置信度：high。,final_dispatch,,,0,1,0,0,0,0,official_dso,https://t.me/s/chernigivoblenergo?before=3202,,,,,,MR20241203_GPV_INSTRUCTION_439|MR20241216_12_SUBQUEUE_OPERATIONAL_ROLLOUT|MR20241216_SWITCHING_TOLERANCE|MR20241210_REGULATOR_ACTUAL_VS_PLAN,统一新规则下的 0.5 队列由具体子队列轮换实现；Chernihiv 子队列 4/1 在该时段被安排停电。 置信度：high。【置信度：high】,confirmed,oblast,GPV,primary,5,deprecated_confirmed_dispatch_window_not_physical_switch,planned_or_final_dispatch,v3.0
R20241228_NAT_001,2024-12-28,ALL,,Ukrenergo,national,household,hourly_schedule,0.5,,2024-12-28 08:00:00+02:00,2024-12-28 17:00:00+02:00,,,2024-12-28 06:00:00+00:00,2024-12-28 15:00:00+00:00,,,Europe/Kyiv,dispatch_confirmed,high,多地 oblenenergo 根据 Ukrenergo 指令执行 0.5 队列；这已经是子队列粒度。全国层面使用 queue_count=0.5，具体 queue_id 需看各运营商。 置信度：high。,final_dispatch,,,0,1,0,0,0,0,official_dso,https://t.me/s/chernigivoblenergo?before=3202,,multi_region,Sumy Oblast|Poltava Oblast|Dnipropetrovsk Oblast,KE20241228_THREE_REGION_EMERGENCY,XE20241228_SUMY_GAV_ACTIVATE|XE20241228_SUMY_GAV_ROTATE|XE20241228_DN_EMG_STATE,MR20241203_GPV_INSTRUCTION_439|MR20241216_12_SUBQUEUE_OPERATIONAL_ROLLOUT|MR20241216_SWITCHING_TOLERANCE|MR20241210_REGULATOR_ACTUAL_VS_PLAN,多地 oblenenergo 根据 Ukrenergo 指令执行 0.5 队列；这已经是子队列粒度。全国层面使用 queue_count=0.5，具体 queue_id 需看各运营商。 置信度：high。【置信度：high】,confirmed,national,GPV,primary,5,not_populated,planned_or_final_dispatch,v3.0
R20241228_CHERNIHI_001,2024-12-28,Chernihiv Oblast,,Chernihivoblenergo,oblast,household_general,hourly_schedule,,5/1,2024-12-28 15:30:00+02:00,2024-12-28 17:00:00+02:00,2024-12-28 15:30:00+02:00,2024-12-28 17:00:00+02:00,2024-12-28 13:30:00+00:00,2024-12-28 15:00:00+00:00,2024-12-28 13:30:00+00:00,2024-12-28 15:00:00+00:00,Europe/Kyiv,confirmed,high,当地媒体转引 Chernihivoblenergo：12 月 28 日 0.5 队列对应 5/1 子队列约 15:30–17:00。二手转引，故 publication_eligible=0，建议后续补官方快照。 置信度：medium。,final_dispatch,,,0,1,0,0,0,0,secondary_local_media,https://t.me/s/CheLineTv?before=74111,,,,,,MR20241203_GPV_INSTRUCTION_439|MR20241216_12_SUBQUEUE_OPERATIONAL_ROLLOUT|MR20241216_SWITCHING_TOLERANCE|MR20241210_REGULATOR_ACTUAL_VS_PLAN,当地媒体转引 Chernihivoblenergo：12 月 28 日 0.5 队列对应 5/1 子队列约 15:30–17:00。二手转引，故 publication_eligible=0，建议后续补官方快照。 置信度：medium。【置信度：high】,confirmed,oblast,GPV,secondary,2,deprecated_confirmed_dispatch_window_not_physical_switch,planned_or_final_dispatch,v3.0
R20241229_POLTAVAO_001,2024-12-29,Poltava Oblast,,Poltavaoblenergo,oblast,household,no_restriction,0,,2024-12-29 00:00:00+02:00,2024-12-30 00:00:00+02:00,,,2024-12-28 22:00:00+00:00,2024-12-29 22:00:00+00:00,,,Europe/Kyiv,no_restriction,high,Poltavaoblenergo 明确该日不执行小时停电计划，但当天仍可能因系统状态触发 авар停电；这是“计划为 0、紧急事件可能非 0”的典型样本。 置信度：high。,final_dispatch,,,0,1,0,0,0,0,official_dso,https://t.me/s/poltavaoe?before=2160,,,,,,MR20241203_GPV_INSTRUCTION_439|MR20241216_12_SUBQUEUE_OPERATIONAL_ROLLOUT|MR20241216_SWITCHING_TOLERANCE|MR20241210_REGULATOR_ACTUAL_VS_PLAN,Poltavaoblenergo 明确该日不执行小时停电计划，但当天仍可能因系统状态触发 авар停电；这是“计划为 0、紧急事件可能非 0”的典型样本。 置信度：high。【置信度：high】,no_restriction,oblast,no_restriction,primary,5,not_populated,execution_override,v3.0
R20241230_NAT_001,2024-12-30,ALL,,Ukrenergo,national,household,hourly_schedule,1,,2024-12-30 08:00:00+02:00,2024-12-30 17:00:00+02:00,,,2024-12-30 06:00:00+00:00,2024-12-30 15:00:00+00:00,,,Europe/Kyiv,dispatch_confirmed,high,国家/地区调度要求该时段同时启用 1 个轮换队列。这表示调度强度，不等同于某个具体地址必然断电。 置信度：high。,final_dispatch,,,0,1,0,0,0,0,official_tso,https://t.me/s/ukrenergo?before=3605,,,,,,MR20241203_GPV_INSTRUCTION_439|MR20241216_12_SUBQUEUE_OPERATIONAL_ROLLOUT|MR20241216_SWITCHING_TOLERANCE|MR20241210_REGULATOR_ACTUAL_VS_PLAN,国家/地区调度要求该时段同时启用 1 个轮换队列。这表示调度强度，不等同于某个具体地址必然断电。 置信度：high。【置信度：high】,confirmed,national,GPV,primary,5,not_populated,planned_or_final_dispatch,v3.0
R20241230_GOP_001,2024-12-30,ALL,,Ukrenergo,national,industry_business,power_limit,,,2024-12-30 08:00:00+02:00,2024-12-30 19:00:00+02:00,,,2024-12-30 06:00:00+00:00,2024-12-30 17:00:00+00:00,,,Europe/Kyiv,dispatch_confirmed,high,Industrial/business power-limitation schedule (GOP) applied/planned for 08:00–19:00. This is a different treatment mechanism from household hourly-outage queues and should be modeled separately. Confidence: high.,audited_final,,,0,1,0,0,0,0,official_tso_archive,https://t.me/s/Ukrenergo?before=3610,Audit-added GOP record; deliberately keeps queue_count blank to avoid conflating GOP stages with household GПВ queue counts.,,,,,MR20241203_GPV_INSTRUCTION_439|MR20241216_12_SUBQUEUE_OPERATIONAL_ROLLOUT|MR20241216_SWITCHING_TOLERANCE|MR20241210_REGULATOR_ACTUAL_VS_PLAN,Industrial/business power-limitation schedule (GOP) applied/planned for 08:00–19:00. This is a different treatment mechanism from household hourly-outage queues and should be modeled separately. Confidence: high.【置信度：high】,confirmed,national,power_limit,primary,5,not_populated,planned_or_final_dispatch,v3.0
R20241230_ZAPORIZH_001,2024-12-30,Zaporizhzhia Oblast,,Zaporizhzhyaoblenergo,oblast,household_general,hourly_schedule,,5.1,2024-12-30 08:00:00+02:00,2024-12-30 10:30:00+02:00,2024-12-30 08:00:00+02:00,2024-12-30 10:30:00+02:00,2024-12-30 06:00:00+00:00,2024-12-30 08:30:00+00:00,2024-12-30 06:00:00+00:00,2024-12-30 08:30:00+00:00,Europe/Kyiv,confirmed,high,Zaporizhzhia 新版子队列 5.1 的运营商级排程；它展示了全国 queue_count=1 如何映射到具体子队列。 置信度：high。,final_dispatch,,,0,1,0,0,0,0,official_dso,https://t.me/s/Zaporizhzhyaoblenergo_news?before=1707,,,,,,MR20241203_GPV_INSTRUCTION_439|MR20241216_12_SUBQUEUE_OPERATIONAL_ROLLOUT|MR20241216_SWITCHING_TOLERANCE|MR20241210_REGULATOR_ACTUAL_VS_PLAN,Zaporizhzhia 新版子队列 5.1 的运营商级排程；它展示了全国 queue_count=1 如何映射到具体子队列。 置信度：high。【置信度：high】,confirmed,oblast,GPV,primary,5,deprecated_confirmed_dispatch_window_not_physical_switch,planned_or_final_dispatch,v3.0
R20241230_ZAPORIZH_002,2024-12-30,Zaporizhzhia Oblast,,Zaporizhzhyaoblenergo,oblast,household_general,hourly_schedule,,5.2,2024-12-30 08:00:00+02:00,2024-12-30 10:30:00+02:00,2024-12-30 08:00:00+02:00,2024-12-30 10:30:00+02:00,2024-12-30 06:00:00+00:00,2024-12-30 08:30:00+00:00,2024-12-30 06:00:00+00:00,2024-12-30 08:30:00+00:00,Europe/Kyiv,confirmed,high,Zaporizhzhia 新版子队列 5.2 的运营商级排程；它展示了全国 queue_count=1 如何映射到具体子队列。 置信度：high。,final_dispatch,,,0,1,0,0,0,0,official_dso,https://t.me/s/Zaporizhzhyaoblenergo_news?before=1707,,,,,,MR20241203_GPV_INSTRUCTION_439|MR20241216_12_SUBQUEUE_OPERATIONAL_ROLLOUT|MR20241216_SWITCHING_TOLERANCE|MR20241210_REGULATOR_ACTUAL_VS_PLAN,Zaporizhzhia 新版子队列 5.2 的运营商级排程；它展示了全国 queue_count=1 如何映射到具体子队列。 置信度：high。【置信度：high】,confirmed,oblast,GPV,primary,5,deprecated_confirmed_dispatch_window_not_physical_switch,planned_or_final_dispatch,v3.0
R20241230_ZAPORIZH_003,2024-12-30,Zaporizhzhia Oblast,,Zaporizhzhyaoblenergo,oblast,household_general,hourly_schedule,,2.1,2024-12-30 10:30:00+02:00,2024-12-30 14:00:00+02:00,2024-12-30 10:30:00+02:00,2024-12-30 14:00:00+02:00,2024-12-30 08:30:00+00:00,2024-12-30 12:00:00+00:00,2024-12-30 08:30:00+00:00,2024-12-30 12:00:00+00:00,Europe/Kyiv,confirmed,high,Zaporizhzhia 新版子队列 2.1 的运营商级排程；它展示了全国 queue_count=1 如何映射到具体子队列。 置信度：high。,final_dispatch,,,0,1,0,0,0,0,official_dso,https://t.me/s/Zaporizhzhyaoblenergo_news?before=1707,,,,,,MR20241203_GPV_INSTRUCTION_439|MR20241216_12_SUBQUEUE_OPERATIONAL_ROLLOUT|MR20241216_SWITCHING_TOLERANCE|MR20241210_REGULATOR_ACTUAL_VS_PLAN,Zaporizhzhia 新版子队列 2.1 的运营商级排程；它展示了全国 queue_count=1 如何映射到具体子队列。 置信度：high。【置信度：high】,confirmed,oblast,GPV,primary,5,deprecated_confirmed_dispatch_window_not_physical_switch,planned_or_final_dispatch,v3.0
R20241230_ZAPORIZH_004,2024-12-30,Zaporizhzhia Oblast,,Zaporizhzhyaoblenergo,oblast,household_general,hourly_schedule,,2.2,2024-12-30 10:30:00+02:00,2024-12-30 14:00:00+02:00,2024-12-30 10:30:00+02:00,2024-12-30 14:00:00+02:00,2024-12-30 08:30:00+00:00,2024-12-30 12:00:00+00:00,2024-12-30 08:30:00+00:00,2024-12-30 12:00:00+00:00,Europe/Kyiv,confirmed,high,Zaporizhzhia 新版子队列 2.2 的运营商级排程；它展示了全国 queue_count=1 如何映射到具体子队列。 置信度：high。,final_dispatch,,,0,1,0,0,0,0,official_dso,https://t.me/s/Zaporizhzhyaoblenergo_news?before=1707,,,,,,MR20241203_GPV_INSTRUCTION_439|MR20241216_12_SUBQUEUE_OPERATIONAL_ROLLOUT|MR20241216_SWITCHING_TOLERANCE|MR20241210_REGULATOR_ACTUAL_VS_PLAN,Zaporizhzhia 新版子队列 2.2 的运营商级排程；它展示了全国 queue_count=1 如何映射到具体子队列。 置信度：high。【置信度：high】,confirmed,oblast,GPV,primary,5,deprecated_confirmed_dispatch_window_not_physical_switch,planned_or_final_dispatch,v3.0
R20241230_ZAPORIZH_005,2024-12-30,Zaporizhzhia Oblast,,Zaporizhzhyaoblenergo,oblast,household_general,hourly_schedule,,4.1,2024-12-30 14:00:00+02:00,2024-12-30 17:00:00+02:00,2024-12-30 14:00:00+02:00,2024-12-30 17:00:00+02:00,2024-12-30 12:00:00+00:00,2024-12-30 15:00:00+00:00,2024-12-30 12:00:00+00:00,2024-12-30 15:00:00+00:00,Europe/Kyiv,confirmed,high,Zaporizhzhia 新版子队列 4.1 的运营商级排程；它展示了全国 queue_count=1 如何映射到具体子队列。 置信度：high。,final_dispatch,,,0,1,0,0,0,0,official_dso,https://t.me/s/Zaporizhzhyaoblenergo_news?before=1707,,,,,,MR20241203_GPV_INSTRUCTION_439|MR20241216_12_SUBQUEUE_OPERATIONAL_ROLLOUT|MR20241216_SWITCHING_TOLERANCE|MR20241210_REGULATOR_ACTUAL_VS_PLAN,Zaporizhzhia 新版子队列 4.1 的运营商级排程；它展示了全国 queue_count=1 如何映射到具体子队列。 置信度：high。【置信度：high】,confirmed,oblast,GPV,primary,5,deprecated_confirmed_dispatch_window_not_physical_switch,planned_or_final_dispatch,v3.0
R20241230_ZAPORIZH_006,2024-12-30,Zaporizhzhia Oblast,,Zaporizhzhyaoblenergo,oblast,household_general,hourly_schedule,,4.2,2024-12-30 14:00:00+02:00,2024-12-30 17:00:00+02:00,2024-12-30 14:00:00+02:00,2024-12-30 17:00:00+02:00,2024-12-30 12:00:00+00:00,2024-12-30 15:00:00+00:00,2024-12-30 12:00:00+00:00,2024-12-30 15:00:00+00:00,Europe/Kyiv,confirmed,high,Zaporizhzhia 新版子队列 4.2 的运营商级排程；它展示了全国 queue_count=1 如何映射到具体子队列。 置信度：high。,final_dispatch,,,0,1,0,0,0,0,official_dso,https://t.me/s/Zaporizhzhyaoblenergo_news?before=1707,,,,,,MR20241203_GPV_INSTRUCTION_439|MR20241216_12_SUBQUEUE_OPERATIONAL_ROLLOUT|MR20241216_SWITCHING_TOLERANCE|MR20241210_REGULATOR_ACTUAL_VS_PLAN,Zaporizhzhia 新版子队列 4.2 的运营商级排程；它展示了全国 queue_count=1 如何映射到具体子队列。 置信度：high。【置信度：high】,confirmed,oblast,GPV,primary,5,deprecated_confirmed_dispatch_window_not_physical_switch,planned_or_final_dispatch,v3.0
R20241231_SUMYOBLA_001,2024-12-31,Sumy Oblast,,Sumyoblenergo,oblast,household,hourly_schedule,,,2024-12-31 00:00:00+02:00,2025-01-01 00:00:00+02:00,,,2024-12-30 22:00:00+00:00,2024-12-31 22:00:00+00:00,,,Europe/Kyiv,planned_only,medium,Sumyoblenergo 明确 12 月 31 日将按 Ukrenergo 下达的容量执行小时停电表，但当前网页快照未稳定恢复每个时段的具体强度，因此保留全天计划存在记录，queue_count 留空。 置信度：medium。,final_dispatch,,,0,1,0,0,0,0,official_dso,https://t.me/s/SumyEnergo?before=2810,,,,,,MR20241203_GPV_INSTRUCTION_439|MR20241216_12_SUBQUEUE_OPERATIONAL_ROLLOUT|MR20241216_SWITCHING_TOLERANCE|MR20241210_REGULATOR_ACTUAL_VS_PLAN,Sumyoblenergo 明确 12 月 31 日将按 Ukrenergo 下达的容量执行小时停电表，但当前网页快照未稳定恢复每个时段的具体强度，因此保留全天计划存在记录，queue_count 留空。 置信度：medium。【置信度：medium】,planned_only,oblast,GPV,primary,5,not_populated,planned_or_final_dispatch,v3.0
R20250115_POLTAVAO_001,2025-01-15,Poltava Oblast,,Ukrenergo / local DSO,oblast,household_general,emergency_outage,,,2025-01-15 07:07:00+02:00,2025-01-15 07:55:00+02:00,2025-01-15 07:07:00+02:00,2025-01-15 07:55:00+02:00,2025-01-15 05:07:00+00:00,2025-01-15 05:55:00+00:00,2025-01-15 05:07:00+00:00,2025-01-15 05:55:00+00:00,Europe/Kyiv,confirmed,high,"15 January 2025 mass missile attack caused emergency outage schedules in seven oblasts (Kharkiv, Sumy, Poltava, Donetsk, Dnipropetrovsk, Zaporizhzhia, Kirovohrad); Ukrenergo reported that all were cancelled by 09:00. Poltavaoblenergo provides precise local command times: emergency queues introduced at 07:07 and cancelled at 07:55. This is emergency, not planned hourly rotation, and is excluded from the primary planned-outage treatment. Confidence: high.",final_dispatch,,,1,1,0,0,0,0,official_dso,https://t.me/s/poltavaoe?before=2184,"National corroboration: Ukrenergo official archive https://t.me/s/Ukrenergo?before=3646 confirms emergency outage schedules in Kharkiv, Sumy, Poltava, Donetsk, Dnipropetrovsk, Zaporizhzhia and Kirovohrad oblasts and states all were cancelled by 09:00.",regional,Kharkiv Oblast|Sumy Oblast|Poltava Oblast|Donetsk Oblast|Dnipropetrovsk Oblast|Zaporizhzhia Oblast|Kirovohrad Oblast,KE20250115_MAJOR_ATTACK,,MR20241203_GPV_INSTRUCTION_439|MR20241216_12_SUBQUEUE_OPERATIONAL_ROLLOUT|MR20241216_SWITCHING_TOLERANCE|MR20250108_DYNAMIC_ADDRESS_QUEUE_MAPPING|MR20241210_REGULATOR_ACTUAL_VS_PLAN,"15 January 2025 mass missile attack caused emergency outage schedules in seven oblasts (Kharkiv, Sumy, Poltava, Donetsk, Dnipropetrovsk, Zaporizhzhia, Kirovohrad); Ukrenergo reported that all were cancelled by 09:00. Poltavaoblenergo provides precise local command times: emergency queues introduced at 07:07 and cancelled at 07:55. This is emergency, not planned hourly rotation, and is excluded from the primary planned-outage treatment. Confidence: high.【置信度：high】",confirmed,oblast,emergency,primary,5,deprecated_confirmed_dispatch_window_not_physical_switch,emergency_override,v3.0
R20241228_CEK_001,2024-12-28,Dnipropetrovsk Oblast,PEEM CEK service area,PEEM CEK,operator_service_area,household_general,hourly_schedule,0.5,6.2,2024-12-28 15:00:00+02:00,2024-12-28 17:00:00+02:00,,,2024-12-28 13:00:00+00:00,2024-12-28 15:00:00+00:00,,,Europe/Kyiv,operator_schedule_published,high,PEEM CEK 官方通知 6.2 子队列 15:00–17:00 计划停电；仅代表 CEK 服务区，不能外推至 DTEK Dnipro Grids 服务区。该日下午州内同时存在 emergency override，因此计划与执行必须分层。,final_dispatch,,,1,1,0,0,1,1,official_dso,https://t.me/s/cek_info?before=2377,"Official PEEM CEK channel. Operator-service-area evidence, not whole-oblast coverage.",multi_dso|emergency_override|attack_recovery,Dnipropetrovsk Oblast,KE20241228_THREE_REGION_EMERGENCY,,MR20241210_REGULATOR_ACTUAL_VS_PLAN|MR_DN_MULTI_DSO_SCOPE|MR20260904_OBLAST_EXECUTION_OVERLAY,PEEM CEK 官方通知 6.2 子队列 15:00–17:00 计划停电；仅代表 CEK 服务区，不能外推至 DTEK Dnipro Grids 服务区。该日下午州内同时存在 emergency override，因此计划与执行必须分层。【置信度：high】,other,operator_service_area,GPV,primary,5,not_populated,planned_or_final_dispatch,v3.0
R20240724_SUMY_CANCEL_001,2024-07-24,Sumy Oblast,,Sumyoblenergo / Ukrenergo,regional,household_general,cancelled_hourly_window,0,ALL,2024-07-24 09:30:00+03:00,2024-07-24 16:00:00+03:00,2024-07-24 09:30:00+03:00,2024-07-24 16:00:00+03:00,2024-07-24 06:30:00+00:00,2024-07-24 13:00:00+00:00,2024-07-24 06:30:00+00:00,2024-07-24 13:00:00+00:00,Europe/Kyiv,regional_cancellation_confirmed,high,Sumyoblenergo 的当日更新明确 09:30–16:00 不应用 GPV；这是对原全国粗粒度 q0 行的区域级修正。,same_day_final_update,,R20240724_NAT_001,0,0,0,1,1,1,dso_statement_via_dated_local_media,https://debaty.sumy.ua/news/grafiki-pogodinnih-vidklyuchen-skasovani-do-16-00,Dated 09:58 local report reproducing Sumyoblenergo updated schedule.,heat|regional_dispatch_update,Sumy Oblast,KE20240724_REGIONAL_CANCELLATION,XE20240724_SUMY_GPV_CANCEL_0930,MR20240724_REGIONAL_ZERO_WINDOW,Sumyoblenergo 的当日更新明确 09:30–16:00 不应用 GPV；这是对原全国粗粒度 q0 行的区域级修正。【置信度：high】,cancelled,oblast,GPV_cancelled,near_primary,4,deprecated_confirmed_dispatch_window_not_physical_switch,execution_override,v3.0
R20240724_KH_CANCEL_001,2024-07-24,Kharkiv Oblast,,Kharkivoblenergo / Ukrenergo,regional,household_general,cancelled_hourly_window,0,ALL,2024-07-24 09:30:00+03:00,2024-07-24 16:00:00+03:00,2024-07-24 09:30:00+03:00,2024-07-24 16:00:00+03:00,2024-07-24 06:30:00+00:00,2024-07-24 13:00:00+00:00,2024-07-24 06:30:00+00:00,2024-07-24 13:00:00+00:00,Europe/Kyiv,regional_cancellation_and_early_return,high,Kharkivoblenergo 明确称上午已开始小时停电，但供电比原计划明显更早恢复，随后取消到 16:00；实际 feeder 切回时刻仍可能早于公开确认。,same_day_final_update,,R20240724_NAT_001,0,0,0,1,1,1,dso_statement_via_dated_local_media,https://www.objectiv.tv/uk/objectively/2024/07/24/u-harkovi-skasuvali-grafiki-pogodinnih-vidklyuchen-yak-nadovgo/,Kharkivoblenergo cancellation confirmed; 09:30 boundary corroborated by Ukrenergo.,heat|early_restoration,Kharkiv Oblast,KE20240724_REGIONAL_CANCELLATION,XE20240724_KH_GPV_CANCEL_0930,MR20240724_REGIONAL_ZERO_WINDOW,Kharkivoblenergo 明确称上午已开始小时停电，但供电比原计划明显更早恢复，随后取消到 16:00；实际 feeder 切回时刻仍可能早于公开确认。【置信度：high】,cancelled,oblast,GPV_cancelled,near_primary,4,deprecated_confirmed_dispatch_window_not_physical_switch,execution_override,v3.0
R20240724_DN_CANCEL_001,2024-07-24,Dnipropetrovsk Oblast,DTEK Dnipro Grids service area,Ukrenergo / DTEK Dnipro Grids,operator_service_area,household_general,cancelled_hourly_window,0,ALL,2024-07-24 09:30:00+03:00,2024-07-24 16:00:00+03:00,2024-07-24 09:30:00+03:00,2024-07-24 16:00:00+03:00,2024-07-24 06:30:00+00:00,2024-07-24 13:00:00+00:00,2024-07-24 06:30:00+00:00,2024-07-24 13:00:00+00:00,Europe/Kyiv,regional_cancellation_confirmed,high,Ukrenergo 将 Dnipropetrovsk 列入 09:30–16:00 取消名单；该记录只能代表调度取消，不能自动证明每条 feeder 在 09:30 同秒完成复电。,same_day_final_update,,R20240724_NAT_001,0,0,0,1,1,1,ukrenergo_via_public_broadcaster,https://suspilne.media/797383-24-lipna-grafiki-vidklucen-svitla-skasovani-do-1600-dtek/,Operator-level physical switching minute remains below public-source resolution.,heat|regional_dispatch_update|multi_dso,Dnipropetrovsk Oblast,KE20240724_REGIONAL_CANCELLATION,XE20240724_DN_GPV_CANCEL_0930,MR20240724_REGIONAL_ZERO_WINDOW|MR_DN_MULTI_DSO_SCOPE,Ukrenergo 将 Dnipropetrovsk 列入 09:30–16:00 取消名单；该记录只能代表调度取消，不能自动证明每条 feeder 在 09:30 同秒完成复电。【置信度：high】,cancelled,operator_service_area,GPV_cancelled,near_primary,4,deprecated_confirmed_dispatch_window_not_physical_switch,execution_override,v3.0
R20240724_OD_CANCEL_001,2024-07-24,Odesa Oblast,DTEK Odesa Grids service area,DTEK Odesa Grids,operator_service_area,household_general,cancelled_hourly_window,0,ALL,2024-07-24 08:25:00+03:00,2024-07-24 18:00:00+03:00,2024-07-24 08:25:00+03:00,2024-07-24 18:00:00+03:00,2024-07-24 05:25:00+00:00,2024-07-24 15:00:00+00:00,2024-07-24 05:25:00+00:00,2024-07-24 15:00:00+00:00,Europe/Kyiv,operator_cancellation_confirmed,high,DTEK Odesa 给出的运营商口径是 08:25–18:00 不停电，而 Ukrenergo 的全国分组口径为 08:20–18:00；保留 5 分钟差异，不强行抹平。,same_day_final_update,,R20240724_NAT_001,0,0,0,1,1,1,official_dso_statement_via_public_broadcaster,https://suspilne.media/odesa/797405-v-odeskij-oblasti-do-vecora-skasuvali-vimknenna-svitla/,DTEK Odesa says 08:25; Ukrenergo broad grouping says 08:20.,heat|source_time_discrepancy,Odesa Oblast,KE20240724_REGIONAL_CANCELLATION,XE20240724_OD_GPV_CANCEL_0825,MR20240724_REGIONAL_ZERO_WINDOW|MR20260904_PUBLIC_TIMESTAMP_SEMANTICS,DTEK Odesa 给出的运营商口径是 08:25–18:00 不停电，而 Ukrenergo 的全国分组口径为 08:20–18:00；保留 5 分钟差异，不强行抹平。【置信度：high】,cancelled,operator_service_area,GPV_cancelled,near_primary,4,deprecated_confirmed_dispatch_window_not_physical_switch,execution_override,v3.0
R20241022_SUMY_GPV_1600,2024-10-22,Sumy Oblast,,Sumyoblenergo,regional,household_general,hourly_schedule,2.5,,2024-10-22 16:00:00+03:00,2024-10-22 18:57:00+03:00,2024-10-22 16:00:00+03:00,2024-10-22 18:57:00+03:00,2024-10-22 13:00:00+00:00,2024-10-22 15:57:00+00:00,2024-10-22 13:00:00+00:00,2024-10-22 15:57:00+00:00,Europe/Kyiv,final_same_day_transition,high,16:00 明确从早间 GAV 切回 2.5 队列 GPV，并给所有当时因 GAV 断电的用户恢复供电；18:57 又启动第二轮 GAV，因此同一天必须分成两个 emergency episode。,same_day_update,,,1,1,0,0,1,1,dso_statement_via_public_broadcaster,https://t.me/s/suspilnesumy?before=38967,Body explicitly quotes Sumyoblenergo action time 16:00.,attack|same_day_reentry,Sumy Oblast,KE20241022_SUMY_ATTACK,XE20241022_SUMY_GAV_ADD_5_6_0738|XE20241022_SUMY_GAV_ADD_7_10_0851|XE20241022_SUMY_MORNING_CANCEL_1600|XE20241022_SUMY_GAV_ACTIVATE,MR20260904_STATE_MACHINE_REENTRY,16:00 明确从早间 GAV 切回 2.5 队列 GPV，并给所有当时因 GAV 断电的用户恢复供电；18:57 又启动第二轮 GAV，因此同一天必须分成两个 emergency episode。【置信度：high】,confirmed,oblast,GPV,near_primary,4,deprecated_confirmed_dispatch_window_not_physical_switch,planned_or_final_dispatch,v3.0
R20241121_SUMY_GPV_0742,2024-11-21,Sumy Oblast,,Sumyoblenergo,regional,household_general,hourly_schedule,2,,2024-11-21 07:42:00+02:00,2024-11-21 13:49:00+02:00,2024-11-21 07:42:00+02:00,2024-11-21 13:49:00+02:00,2024-11-21 05:42:00+00:00,2024-11-21 11:49:00+00:00,2024-11-21 05:42:00+00:00,2024-11-21 11:49:00+00:00,Europe/Kyiv,operator_final_update,high,07:42 取消 GAV/SGAV 后，Sumyoblenergo 明确把 GPV 调整为 2 队列；这比当前全国表的 07:00–11:00 1 队列更强。,same_day_update,,R20241121_NAT_001,1,1,0,0,1,1,official_dso,https://t.me/s/SumyEnergo?before=1505,Body explicitly states GAV/SGAV cancellation at 07:42 and GPV=2 queues.,attack_alert|regional_dispatch_override,Sumy Oblast,KE20241121_MULTI_REGION_EMERGENCY_REENTRY,XE20241121_SUMY_GAV_SGAV_CANCEL_0742,MR20260904_STATE_MACHINE_REENTRY,07:42 取消 GAV/SGAV 后，Sumyoblenergo 明确把 GPV 调整为 2 队列；这比当前全国表的 07:00–11:00 1 队列更强。【置信度：high】,updated,oblast,GPV,primary,5,deprecated_confirmed_dispatch_window_not_physical_switch,planned_or_final_dispatch,v3.0
R20241121_SUMY_GPV_1349,2024-11-21,Sumy Oblast,,Sumyoblenergo,regional,household_general,hourly_schedule,3,,2024-11-21 13:49:00+02:00,2024-11-21 19:00:00+02:00,2024-11-21 13:49:00+02:00,2024-11-21 19:00:00+02:00,2024-11-21 11:49:00+00:00,2024-11-21 17:00:00+00:00,2024-11-21 11:49:00+00:00,2024-11-21 17:00:00+00:00,Europe/Kyiv,operator_final_update,high,13:49 Sumyoblenergo 再增加 1 个 GPV 队列，使总强度达到 3 队列；全国表同期只有 2 队列，区域暴露剂量不能直接套全国值。,same_day_update,,R20241121_NAT_002,0,1,0,0,1,1,official_dso,https://t.me/s/SumyEnergo?before=1505,"Body explicitly states +1 queue from 13:49, total GPV=3.",regional_dispatch_override,Sumy Oblast,KE20241121_MULTI_REGION_EMERGENCY_REENTRY,,MR20260904_STATE_MACHINE_REENTRY,13:49 Sumyoblenergo 再增加 1 个 GPV 队列，使总强度达到 3 队列；全国表同期只有 2 队列，区域暴露剂量不能直接套全国值。【置信度：high】,updated,oblast,GPV,primary,5,deprecated_confirmed_dispatch_window_not_physical_switch,planned_or_final_dispatch,v3.0
R20241121_SUMY_GPV_1900,2024-11-21,Sumy Oblast,,Sumyoblenergo,regional,household_general,hourly_schedule,2,,2024-11-21 19:00:00+02:00,2024-11-21 22:00:00+02:00,2024-11-21 19:00:00+02:00,2024-11-21 22:00:00+02:00,2024-11-21 17:00:00+00:00,2024-11-21 20:00:00+00:00,2024-11-21 17:00:00+00:00,2024-11-21 20:00:00+00:00,Europe/Kyiv,operator_final_update,high,19:00–22:00 Sumyoblenergo 明确为 2 队列，而全国表是 1 队列；这进一步证明 Admin1 级实际调度强度需要区域覆盖。,same_day_update,,R20241121_NAT_003,0,1,0,0,1,1,official_dso,https://t.me/s/SumyEnergo?before=1505,Official DSO body states 19:00–22:00 GPV=2 queues.,regional_dispatch_override,Sumy Oblast,KE20241121_MULTI_REGION_EMERGENCY_REENTRY,,MR20260904_STATE_MACHINE_REENTRY,19:00–22:00 Sumyoblenergo 明确为 2 队列，而全国表是 1 队列；这进一步证明 Admin1 级实际调度强度需要区域覆盖。【置信度：high】,updated,oblast,GPV,primary,5,deprecated_confirmed_dispatch_window_not_physical_switch,planned_or_final_dispatch,v3.0
